Player,Total Distance (mi) Per 36 Minutes,Total Load Accelerating Per 36 Minutes,% Time Slow,% Time Fast,SSI Player ID
Josh Cohen,3.637,5076.703,62.07,12.30,e74d5547-334a-49c7-b5e5-a33913f3596c
Gabe Madsen,3.629,4772.271,60.77,9.74,7e84815b-7663-437b-8751-28d60ef2c65b
Parker Van Dyke,3.588,4945.083,58.39,11.73,b25395ca-26fc-4977-bf67-3b99e73e1048
Josiah Allick,3.569,4957.933,64.07,11.37,46de8a99-497a-49cd-a9ec-347e787439e3
Steven Ashworth,3.537,5013.854,61.91,8.37,63e0883f-eae7-4a6c-ad8f-c7670247241e
Esteban Ezequiel Roacho Amador,3.536,5040.457,63.89,9.17,2d23e4fc-8b5f-4131-af0f-83b0ae3a2c69
Dwight Murray, Jr.,3.532,5071.275,61.74,8.75,7880b823-77c5-4925-a287-1af2424a923b
Myron Gardner,3.519,4926.182,62.88,8.22,8de6d5bf-730c-4c48-8f00-7f9da72e979e
Kasparas Jakucionis,3.514,5113.286,63.85,8.03,f4881a74-343b-4005-b701-3f53c512aba6
Onno Steger,3.511,5179.353,61.85,10.71,f033b782-7e16-4a10-b000-aff290ea4400
Fousseyni Drame,3.502,5038.998,63.18,10.42,0870aa3a-22ad-4cf6-8f45-cbe6ca3f7e75
Dawson Garcia,3.501,4885.283,62.39,9.82,4aa2ea37-df6a-43f3-9838-5bb4d2e13186
Bryce Wills,3.501,4323.044,63.33,7.17,1743e5fa-bc43-42e4-92c1-fa57e57d6312
Rayan Rupert,3.487,5047.237,62.99,8.08,f99ade9a-ec49-4d41-b7f8-7e1b16c9ed79
Bez Mbeng,3.479,5063.973,62.95,8.90,117522bd-3f51-4ef9-99ae-8cf060df132b
Ethan Thompson,3.478,4725.395,63.16,7.94,e303b1cc-a268-4f85-8063-e447c757ede6
Kameron Warrens,3.473,4918.895,62.49,10.22,14a1175f-1e82-4a12-9edf-f9445dc58270
M.J. Iraldi,3.462,5017.817,63.33,9.59,bc70e8c9-c8ff-44fc-b539-10f863d5efec
Cam Carter,3.457,4967.207,64.03,7.95,a183c842-9603-4691-9abd-612235152ad2
Martez Brown,3.451,4699.866,64.39,10.66,15a40435-a0cb-41f5-8680-120339364fa1
Ray Williams, Jr.,3.449,5249.218,62.92,10.81,5b0bdabe-6c41-4fef-bcc7-518987c7451a
Jacob Toppin,3.444,4763.000,63.53,9.31,9e0abf37-2963-4f62-b8f7-104fefa58273
Jared McCain,3.442,4741.224,62.93,7.79,eb79ea6c-b337-448d-ac33-7e92219822ef
Elijah Pemberton,3.436,5426.937,64.77,9.81,0fd95fbb-b175-40e4-a6c7-4864b5678d6f
Isaiah Moore,3.436,4713.034,63.18,8.58,ffd1ae3a-bd10-436e-a214-71a0761663e4
Olivier-Maxence Prosper,3.435,4957.907,67.19,9.03,28df8a9e-306a-47ee-bb0e-55b9ea87d542
Deivon Smith,3.435,4927.117,64.51,8.52,9ffb6f28-8fa0-4650-bd30-47f8aa7235a2
Jordan Forbes,3.432,5202.756,64.60,9.51,d03f53e6-1f95-47b7-a843-dab2a10456f0
Caleb Stone-Carrawell,3.431,4974.561,62.90,10.94,c0ac23b6-44cc-4fe7-8a81-560c7fc1003d
Nate Santos,3.431,4918.117,64.99,9.95,5d98e4d9-9d4c-416e-896e-662ef6de036b
Dane Goodwin,3.430,4677.216,63.65,9.35,83cf7787-d441-4c3a-b5de-a2b2a623350b
Pedro Bradshaw,3.429,4872.494,63.52,9.99,881e8c41-f4cb-44fa-9caa-782d1e294daf
Jamiya Neal,3.428,5128.162,61.40,9.05,bd101cdc-8e04-424a-8c61-034c93ff6be7
Vance Jackson,3.426,4780.993,64.02,9.38,2a70adf2-b7a5-4028-b567-a3b18585a709
Mason Madsen,3.422,5057.043,65.14,8.81,d745163f-0ba1-4894-9467-cb7553e99081
Matthew Moncrieffe,3.421,4917.201,63.98,8.40,3d0d89b4-df1e-43a9-9870-4329d5e8161c
A.J. Lawson,3.420,4746.349,63.41,8.37,ed39e2d6-ce65-43e5-9ea9-d579d0526a1f
Michael Caicedo,3.420,4919.780,64.63,9.86,315d7d14-0a97-43d5-bbf8-4b59a0938e21
Colby Jones,3.415,4829.222,65.08,7.86,80ea0675-30db-4ebf-b37f-eb50552e8d0e
Julian Phillips,3.411,4593.637,63.07,8.90,76ada8a1-6ec8-4915-b57e-fa234b1f2788
Leonard Miller,3.410,4859.562,64.88,7.79,0eaefaeb-b40c-4fc7-9086-902dc1ab2254
Nick Jourdain,3.407,4572.937,64.05,8.91,1faa4121-7c60-4b48-91c7-217d64555324
Marcus Bagley,3.402,4660.906,64.35,10.51,a39bf7f9-11fd-434e-9673-4a184061ad7d
Nolan Traore,3.401,4950.039,64.07,8.38,4b2dd1ee-169e-4af4-9877-1e600ccc1ac5
Gabe McGlothan,3.399,4970.181,65.59,8.66,32f54c28-47c6-4d3c-8364-c3956aef7190
Quincy Olivari,3.399,5189.538,64.07,9.34,cbbbce73-763b-4e1d-820b-1b8f62857eaa
Chandler Baker,3.387,4690.425,63.91,9.52,db071247-1883-4852-b647-0b794ee7cdee
Noa Essengue,3.386,4895.401,63.86,8.77,fe09888e-ef47-4152-a457-e6f4e04aee54
Justin Minaya,3.384,4564.478,63.62,7.76,8a534421-7dd1-49c4-a304-7b5a2341f904
Chris Livingston,3.383,4419.518,64.40,8.86,f79d533e-f423-4752-a088-6d507d795bdb
William Hickey,3.382,5052.256,64.94,7.56,5673cf85-4703-43f8-b541-dd3923d4c42b
Romeo Weems,3.381,4670.188,65.13,9.21,9920a386-699e-42ad-90ac-8fb89d78d1f9
Tyson Degenhart,3.372,4672.006,64.33,8.96,7ce310e3-5034-435f-85fd-9db70356ed75
MJ Walker,3.371,4511.134,64.69,8.44,2733a0f6-5816-47e9-9972-a4f253f15038
Mitchell Mascari,3.371,4849.681,63.63,8.43,fdc935b9-0c73-4ca7-ba6b-f3b5aa1f2205
Jayson Kent,3.370,4837.356,64.38,9.55,dc854637-bbf4-4710-94b5-8c953db3ce27
Lachlan Olbrich,3.370,4848.715,66.00,7.27,684950fe-3bcb-47f2-8bfa-a9941e216b28
Garrett Denbow,3.370,4895.276,65.40,10.28,13631116-cd60-4bc0-9a41-6fed5d44b41c
Nathan Missia-Dio,3.365,4744.335,66.19,8.93,ef69e667-2cb2-4590-bb9e-561480e2abeb
Keylan Boone,3.365,4541.419,66.18,7.01,57039dfd-7492-49c5-b3c3-30c8422fda2d
Au'Diese Toney,3.365,4466.633,65.55,7.49,a127ee52-bbec-46b6-990c-93a2c3d57b87
Jackson Rowe,3.364,4673.545,64.46,8.87,87777cd1-2099-4edd-8256-f29343fa0fd4
Taelon Peter,3.361,4858.176,64.57,9.40,c870f7e6-686b-40b6-859c-ced3b397cbd8
Tyler Burton,3.361,4797.896,64.60,7.53,382afece-e02d-4ce2-92ac-92b1d2333d2c
Keshon Gilbert,3.360,4759.126,63.74,7.10,10762d58-0a4c-416e-8e01-0af744c29286
Matt Becht,3.360,4840.381,65.68,7.70,37e8858f-5f40-4a44-8f60-2f6e2316aae8
Joan Beringer,3.357,5125.514,66.87,8.92,325d465a-ead8-4773-875c-a3fd83d18f23
Caleb Grill,3.357,4750.433,64.36,8.18,bbae8544-616e-4d08-9a98-a20e5d47e694
Steve Settle III,3.357,4948.710,63.85,11.54,f52af8fd-29ee-4aa7-9c70-e211a5d73a12
Justin Harmon,3.353,4700.775,64.48,9.60,4c8abee4-0270-4d98-b4ab-cff9969857fc
Omar El-Sheikh,3.353,4740.944,66.20,7.61,bdfadf82-2b4c-44e8-ae46-a6e3c9957744
Evan Gilyard,3.352,5017.789,64.98,7.85,0f656aa8-c62c-4fad-ad9f-3442cdc15e50
Cameron Tyson,3.350,4871.365,63.59,8.62,18ede5d3-f2de-4f9f-a9c3-ffe37ac43566
Micah Parrish,3.349,4829.419,65.42,9.72,a233b4d2-746c-48be-9d0d-ce655385c605
Caleb McConnell,3.349,4723.256,65.11,5.99,9ea29be6-8741-4b28-9a3f-b73d1919c900
Tyson Etienne,3.348,4742.180,65.18,7.56,316deed2-3f6a-4c1c-9508-2dd0c937cd4c
Malachi Smith,3.348,4785.915,64.67,7.32,cf11631f-67ad-4f08-9466-e66859baa68e
Josue Erazo,3.344,4591.142,65.41,8.48,68813475-aec9-4124-948e-507895e853c7
Kam Jones,3.343,4731.463,65.22,6.63,93ff04cb-5390-4709-a521-c7ce58713f31
Caleb Houstan,3.341,4585.571,64.62,9.78,0ac0ed6b-ebe7-4dcb-b924-c14e31262efc
Hayden Gray,3.341,5111.809,63.84,8.67,e901ec95-f7cf-40c9-af32-8dabb981b3cd
Kyle Guy,3.340,4640.626,65.38,6.82,9eed3d99-6049-4cd0-96bb-4fabb8ad8ddd
John Ukomadu,3.334,4837.620,64.37,8.75,b4f22d30-f720-4880-9fc3-a7a1f5679086
Johnny O'Neil,3.334,4817.105,64.77,7.86,266b9ca1-6596-4d2a-947a-0f602c0af725
Jaden Seymour,3.332,5004.218,65.25,11.92,667eabca-780b-45aa-8d74-a3418e732e81
Michael O'Connell,3.332,4842.263,64.79,9.03,e4133038-cf2f-4227-a6d5-566eb968a245
Daeqwon Plowden,3.332,4755.559,64.21,7.14,daca4b6a-526f-49e8-a02e-ba59acb77846
Dajuan Harris,3.326,4610.953,66.06,6.95,51b4a0a5-880c-48d7-a342-2b25ec6cc206
Trentyn Flowers,3.326,4655.647,65.30,8.05,c917a1b8-8537-4dbe-91bb-c8e376d71ee4
Chris Youngblood,3.325,4588.686,65.44,5.96,35206de4-a3c1-415a-b596-126c0ab7b44a
Ryan Woolridge,3.323,4714.447,66.38,7.07,a4f5f591-7988-4761-b96d-5efb627bd420
Ethan Taylor,3.323,4777.452,64.39,7.83,b4569bbc-b31d-4504-a59a-fe40691d1d00
Igor Milicic, Jr.,3.323,4819.337,65.02,9.22,96e51137-1852-4b4b-8809-7d07d81b22a8
Sy Chatman,3.322,4616.284,66.66,7.59,ea9cdbe0-fa96-437f-99d0-f1c67185f3e7
Geronimo Rubio De La Rosa,3.322,4922.075,66.05,8.12,5bc79052-06fe-4165-bc0d-7121fc331302
Cody Williams,3.320,4683.600,67.25,7.16,8b49e58d-df58-4e21-b984-2bda3ce246e6
Jean-Jacques Boissy,3.318,5082.441,65.80,7.58,3cd15c37-c35d-4061-82f8-728bfefd34c9
Tyler Smith,3.318,4556.035,67.10,8.84,b701694c-6da2-49de-b9a7-ae092466ce67
Cam Young,3.316,4566.159,64.96,8.28,f61521e8-e7f3-4526-a0fa-efedc3c820ca
Dink Pate,3.316,4667.821,65.10,6.90,dc8f2d40-88ec-44ef-b6ef-09404a5d49cd
John Tonje,3.316,4607.929,64.93,8.44,5bfe6dcb-3da9-45f9-95c0-ed690168c7ba
Jace Carter,3.314,4674.339,66.35,7.32,d6029d99-f377-4558-8061-e383e37d162d
Jahmai Mashack,3.313,4786.499,66.63,6.31,f851dd8e-83fb-42a9-8b76-cc5afe5350fa
Eli John Ndiaye,3.310,4819.297,64.60,8.85,541d7cbf-04ae-40eb-9401-fc9f1fffdcf2
Dalen Terry,3.309,4568.425,65.93,6.82,8fc64d15-1d47-47e1-bb04-d03f75dccc5a
Tyreke Key,3.309,4866.204,65.94,9.04,a9ab59d3-2f04-49b0-b4fd-a265d98af568
Alex Schumacher,3.308,4931.317,65.69,6.94,74b58589-0ca1-4a71-ac83-93c57a2e8b83
Marquis Barnett,3.307,4795.285,63.94,7.12,7edec21a-68b6-453a-b51f-2e3827a52d7d
Tyler Kolek,3.307,4339.297,65.86,5.64,40faa5df-7ced-449d-bd12-300a2938370a
GG Jackson,3.306,4765.108,66.91,7.22,de22ebf7-4f76-48b4-805b-b5f87858922f
Taylor Funk,3.304,4747.135,65.04,9.04,951413b1-0a17-4edf-841a-5ca7b9a2c275
RayJ Dennis,3.301,4479.510,65.66,6.39,5c2a5944-cadb-4619-8b0d-04338c63a470
Trevon Duval,3.300,4623.848,64.53,5.83,94ca1f88-1f26-4d28-aeba-c686a5dde5e2
Tidjane Salaun,3.299,4810.556,65.82,9.17,abc5b21b-f2eb-40cb-a9e6-6eb5abeafe60
Cameron Parker,3.298,4532.171,65.25,6.68,15e3cffa-aed2-4d74-a8e0-ec06dfea63c6
Stephen Thompson,3.298,4622.949,65.09,7.91,41e105ed-f146-4aef-a65b-262abde1841e
Jaden Shackelford,3.297,4634.282,65.72,6.77,dfffb2fc-160c-41a4-9a75-af0a21d2ba76
Nique Clifford,3.296,4870.693,66.20,7.62,329049aa-89c8-439b-a0c3-dc93d3609931
Malevy Leons,3.295,4674.620,65.18,8.50,a6b91d1a-7a93-4bda-8562-d762d1f5ad47
Justin Jackson,3.295,4222.939,65.56,7.01,0867f70d-4848-4664-82fb-db397233e78f
Antoine Davis,3.293,4670.820,65.96,5.94,cc05d44b-5260-48a3-b9b6-61ce282a67c0
Hank Morgan,3.293,4731.998,65.80,8.73,29d938d7-ce0a-4aba-9b2e-b17b2e8d8ee5
Stephen Mitchell,3.292,4734.441,65.83,6.81,1d1c157c-d6cd-492c-8ac1-aca3b6d6c04f
Jeremiah Robinson-Earl,3.292,4689.396,66.00,9.14,1a9ac6bd-8b02-4fe8-8096-c435a2a90100
Markelle Fultz,3.292,4684.882,65.46,7.45,1114f266-df53-4313-b425-0021dd87864b
Enrique Freeman,3.291,4773.014,65.69,8.42,f838df3f-72c5-4cf1-a555-7182e3dccd13
Aaron Scott,3.291,4814.483,65.64,9.65,800b6f8d-e4b2-40c8-9891-40fa3f84efc3
Will Riley,3.290,4937.343,65.26,7.82,3fb6c927-c443-46a9-aecb-1105dfb05233
Rasheer Fleming,3.289,4906.311,66.17,8.37,4639f41a-c88b-4cf0-91c2-c36d9d4c1e5c
Kobe Johnson,3.288,4608.909,66.27,8.64,9f123592-d747-4a41-b903-ad6bcb6ac751
Ruben Nembhard Jr.,3.287,4634.014,67.00,7.26,27574eb5-d76b-4147-882e-38f3edc014b3
Javante McCoy,3.287,4628.888,65.69,6.22,fac10e71-d936-4a9b-b017-2e3b743f9833
Nate Hinton,3.286,4517.190,67.12,6.93,2827a99a-9a36-4b8d-8ca8-e77e9771b69c
Adama Bal,3.283,4807.763,64.86,8.17,3559f9a3-9132-409e-a701-a4c5757cb325
Jack Clark,3.283,4423.103,65.86,8.74,baad4031-1f9b-4e88-9ac6-9c40ed79d7f3
Chance McMillian,3.282,4752.336,65.59,6.31,d40fdb50-4ea9-488f-85e3-aa57164f9d0a
Asa Newell,3.282,4703.426,65.74,8.68,eb38ea24-c68c-4f72-9a55-2e397b4f0124
DaJuan Gordon,3.281,4622.203,65.33,7.58,b7cd24eb-bd7e-4dcc-99a2-7236606d1541
Aminu Mohammed,3.281,4664.523,66.17,7.87,6abaacf2-5a3c-4c72-b19c-2a645dd84022
Zyon Pullin,3.280,4785.784,67.24,7.82,21f03dac-c84d-48c5-80ce-a54781f63914
Javonte Cooke,3.280,4695.040,65.73,7.00,0c8af3e4-85bf-4c62-921b-d5cc21594198
Nana Appiah,3.280,4957.946,65.82,7.76,7ad88c05-18d7-492e-9c41-30b2f77e3266
Chaney Johnson,3.279,4873.615,66.26,8.87,4007e9ee-5f46-4b39-9d77-0001aa54f1f4
Wooga Poplar,3.279,4689.601,66.54,7.44,b3aaee9c-4272-479b-9fdc-7b99458903ea
Kellen Tynes,3.279,5152.964,66.77,6.91,83a05254-611e-4587-a927-613bde48b6ba
Riley Grigsby,3.278,4480.149,66.14,7.78,5b7fafbf-2163-4b93-a29d-fc83e9946914
Andrew Carr,3.276,4825.225,66.47,8.96,d2f39898-17d1-4d74-bfca-1719672b051a
Toby Okani,3.275,4730.022,65.19,8.47,a6c4645d-9238-44cf-92aa-fd318ebb8ebf
Teddy Allen,3.274,4364.819,66.51,6.14,03318058-7f1e-4d54-a8b4-cbaf7e836a78
Brooks Barnhizer,3.274,4385.342,66.31,6.89,6b9ff8ac-a24a-46b2-8a4a-4f4015c6b353
Kaleb Johnson,3.272,4220.352,66.37,8.26,51e2e08f-d07e-4dbd-a05f-bba8e5c69f96
Trae Hannibal,3.270,4651.184,65.29,7.85,636fef85-a117-4abd-96b9-a45df0f16b53
Kyle Mangas,3.270,4796.306,66.16,7.55,509e10a3-69e7-41cc-a0b5-44de8eb4659f
Cameron Hildreth,3.269,4533.309,64.87,7.62,2c4cbc5a-83fe-4562-afdd-859499b77aa5
Johnell Davis,3.268,4663.778,66.09,7.58,7ddd09bd-a98c-468f-ac39-239c33fe8d79
Sean Pedulla,3.267,4708.023,66.97,7.15,6068f2de-9744-432d-b3f4-f73da0894927
Kessler Edwards,3.267,4674.576,64.83,7.59,0dbaa8bb-491d-40b7-ad09-f4605dda699c
Leaky Black,3.265,4608.198,65.90,8.42,baf1b89d-5bf9-44d8-ae08-43b643b89914
Payton Sandfort,3.265,4614.577,66.32,9.28,54f7a3fd-6e94-4630-9ca3-e05af980008d
Charlie Brown Jr.,3.264,4749.134,66.75,8.24,dfa6209b-514d-438b-9c4c-bd6f1ff85613
Paul Zilinskas,3.264,4616.637,65.78,7.43,fb3799f7-55e6-46cd-8dba-16e86ee83d37
Bobi Klintman,3.263,4779.662,65.87,8.42,61c18542-cf37-49c7-b486-337bb809d326
DeJon Jarreau,3.262,4665.544,67.20,6.17,3cd02b89-3d2f-46ff-b392-29215f6825b4
Luke Goode,3.262,4486.932,65.55,6.98,4144db18-4210-42b8-af58-fd1dd83e87c6
Desmond Cambridge,3.262,4893.014,66.12,7.75,5f4ae0bb-b9a5-4c83-8441-1e627500c265
Isaiah Hawthorne,3.261,4522.607,66.44,7.82,e186218b-ea58-4542-af85-ac121949c255
Matt Cross,3.260,4396.283,64.37,7.99,8b71b1ce-93f8-4cf0-9099-64c91af44202
AJ Johnson,3.260,4935.948,66.19,7.40,2b0ac9c2-0fa5-4ee6-9881-03b737e11dc3
Jacksen Moni,3.259,4429.141,67.36,8.24,b16076ab-b7f1-4f61-b1ce-87471a1be027
Quenton Jackson,3.259,4832.406,66.74,7.45,2916816a-1e08-43ef-953d-a81bfe3503ee
Riley Minix,3.258,4636.145,66.60,7.88,d4332b50-b7fb-4429-9525-e10587f584d9
Nathan Mariano,3.257,4784.317,66.94,9.05,6e090c81-2a42-43d1-9e4e-bd5a04f09b10
KJ Jones II,3.257,4595.310,64.99,8.36,b34e01c3-fde9-402e-a381-1abc45ea21fb
Johnny Davis,3.256,4683.679,66.21,9.00,bd507dbb-cb87-4e45-ad2e-1990df07ac20
Ja'Vier Francis,3.255,4876.381,66.71,8.72,426de6ba-834c-455a-8c94-9656ad089275
Miller Kopp,3.255,4704.182,66.31,7.50,817c559a-6812-42ce-8373-1e8132f3b917
Justyn Hamilton,3.254,4563.758,67.21,6.78,7be325aa-4951-4bc9-948d-d4177d4cbb1c
Wendell Moore Jr.,3.253,4606.403,66.08,7.57,96f746dd-7dfb-4ea4-a98c-39ed5d2a0fd5
Philip Alston,3.252,4694.914,67.19,10.31,f05622f9-9133-4b26-8fce-07c056dbcf6c
Brice Williams,3.251,4322.606,67.19,6.57,bc4eee96-6dec-4e4c-ac60-d467785926cb
Ray Spalding,3.251,4271.693,67.73,6.37,ef25a4fc-8a16-4dd9-a1fa-e236cd842a32
Liam McNeeley,3.250,4481.738,65.57,7.74,ba22d012-f7ce-4a1a-873e-d6c3ccf7ae5a
Sheldon Edwards,3.250,4733.028,66.52,6.75,8d385c74-6c2b-4704-ad41-8e5519b11012
Brian Taylor,3.250,4563.450,66.21,7.88,ef62751a-0816-46fa-9160-054ef9ec64e4
Matthew Murrell,3.250,4589.224,66.79,8.19,42aff9d8-9839-4949-ac9d-97663c8eae23
Mouhamadou Gueye,3.250,4185.416,65.06,5.84,cc3ddd0b-2be3-4043-a3e9-7ae15f6e1ab0
Chris Manon,3.249,4659.696,66.23,7.77,5dde0a80-753d-41a6-9ffa-6193317a3a17
Isaih Moore,3.249,4798.055,67.65,7.84,ea2cbcac-0b28-454f-a3f7-a30bb1d6fbb1
Charles Bediako,3.249,4670.023,68.24,7.04,40e03646-000c-4ccf-a366-50f9477583e5
Pacome Dadiet,3.248,4469.391,67.19,6.58,810fd8fe-5999-4962-9441-004f4a25fea2
CJ Fulton,3.247,4892.032,67.36,7.80,e2d1008a-5cc8-4a4d-9f54-0bacfbd083be
Tolu Smith,3.247,4762.333,67.64,7.20,dea8af5c-b86c-4445-b191-20c7806e6a4e
Davonte Gaines,3.245,4408.272,64.53,7.62,6e74a308-26d0-4ebb-b5f2-5a0dbe334f86
Osayi Osifo,3.243,4845.921,68.18,7.90,c1f25993-dd81-43fd-a710-d7b67b6bd974
Lacey James,3.243,4682.802,67.27,8.21,04c6579b-6a42-4b88-944b-6cc896241e84
Jahlil White,3.242,4606.684,66.60,9.54,e21b31ea-a8e5-41ad-89b1-72a56bdf59e1
D'Andre Davis,3.242,4703.890,66.18,8.66,93c1ccb9-a43d-42a7-a037-b8d2057acc02
Max Abmas,3.241,4479.309,66.91,5.95,23961594-cb8d-4560-b709-2ace5a6b16a4
Max Klesmit,3.241,4677.584,65.21,9.27,ce1fc58a-6a2f-40f5-a83b-c0acdcdf2e01
Jermaine Couisnard,3.240,4315.127,67.15,7.62,395250e2-3fc7-41ec-b3e5-be2b920a6458
Jazian Gortman,3.240,4966.259,66.91,6.05,dd6ea48a-5adc-4411-bead-f2cf2861a9ce
Malaki Branham,3.238,4602.637,66.45,7.10,13030bd6-e3d6-4e2a-9685-88300bc4ec5f
Ben Coupet Jr.,3.237,4621.336,66.48,8.22,8c1d8070-eb6a-44ee-bc37-0a07ad5267fb
Javan Johnson,3.237,4478.447,66.47,8.13,5bf3dc6a-f0bf-4146-9233-0714a95538e5
Devon Higgs,3.236,4582.481,66.64,8.69,72b7a0bc-f1b6-4996-89e8-8c6535bd71c0
Terrence Hargrove Jr.,3.236,4499.285,65.83,9.46,06c40ea5-9150-470e-8f6a-7cde4a102ef6
Mohamed Diawara,3.236,4493.298,66.13,6.86,cb172f69-5e77-4552-a43b-b2993cb7f689
Marcus Burk,3.235,4659.758,66.27,9.71,017ced69-5d96-4160-b064-3a051a5c9efe
Kevin McCullar Jr.,3.234,4615.227,67.48,6.44,1ebb0958-b242-4b10-a0cb-cc3182f35814
Nate Williams,3.233,4719.513,65.88,10.02,3ab12c09-2aae-4bc0-a45e-0132e6751116
Cameron McGriff,3.232,4478.485,67.18,7.27,55ec130c-b918-4d9b-9fe5-9b79a5f370f2
Cameron Brown,3.232,4764.710,66.00,8.34,c2df5312-12de-4f83-9d1a-3f3c2ab6148f
Alex Toohey,3.231,4811.242,66.28,7.20,ac601971-3fa2-4aff-940d-0f5fa3745d0c
Christian Koloko,3.228,4760.905,68.70,7.79,efbab460-ac97-49e1-aa9f-6e7da27ab2df
Trey McGowens,3.227,4758.288,67.11,7.35,a17cb8d2-4fe7-49a1-b4b9-e56f6316d694
John Poulakidas,3.226,4354.027,64.76,7.94,12bf97f3-6476-4443-af11-5228771faf66
Jameer Nelson Jr.,3.225,4562.155,67.53,5.73,55218f5a-96d0-455d-953e-1af096389bc1
Hunter Cattoor,3.224,4594.019,65.80,7.81,3b01bc5d-08ef-4a1a-afff-52c5c9f81849
Alex Fudge,3.223,4620.145,66.45,8.00,1f5a0d41-0c51-4353-9d7a-503196852e33
Tristan Enaruna,3.223,4556.043,66.64,6.68,998f2322-7dab-4353-99d7-b23e57eeb3ed
Basheer Jihad,3.221,4752.701,67.78,8.39,bd9b1fa0-957f-4365-8af3-a545d525965b
Feron Hunt,3.221,4392.540,67.77,6.31,5210db69-14a3-4c9b-ad2a-62c349f4ac65
Kobe Stewart,3.220,4654.359,65.58,8.35,9c8748fc-6d1c-4911-99a0-94e1cf486b48
Blake Hinson,3.219,4352.833,66.26,6.47,64b12646-2555-4dd0-98eb-cb169b3ee58a
Danny Wolf,3.219,4468.037,68.23,7.53,0b1b2334-050a-4f4e-bae7-3865147c950f
Cameron Matthews,3.219,4434.102,66.78,6.50,2b3321e5-dc2b-4c37-9ee5-36336690c3ec
O'Mar Stanley,3.218,4675.570,67.71,7.77,c35585ea-5c0e-4c72-bd00-07eceb71ee47
Tyler Polley,3.218,4445.476,66.89,9.25,e48e99e8-0b78-493c-9d6f-15b65e7869c6
Zach Freemantle,3.218,4611.627,67.18,6.89,aaa72835-bf87-4903-8432-953c82e91876
Lester Quinones,3.218,4338.917,67.94,5.58,e4c6a53d-37a8-4278-9230-5a9d9ccc6d02
Jonas Aidoo,3.218,4666.554,69.20,8.98,18e9a256-6619-4a10-a5dd-2c89bb7cfb0a
Cody Martin,3.216,4463.373,67.92,6.52,0000b397-3cf4-4dd4-a910-000000000131
Micah Potter,3.215,4616.828,67.44,7.99,1e89c60d-b20e-4499-aba4-b13dba295a52
Obadiah Noel,3.215,4756.460,66.83,7.24,ae301693-1228-4496-9f09-3dede6e84191
Jaire Grayer,3.214,4521.541,66.67,9.61,c641880b-c90c-465e-8564-f6a741fae84b
Jack Gohlke,3.210,4490.987,66.80,7.21,20e6b7dc-2172-4ce5-a2c7-f61c3c89d703
LJ Figueroa,3.210,4368.288,68.22,6.19,629382e8-fcc6-4974-b0a3-99fd67940f2d
DJ Rodman,3.210,4507.290,67.13,7.62,18ec54f9-3c06-457d-a0c8-04f2aa513754
Tevian Jones,3.208,4851.422,66.52,8.97,1d44afa0-7106-441c-b8ed-cc5e216e866b
Terrence Shannon Jr.,3.208,4339.238,67.92,6.68,94d35dd4-a4fe-47ae-a856-cd0d5b1193a9
Chris Mantis,3.207,4466.895,66.59,8.07,d2d320cb-de1d-4f2f-b238-9697f02b41ff
Jalen Bridges,3.205,4554.663,65.60,7.44,1c7e1fdd-3a9d-4509-b079-a329c993e9d4
Anthony Pritchard,3.203,4586.767,68.11,5.90,58d7789a-e4bc-46cd-91d5-01526491d417
Tylor Perry,3.203,4687.031,67.37,5.56,0b9ca9bc-f567-4768-9cc5-5e42d6fc8dce
Efe Abogidi,3.203,4414.958,67.80,5.82,2a962d8e-05d1-4d9c-ae45-e128f2ae9c81
Antonio Reeves,3.202,4581.528,66.85,7.56,19004e0e-7982-4513-bdba-24e11e49d49d
Zhaire Smith,3.202,4529.345,66.62,6.72,bf29165e-4d8e-4760-a070-5502dd6c2176
Trayce Jackson-Davis,3.201,4551.348,68.65,6.43,1991b894-8a5e-4744-a72d-9bd7cb7663c3
Liam Robbins,3.200,4432.407,69.14,5.82,831eb28e-7713-4fbe-bf6b-dd0e1e20b1f5
Tamar Bates,3.200,4479.557,66.84,6.90,4e132a3e-20b7-4058-9b69-c71ed0bfd654
Drake Powell,3.199,4669.213,66.17,9.30,ed72fbc9-1066-46d8-872e-9a437c4e536e
Derrin Boyd,3.198,4409.168,67.06,8.50,6dfc6fb5-d921-403b-b590-c1c4c3e900a9
Jaden Akins,3.198,4634.002,67.84,6.05,e6acbf72-2032-4b3f-9672-62f8052c1873
Ray Harrison,3.197,4779.998,66.45,7.30,57be9a58-9fec-4727-b978-d75c7e33e914
Franco Miller, Jr.,3.196,4538.462,66.48,6.41,d681a7cd-c0ad-4497-975c-f750b762a74e
Ileri Ayo-Faleye,3.196,4790.895,66.53,8.89,8419ad0c-1d1b-41ad-a04b-4d8bd3aff0a0
Ebenezer Dowuona,3.196,4655.191,69.30,8.35,d435507a-b78e-4251-8feb-ad8c5d01dcb1
Josh Christopher,3.194,4414.184,67.34,6.61,207daaca-464a-4e71-8c77-cae31615c0e3
Eric Ayala,3.194,4315.193,66.71,8.07,0ed3aa02-c44c-4b25-a16c-d448d88b92ea
Lucas Williamson,3.194,4604.249,66.44,7.88,f0ae386a-6794-4f37-b447-84822aa60c4b
Sean McNeil,3.194,4608.787,66.99,7.59,4f71e857-f644-4dfc-9ae8-65416c90df71
Cam Christie,3.194,4768.338,66.11,9.13,8a68ba44-d87b-41c9-94f3-c94e88cb37a0
Dain Dainja,3.193,4271.480,69.03,6.83,3d560bd7-c964-492e-97b7-12c4feda4079
Pierre Crockrell II,3.193,4621.904,67.23,6.84,1a254905-e1db-43b8-9f5c-b1bf4e663150
Jaxson Robinson,3.193,4444.933,67.14,7.31,e7e970a3-7025-4ccc-b0f7-271f94238ee5
William Baker,3.192,4390.058,67.45,6.47,dc9d21e3-68f0-4270-a358-8e68da5bbafc
Cheikh Mbacke Diong,3.190,4525.022,69.24,6.87,7efefdc5-c8ee-4221-ac12-a35549517aa2
Lahat Thioune,3.190,4425.220,68.38,7.82,81875c9a-a727-4662-bd59-5ce020b80d6a
Terry Roberts,3.190,4752.521,66.57,5.67,6b0963ac-b00e-46cd-94e8-e60dc3238718
Donovan Williams,3.190,4441.134,67.51,7.65,12136b74-23d8-49b4-b4de-98a320969c76
Craig Randall II,3.189,4709.479,67.39,7.12,57c94d1b-101e-4b0a-afc5-d9716233e92d
Christian Shumate,3.188,4247.219,66.41,6.78,40ebb929-1947-4008-9cdc-046aa3a4bd87
Alijah Martin,3.187,4721.295,67.89,6.70,c1035422-a088-42e6-8ad3-db400bb52aa1
Jamir Watkins,3.187,4525.318,67.60,7.50,84ba6ce6-9c37-4225-8f84-14a5cbacea65
Matthew Cleveland,3.186,4371.498,67.35,8.38,45913c55-0376-4b4f-9935-00471ffb3033
Nolan Hickman,3.186,4609.547,66.89,7.14,b8b01afe-00df-407e-b0ee-229eacce163c
Jonathan Pierre,3.185,4450.986,67.15,6.94,94306db4-8243-44b3-9f3e-eb1dd9e258b7
Carter Bryant,3.184,4347.477,68.31,6.09,18dc7187-8fc5-47bf-9779-e7a7694c498c
Samson Johnson,3.184,4407.147,67.93,5.55,68596e1c-c815-41b9-ae9b-a8179fee1f36
Damari Monsanto,3.184,4457.034,67.06,6.81,63a42b38-d8f6-4214-aa03-cb4263b02a9a
Chaz Lanier,3.184,4517.016,66.78,7.38,3ff2c55c-8857-4cde-85eb-a42b87da7dcd
Adou Thiero,3.184,4308.576,67.61,7.17,9b945fc0-d3bb-405d-bf43-95c6e7d7e87b
Devin Carter,3.184,4224.817,67.82,5.49,8a8e683b-3939-4208-b55c-bc9cefe13a54
Brandon Slater,3.182,4484.329,67.62,8.72,eb81af0f-e8c9-4a55-a018-bb56cbc130ff
Chase Jeter,3.181,4629.697,68.71,6.41,ea3ac175-ec80-45da-aa31-7c38b04c7657
Alize Johnson,3.181,4484.484,68.11,6.98,c97ec77d-b190-477c-8f04-2d8be4554830
Javon Small,3.180,5077.637,68.92,6.32,6b98a36d-b1bc-4b68-bd5b-0671580d44c4
Abou Ousmane,3.178,4627.958,68.66,6.71,585d08a6-4aa1-45ad-81f0-76cb2c579ab1
Alex Reese,3.178,4253.966,67.24,6.88,1f6ef8b2-5d7a-4ca6-a9f2-cc8c06c032b8
Lawson Lovering,3.176,4837.796,68.77,7.17,ee296dd9-8d26-420c-9aa1-271f6b6a2222
James Akinjo,3.174,4582.203,68.10,5.55,889010b1-1e41-4488-97c5-030be0d70083
David Roddy,3.174,4447.047,67.84,6.89,ab0a4d97-fd7b-40d9-a72f-b2a862039584
Jase Richardson,3.173,4452.867,68.18,6.38,1cc4e557-6ed1-4db5-8816-1c00724e5554
Tristen Newton,3.172,4439.613,69.14,5.67,ea2c60f4-30d3-4154-b99e-b907b24658bf
Stefan Todorovic,3.172,4432.016,66.51,8.23,a0dbe31a-75c6-4777-a920-d506c5633bdf
Jaykwon Walton,3.172,4616.274,67.79,7.38,59731b4a-481f-4699-a3fe-f39676cc079b
Marcus Sasser,3.172,4777.332,71.96,5.15,5fc1833e-3993-49a8-8970-87ad09b61dff
Taylor Hendricks,3.172,4517.916,67.76,7.48,91ee33ca-2f8a-421c-8a4d-b0f98d5bc54c
Grant Nelson,3.171,4851.965,67.91,7.34,c4012fed-7c3d-4171-a8c7-3432c061c9d7
Gabe Levin,3.171,4468.505,67.63,5.57,154a9e91-a046-4e1d-bd25-0fdf6dc87f45
Phillip Wheeler,3.170,4422.653,68.36,8.30,3d20e735-543b-415b-835b-fa80295fa157
Warith Alatishe,3.169,4594.464,68.48,6.86,ef3f7448-40b8-4701-8feb-456aaa4d1c6e
Seth Maxwell,3.168,4596.618,67.84,8.24,12d95e3f-d714-4300-978c-245c9d0f302c
Trhae Mitchell,3.167,4426.486,66.35,6.76,d98ecec8-9937-426e-ba9a-e019ec88d94f
CJ Huntley,3.166,4640.846,68.87,6.78,a93dac29-3dee-4328-8787-673c2c4d207c
Tre King,3.165,4622.474,67.71,7.18,2928912b-dd61-4f60-aa20-a01d295e03d6
Miles Kelly,3.161,4439.391,68.99,6.00,8e41f240-6f89-4f54-bcc5-534112efd3c2
Jaden Bediako,3.161,4806.375,71.79,7.18,d22cb3b8-91ce-4a2a-bae7-a358a426a9af
Jordan Minor,3.160,4563.552,69.43,6.55,ec389395-e86e-494f-ae34-b2b08a74437b
Curtis Jones,3.160,4607.414,67.96,5.57,69489a71-b1eb-4fde-b687-6385e03c1e49
Sharife Cooper,3.159,4391.906,67.67,6.45,2d470912-d9ac-4456-916c-372fc4c84cdc
Emanuel Miller,3.158,4448.223,67.99,6.98,9333d369-df08-4c59-9073-3164d584f481
Alejandro Vasquez,3.158,4459.531,70.39,6.42,146e6f60-9f61-4669-902f-1f985d239c46
Jahmir Young,3.157,4652.303,68.02,6.60,dc80c41d-ab1d-4aa4-be9f-8830d7e0dd62
Kenan Blackshear,3.157,4757.355,71.46,6.32,31c6650d-c76d-497a-a605-e6ab1a822212
JaQuori McLaughlin,3.157,4506.239,68.80,5.82,a05930e9-6846-4c42-b5d6-f859b92d97fd
Noah Penda,3.156,4393.618,68.42,6.68,8257785f-b06f-4feb-a7c3-c58c4fbf99d7
D.J. Carton,3.156,4608.315,68.59,6.20,b902fc9f-4b1a-417f-8af7-bfa5c66c95a3
Jay Scrubb,3.156,4314.030,67.24,7.82,8488ec31-e9a6-4535-a007-3b6fb6c5f1bd
Jaelen House,3.154,4732.193,68.84,6.66,e14de0fe-50fa-4322-a5a2-55cb2137e6f2
Keshad Johnson,3.153,4322.183,68.18,5.71,c5cb7e86-5c88-4bd2-bf14-22a65e7bd094
Olivier Sarr,3.153,4897.253,68.49,6.55,584a880d-84b9-40fd-876e-852044392606
Reynan dos Santos,3.152,4689.257,67.82,6.21,e3cdc093-14ad-4686-ade9-7fc70c5a5a88
Pete Nance,3.152,4596.947,69.63,6.05,a9d51846-7123-4773-be70-de509c877a08
Max Shulga,3.151,4694.265,68.08,5.07,be819393-353e-4c46-b682-d2ee0d11e736
Kario Oquendo,3.151,4543.966,69.81,6.86,1ea004d3-81c8-428e-920e-2fde02ccf379
Jamal Bieniemy,3.148,4385.308,66.39,6.79,5659992f-2487-47ce-83f7-baedce2a090e
Luke Travers,3.148,4385.890,68.29,6.52,ef24e628-6674-47d2-8fea-a8ceb61e0fb6
Cam Reddish,3.147,4336.270,67.11,5.62,5cef3c95-c7c7-4206-b70c-41f647f9498b
Dereon Seabron,3.147,4506.830,68.58,6.69,9cd83bc4-5c2c-4f4d-ba20-8fc69a4cfa8a
KJ Simpson,3.146,4534.488,69.51,4.90,1287087b-e6ba-41f9-b2b5-a3d2d1c8d682
Quincy Guerrier,3.146,4575.082,69.12,7.76,e7a09800-4dd6-4745-8dc3-2bb848800f9e
Isaiah Roby,3.146,4441.829,68.30,6.56,19602b62-cfbe-4d35-81f5-bc244327960e
R.J. Davis,3.144,4398.005,68.48,5.61,af3e4f66-d651-4875-9291-4ee32c6a65dd
Buddy Boeheim,3.144,4385.323,68.85,5.29,b19737e4-2806-4548-b14b-2062175fb05e
Jae'Sean Tate,3.144,4345.653,68.41,6.83,80383c81-b671-4a11-b003-ae08fba34eb8
Nojel Eastern,3.144,4411.127,68.04,6.65,b2251f82-7770-4e0b-994d-c33ff4a1b39d
Mark Sears,3.143,4567.390,68.85,6.31,6af77143-6aac-4199-ac80-bfa704e2ca51
JD Davison,3.143,4357.265,69.54,5.89,833b573b-1366-463c-92ea-56e7718c0dc6
Trevon Scott,3.143,4420.339,68.88,7.46,fc067294-4b2b-42aa-bea6-88cda36ce6d2
Patrick Baldwin Jr.,3.143,4336.317,68.10,7.10,45b328c0-b3b8-4a36-a0c1-28e39227ca85
N'Faly Dante,3.141,4687.666,69.90,6.93,d6eaf02a-27a0-4e40-8641-632e8d39f965
Coleman Hawkins,3.140,4386.116,68.86,5.97,769be316-e69b-4438-a859-7fbbad08accf
Isaiah Stevens,3.139,4406.600,69.02,5.77,27b14c86-8f8d-4cd8-a8ec-bb051cd871bc
Kobe Bufkin,3.139,4574.352,69.00,5.78,9e453254-b85d-43ba-a615-8bf683d94834
Chucky Hepburn,3.139,4581.838,68.84,5.83,4ac4a0ab-ea85-4870-8bd5-9670073a3df4
Rahsool Diggins,3.139,4781.850,68.00,5.09,6404e275-f55f-42e5-8d36-cddd1661c335
Zach Hicks,3.139,4295.564,67.61,6.06,8e62f792-31da-4509-a4a8-d0bd4144b94a
Oscar Tshiebwe,3.137,4524.200,69.85,6.31,9234048a-d7a7-4f77-8d48-3b95b6365ae0
Manny Obaseki,3.137,4641.821,68.12,6.29,e4cdd91f-718d-4c35-95d1-b3aa28ef79b5
Sean McDermott,3.137,4543.913,67.82,7.60,b5d46463-618d-4328-a3ac-31239ed7af7e
Kendall Munson,3.136,4482.563,68.75,6.07,11a2c3b6-617d-4889-ac4c-dc3821c6375a
Nikola Topic,3.134,4366.616,69.55,5.42,deb86c8a-aaa2-472e-a66d-a1cbace2c797
Keyshawn Bryant,3.133,4347.334,67.23,6.67,8bfb0e3f-2c04-4dd5-ab0d-c7bf453b1ed5
Khaman Maluach,3.133,4567.384,69.36,5.29,d4dcccfe-9470-4fef-bac2-e9f6aa1cfd32
Trey Galloway,3.133,4281.257,68.79,5.58,8303a10f-1748-43ee-9c4c-59abdffdaf87
Blaise Threatt,3.133,4441.403,67.87,5.82,7bf581f6-845d-4d34-9460-f09f129eb841
Sean East II,3.133,4368.582,69.83,6.02,673bd14c-085f-4173-9211-d62ae307b0e3
Daniel Batcho,3.132,4520.716,69.72,5.54,72e13ad0-9840-41e7-b88f-ab295ef762fb
Donte Ingram,3.132,4269.234,69.04,6.59,1034b6f9-7fc5-4f5f-94fa-2ab920658dd3
Jamison Battle,3.130,4517.811,69.30,7.77,74f1f473-4fc6-4175-bf32-f1f99de73ef8
Tyrese Martin,3.130,4094.078,68.70,5.30,1d3ff68e-d714-4f70-b952-02cf2252e990
Paul Watson,3.130,4240.967,67.65,7.27,1aae577a-f08a-437b-81ed-160d66e586b9
Jaylin Williams,3.130,4234.449,67.98,5.36,db384374-d594-45b6-a3de-9aa8a66dc226
Vladislav Goldin,3.130,4292.481,68.87,5.07,0d1efd50-8b55-402c-af4a-3400a0ecf19e
RJ Felton,3.130,4558.189,68.17,8.05,a593fa2b-cb79-4f8a-8139-bba7a2133f2c
Tyrese Hunter,3.129,4627.364,69.71,6.77,4f89702e-6e19-48ef-9be1-8da8a0837a2f
Jonathan Mogbo,3.129,4472.200,69.29,6.96,12f2cb53-d3a1-4a42-b6ed-9238a8eab4f7
Dexter Dennis,3.129,4349.879,69.14,5.78,b9d78738-9b74-4fdb-9c3f-bce9cb72377a
Erik Reynolds II,3.128,4459.440,68.74,7.00,f3572151-dba9-4dc4-a48a-792e17a3180b
Julian Reese,3.128,4575.051,70.72,5.80,9f1b6ada-6f2a-4683-9f79-e98b06d24f06
Isaac Jones,3.128,4454.333,67.95,6.63,a35d4b94-e6ff-4f4a-8f40-d64d70dd4c3a
D'Moi Hodge,3.127,4064.418,68.58,6.07,4fca8d39-a522-46f0-b222-226b8180e35a
David Muoka,3.127,4420.715,68.92,6.22,c5a7468d-b9c2-4814-a823-b9bf4a58358f
Trey Townsend,3.124,4331.352,67.38,8.46,32735ab8-9eea-40c1-93be-395428840de8
Bryce Thompson,3.124,4506.404,68.79,6.84,cc61028a-3c21-4917-a6fe-607bb4085636
Kira Lewis Jr.,3.124,4465.479,68.37,7.58,ce287780-67de-44fa-86c2-d87dec5a1e28
Kyle Rose,3.123,4523.350,68.19,6.44,c7fe17cb-17b0-4fe5-bfde-60cdce624f03
Yuki Kawamura,3.123,4730.801,67.87,6.18,3d921f8a-1119-4e42-be46-c22ae84d5f58
Malik Williams,3.122,4246.103,69.80,6.18,91d9d39e-7ed1-4320-80fc-4d487e79b1fa
Jamal Cain,3.121,4247.799,67.97,5.95,f42a8b63-1ab4-447f-b74f-be293fc58e99
Andersson Garcia,3.121,4436.441,70.74,6.22,9b93509f-b8d1-4066-ba4c-6338fed2a84f
Lance Terry,3.121,4342.674,68.20,7.11,2c5a45b8-029d-4556-9186-221becde7ae7
Elfrid Payton,3.120,4222.764,68.60,5.66,ff4126dc-89ef-11e6-a96d-a45e60e298d3
Matt Allocco,3.119,4520.955,67.98,6.05,1542fce4-02f8-434c-8e0b-c655313fea33
Chase Hunter,3.118,4437.886,68.63,5.89,50fd1b80-b17c-4168-9cd8-b67adeef9040
Maxime Raynaud,3.118,4628.497,70.23,5.58,31a1e47b-7784-4021-b7f2-31e4ef972892
Dakota Mathias,3.118,4228.051,68.92,5.29,9f1f34c6-66d2-4093-9328-d2fffffb97d5
Cameron Smith,3.117,4423.224,67.38,5.93,bd762247-fb20-496c-af57-0abcde142d02
DeAndre Williams,3.117,4413.544,69.06,6.38,d240c74d-0376-4b1e-998d-190b778ced1b
Moussa Cisse,3.115,4514.162,68.94,5.93,b4769ff6-6ae9-446a-a262-0b849da72338
Jamal Mashburn, Jr.,3.115,4634.962,68.06,7.31,e2dcfe4a-9e16-4ab8-8eee-e15ca0db6eb5
Cormac Ryan,3.114,4505.944,68.28,6.31,f3f41cea-955b-4ff5-b6fc-69991789d721
Terry Taylor,3.114,4133.862,68.05,7.17,0852ab90-243b-4951-bfb0-c536f151cba5
Yanic Konan Niederhauser,3.113,4674.514,69.71,6.55,c4c0b9a3-5f7e-4611-977b-e0d73c08a29c
James Reese,3.113,4710.220,69.60,6.35,26f760b4-f286-403c-ae5b-8c4a2f2810ff
Josh Minott,3.112,4242.934,67.77,6.75,3dafdc09-40d9-4934-b9c9-8be3bd3eb90a
Kevon Harris,3.111,4333.807,70.37,5.35,8190d885-1fd0-4dad-99d7-2431cc018492
Walter Clayton Jr.,3.111,4244.845,71.32,5.38,ae81ff91-c142-4a68-b826-4ae75af6a94f
Alex Morales,3.108,4032.997,68.32,5.03,21a9c7c7-f211-4710-9932-3ecfa2fd4256
Drew Peterson,3.105,4357.190,69.80,5.69,b385f90c-bbc7-4346-8507-4d626e2c0c61
Ibou Badji,3.105,4379.776,70.59,9.55,9e3a3a92-a664-48f7-97d2-0f8f27735dbd
Ben Saraf,3.105,4504.130,69.20,5.41,f92bdf23-732f-412f-9b84-9c088cd9474b
Kaden Anderson,3.105,4502.850,69.29,7.01,d3403310-4ad2-4ea2-9072-623f9adefc8d
Steven Richardson,3.104,4133.961,68.44,6.85,1baa93ad-ae20-4faf-b428-11c4aac33778
Trevor Keels,3.103,4283.533,69.03,5.86,58189b84-2563-4034-984b-e61021022c4c
Kendall Brown,3.102,4305.421,68.14,6.55,84863ea4-7e22-4827-9c1e-091a16291b37
Nikola Djurisic,3.100,4327.602,69.37,6.52,0e381936-04ed-49fd-87b0-400686b3e145
Zack Austin,3.099,4280.208,68.97,6.79,cdb9a6bd-2259-43bc-9209-03da5b72234b
Joey Calcaterra,3.099,4077.445,69.75,6.91,f07958e4-943d-41bd-add3-e75692af9566
Jon Elmore,3.098,4263.431,69.66,5.14,65bebd10-aa65-48ec-845f-2efcb122287a
Ariel Hukporti,3.097,4389.386,69.11,5.66,91a10e2e-9784-440d-b0a4-83a8db044c1d
Jeremiah Tilmon,3.097,4485.208,70.48,6.20,285400dc-29c2-4d6a-83a0-5b87049c14f0
Mac McClung,3.095,4229.131,69.65,5.27,d9671fc0-754d-4cd1-b61d-2f6526c31497
P.J. Hayes,3.092,4632.083,71.75,8.45,659ecb80-2665-4645-b890-ef69b738b5e3
Nick Smith Jr.,3.092,4546.386,70.27,5.66,b2d1fbf7-72be-4469-b0c2-db6677a145bd
Makhi Mitchell,3.090,4524.577,70.22,7.36,fec781d1-53e1-4e5e-baf1-7937603be356
Koby Brea,3.089,4262.736,69.72,4.84,e2c4bc9d-2cb8-49d6-962a-07bed124b6c8
Bryson Warren,3.089,4457.523,69.32,4.84,de89d563-ec4f-4356-8cba-afd95b5a975a
Yuri Collins,3.087,4280.023,68.46,5.88,7a58adf5-73d4-4f5e-b042-6ab0d8862313
Hunter Sallis,3.087,4405.640,68.93,6.09,6d6c60fb-827b-4b00-9033-8fb8a4fb0f32
Mark Armstrong,3.087,4206.901,69.42,5.26,3bc6f704-0fda-4f85-a681-a41d1178948b
Zeke Mayo,3.086,4652.540,70.16,5.67,2aa9c687-ca9d-4478-a2c7-8f2797b308b2
Jason Preston,3.085,4712.563,69.91,5.32,b609ade3-6177-4d12-8f4d-e717beb97f97
Jules Bernard,3.085,4550.931,69.84,5.59,7c2fd9b6-9749-4ca1-8d58-b773ff9223dd
Jaylen Sims,3.084,4200.132,68.95,5.91,4e475993-d453-43ef-a5dc-52e715e3e5db
Robert Woodard II,3.084,4274.889,70.89,6.17,9bedc1b4-449c-42cb-b9a2-9b0cd3596329
T.J. Warren,3.083,4148.662,68.80,5.93,ff401666-89ef-11e6-b554-a45e60e298d3
Tomas Chapero,3.083,4514.884,70.73,4.85,5909ae5b-81cc-4f42-adb1-912f0c19edfc
Issac McBride,3.083,4628.497,70.39,4.68,e98d2d7d-61a8-42e6-9c79-f1c3d6667ec9
Symir Torrence,3.082,4706.172,69.73,6.31,6779419d-662d-4a38-b2ea-cb8e012eed8f
Zhuric Phelps,3.082,4165.924,70.17,4.86,cbddda95-fa69-4ae6-b6b0-247f5c669b7f
Vinicius Da Silva,3.082,4590.222,70.00,6.69,63049d09-0880-48ee-af08-c8f25b874237
James Bouknight,3.081,4152.032,68.55,5.07,a4bca3d5-c8c6-408f-a4bf-22453062b4b9
Terrell Brown Jr.,3.079,4529.895,70.18,6.61,0784aa6d-2f58-4e8f-8fd0-d3cb2fd08ff8
Eric Dixon,3.079,4256.235,68.88,6.66,11ec3e54-7b96-4e1f-856e-8933eb8de9c3
Ricky Council IV,3.078,4042.621,71.06,4.91,9027d4b5-4d3d-4ee2-98cd-3d105aa7044b
Dwayne Cohill,3.075,4849.306,67.07,6.32,28c78fcb-5cfa-4d69-bf2f-416eef831e04
Jordan Hall,3.070,4139.042,69.37,4.76,4b98be48-a61f-4372-8f5d-25f914555a83
Viktor Lakhin,3.070,4411.458,69.98,6.28,386162d7-b5e6-4aca-9174-cfba1382d491
Augustas Marciulionis,3.067,4532.848,70.49,4.34,89ff2dfc-818b-4d2a-beba-efe0422f6d4c
Tosan Evbuomwan,3.067,4166.548,68.85,5.49,3836af33-7171-4f6b-b4e3-7dc129d8efa6
MarJon Beauchamp,3.066,4242.040,69.49,6.33,a17b838f-efcd-4d85-adab-39e05d579e13
Trey Jemison III,3.065,4330.118,70.40,4.74,48e06536-9d6f-4027-9d17-ec477a9ae3a2
Trey Alexander,3.062,4326.595,69.89,4.52,eae5a4b1-2701-4843-b7ed-ac8677e6446b
Josh Oduro,3.061,4369.926,70.11,6.15,8356850f-e674-4868-8a3b-7cf5b6193dce
Jamaree Bouyea,3.061,4629.688,68.77,6.41,e35aa016-05af-4a0b-92b3-b0d987d11892
Jayden Nunn,3.061,4476.889,70.14,6.54,174b4cc1-dd31-428b-97ad-093422ffe324
Jalen Crutcher,3.060,4376.734,69.84,5.76,938ea26e-95ff-4f3b-a385-a965af8195b4
Dillon Jones,3.059,4145.670,70.08,4.40,7c13f8c0-55bf-46b9-a41e-cbaeea35c13b
Hason Ward,3.058,4481.053,71.16,6.01,99828648-af70-4757-ac4f-8f3e6c8364f5
Moses Brown,3.057,4541.173,70.69,7.86,81ca845d-dae4-46b5-89e6-86d619acb3c8
Killian Hayes,3.056,4352.784,69.88,4.82,9a826fec-5df7-4a14-8637-3364dc9433c2
Jaylen Martin,3.054,4242.960,70.00,5.94,70021baf-68ca-4b04-a865-fe10b1450b62
Jahmyl Telfort,3.054,4375.633,68.64,7.37,f7cdd34f-d626-4902-b05a-e39f9ae32dd4
Alondes Williams,3.053,4306.177,70.08,6.09,e555cb48-990b-4ef7-8464-59adc6adf34d
Arthur Kaluma,3.050,4106.567,69.48,4.94,c7a03fd4-8ba5-4f9e-b62d-db9492da6f1c
Damion Baugh,3.050,4478.837,70.64,6.30,bcde43ef-a7dd-4d4d-9d7e-a0585052e0b9
DaRon Holmes II,3.049,4540.245,69.84,6.30,33ee598f-dbec-467d-982c-9722af3b3261
Isaiah Todd,3.049,4333.667,70.79,5.48,1dbb419d-3008-45c5-aade-fb964248499e
Derek Ogbeide,3.048,4348.815,70.41,5.00,4f5b0cc7-0740-4ebb-8b37-c464b1f421f3
JP Pegues,3.048,4864.128,72.37,4.54,dbabc9d0-e8c8-4399-92a9-047c7ffb580f
Keon Johnson,3.047,4500.118,70.06,5.00,7cfacef2-8c7b-41e7-9df3-4a570a6de468
Kennedy Chandler,3.047,4237.628,70.57,5.26,90cef14e-ebcc-4a00-94e1-b06d8ca04701
T.J. Weeks,3.046,4599.912,70.98,7.04,7d91ff01-e290-4fe8-955f-093a15c1d3b5
Kylor Kelley,3.042,4164.248,71.73,4.78,08d8e7a7-6e98-43fb-808a-803728ffe738
James Banks III,3.039,4463.944,70.61,6.98,f4a998d1-4507-43b9-91e3-832dde032d54
Malcolm Hill,3.039,4198.338,69.29,5.18,99f046d4-e2fe-495e-92e9-472b6f6a9c22
Giorgi Bezhanishvili,3.036,4476.094,70.32,4.87,4d0b25c0-eb2c-423a-875e-ba9f74999bdf
David Jones Garcia,3.036,4458.068,71.03,5.48,8207e744-783c-4fac-8d78-52acb829f00c
Akoldah Gak,3.034,4744.173,70.69,6.85,e6e552fd-83e6-4bb7-b80a-9b0bae80ad1c
Rocco Zikarsky,3.033,4234.610,71.16,5.92,7a36a328-5e4b-42b6-a21b-39e9f97e0188
Tommy Bruner,3.032,4236.270,69.78,4.43,9819211d-c92e-4802-8be4-018f1efe7932
Wade Taylor IV,3.031,4217.242,72.19,4.27,d809ed56-e0c4-48ab-9cb2-e6e94a8c0842
Ibrahima Diallo,3.030,4699.680,70.94,4.87,505bb488-33f9-485b-9cce-e0533d462cf1
Jarron Cumberland,3.030,4179.636,70.23,5.89,46d86ca8-8056-40c4-8024-2ba83293aa17
Anton Watson,3.029,4106.117,69.75,5.41,8cb4b74b-84e9-40e3-9a3a-a7dd7be9767b
Tyrese Samuel,3.029,4410.453,71.04,5.23,f4159312-f59d-46f6-a72d-afb990d1e80a
Adam Flagler,3.029,4350.417,71.02,5.16,60b1ff6f-7e65-4d93-8b0b-fe76747cb0db
Keion Brooks Jr.,3.028,4405.511,69.94,5.65,088649fd-bea2-4353-a931-850c918b0337
Orlando Robinson,3.028,4394.285,70.38,4.59,e58d10b8-dbfa-46bc-9b80-d078501bcce7
Dalano Banton,3.025,4241.753,70.27,5.47,ccd8ec3b-3e5b-4f39-9b41-91882f179a73
Jamarion Sharp,3.025,4396.614,70.64,8.66,02b5523f-9555-42f2-b2a7-3ba79ce5e959
Saint Thomas,3.024,4161.902,70.02,4.78,9ac60fc8-a677-4c67-8b1a-92c61ac71eec
Isaiah Crawford,3.022,4361.077,68.76,4.90,cc5a020f-5862-494b-a997-26288b4f4f12
Taevion Kinsey,3.021,4556.132,69.75,6.91,b17e9b18-8167-47ec-b96c-1a1c88208376
Victor Oladipo,3.020,4327.664,69.48,5.97,ff415fa8-89ef-11e6-bc85-a45e60e298d3
Ron Harper Jr.,3.019,4077.510,70.01,5.24,0fc9db0f-ca5e-49e9-a003-973fa4fd8839
Jalen Slawson,3.016,4093.378,70.96,4.98,ee32b868-f2aa-47fd-bc12-e2df467173a0
Tyrese Proctor,3.012,4332.806,68.08,5.45,27207fcd-251c-4d7b-8d11-48823d8dab1b
Dennis Smith Jr.,3.011,4386.089,71.13,5.03,4a0f330a-e571-48c4-a685-f82c9436c964
Omer Yurtseven,3.011,4194.302,72.38,4.25,6811ad75-3527-4bfc-b0bc-8fd46ec62535
Elijah Harkless,3.010,4205.012,71.70,4.67,629588b6-9560-45b9-ae52-ff90c299fc4d
Kalib Boone,3.008,4048.381,71.95,6.06,57657681-6e1c-4701-8298-93f30846effc
Javon Freeman-Liberty,3.006,4056.313,68.30,5.77,a28cdf29-f659-4646-b964-87ec3c295ae4
Drew Timme,3.005,4092.764,70.71,4.61,30998b89-18c0-4086-ae61-1830056bb1b7
Ryan Nembhard,3.004,4062.036,71.33,5.10,f43050bf-10e7-4919-95a0-272b4c616687
Dalton Knecht,3.004,4041.488,69.78,4.95,b8da7ce7-11b7-4a94-acd4-f309bf4b6333
Marcus Garrett,3.003,4251.130,70.79,4.99,723b0c0c-ac5b-4b0c-b84c-01da7be6c705
PJ Hall,3.002,4575.179,71.35,6.11,4af59bef-250a-46aa-a5d3-e448a55f61ad
Javonte Smart,3.001,4402.595,70.79,5.43,a340ee6f-51b2-400d-8c06-295617b4c779
Reece Beekman,3.001,4243.997,70.96,4.84,a419b920-f119-41d8-af53-47d3b49ea811
Patrick McCaw,3.000,4423.762,68.96,6.70,ff42a38f-89ef-11e6-bb23-a45e60e298d3
Jabri Abdur-Rahim,2.999,4101.681,69.13,5.67,5ba18e46-b710-44bf-8369-1185adf0ce77
Jarkel Joiner,2.999,4574.913,70.47,4.87,994212e5-17be-4696-bd46-0efcd68787bc
Harrison Ingram,2.998,4305.842,70.89,5.90,289b86f4-5aea-4603-a5e7-54793e5eb584
Ahmad Caver,2.998,4342.651,71.09,4.62,b37bbd3b-102d-42c2-9bfe-7874d64e9068
Kevin Knox II,2.997,3970.814,69.86,5.53,868bf1ee-0aa9-4762-a685-b32801d25e6a
Ace Baldwin,2.997,4441.427,68.76,4.95,6ab19369-4aa1-4aa6-8274-b595ac8902be
Norchad Omier,2.997,4358.173,71.33,5.37,15c34e0c-e636-4bd1-a7db-6435d201f8c6
Caleb Love,2.996,4187.754,69.51,4.57,163d0a85-fc13-4c76-8e98-93aae28417d2
DaQuan Jeffries,2.996,4229.542,70.29,6.17,b969f906-aab2-4845-b038-70ec8482bed4
AJ Hoggard,2.994,4274.523,71.53,5.18,91fbbfa3-eabc-4c5d-b0d0-b2fc674c84bb
Tony Carr,2.993,3809.222,71.72,4.62,4eb5e112-86bc-45b5-a081-deb3f3aa0b67
E.J. Liddell,2.990,4246.198,70.82,6.38,f76c835b-10f6-42aa-aafe-3c87b5be8866
Drew Cisse,2.989,4071.230,71.24,5.96,4943e7dd-a830-4c29-bd39-a8b168bf00b9
Colin Castleton,2.988,4093.375,71.80,5.86,cb160212-66c3-46cf-8728-c0d6612456f8
Boo Buie III,2.988,4239.498,71.82,4.59,2327ad6b-a87c-4b5c-8dbb-c64690426e98
Charles Bassey,2.987,4305.734,72.07,5.10,089bae1f-5cd7-438c-8ebb-061918727a25
Noah Starkey,2.985,4161.616,69.14,7.72,f5063d15-52b4-45d8-9151-24339b9db9b3
Bronny James,2.983,4171.191,71.35,5.19,ec9d7a06-798b-45e0-8eae-a5bfdd92f0ba
Skal Labissiere,2.982,4535.246,71.68,5.53,0943dbc8-178e-4cab-97d6-3f31747698ab
Elijah Cain,2.977,3840.413,69.58,6.34,2ce0583b-9426-44be-820b-de29934964ee
Marques Bolden,2.974,4284.880,71.93,5.77,95b6d616-e911-4060-869d-7f633e7ec049
Kalil Thomas,2.974,3987.432,69.32,5.38,1e30df52-91e3-4394-8265-d813a892b8c7
LJ Cryer,2.972,4485.477,72.39,5.07,51c89cc1-c192-4e07-878a-436ad5c2c70a
RJ Melendez,2.970,4182.033,69.88,5.49,090cc6af-edb2-4cf8-a374-9b90193c330d
Johni Broome,2.953,4105.492,70.74,5.07,12c34cc3-1005-4454-bcfa-a5332744fd4c
Garrison Brooks,2.953,4141.149,71.84,4.99,146c7c56-b7ad-4925-8a9e-93d2c5db55bc
Justin Edwards,2.952,4024.634,71.35,5.69,c2b8cc6a-c87c-4dc5-bfea-c4630c2b6f3e
TyTy Washington Jr.,2.952,4219.269,71.04,4.63,0b1c2f8c-380e-4f07-85b0-3b5ff4650d00
Branden Carlson,2.950,4363.683,71.38,5.64,c401774b-397d-4c15-93a0-592eb4752dac
Kobe Brown,2.948,3957.137,70.01,5.39,751e59b1-45ae-45f0-bc03-01f6c87520a5
Cameron Martin,2.946,4411.052,71.69,6.78,99e062a8-b28c-47b0-9682-92a5d2461cd1
Alex Antetokounmpo,2.937,4035.235,70.29,5.30,34a56ad4-cc65-4406-9566-ff884e10c7af
Emoni Bates,2.932,4242.425,69.79,6.32,9f1d3f5e-1bf4-4a41-81f4-516081353643
Steven Crowl,2.926,4286.271,71.82,4.95,ee193c16-33d6-4aac-9688-7dde65cf6671
Dylan Cardwell,2.924,4264.194,72.98,4.07,fb79aa4f-8468-454c-80db-1768d95b4e42
Dariq Whitehead,2.923,3915.482,72.35,5.49,9f8b2ee3-8cc5-4a92-aeb9-c8c52d6e37a2
Felipe Haase,2.921,4368.289,72.49,4.09,a03683d7-864f-4a20-ba32-5a8d3263c1fa
John Knight III,2.920,3936.610,72.01,4.08,534e334e-2adb-4b8c-9614-8552f0dc5f6d
Kadary Richmond,2.917,3908.778,72.51,4.35,5f0c2302-aaca-4ac1-b70f-f25abbe14186
Mo Bamba,2.906,4064.630,74.69,4.01,ee761e41-d0d2-4a56-84cf-353e2ae5a961
Caleb Mills,2.905,3839.088,73.73,3.97,05febea3-f49a-42f6-8214-9cdb36006544
Jaden Springer,2.901,4047.254,71.90,4.22,8a1c8d1a-13c8-487e-b85e-6b10ecc1d39f
Hunter Dickinson,2.893,3988.899,73.01,4.16,00c80505-49a6-4ed4-ae3d-decf5a59b3a2
Daishen Nix,2.881,4001.439,74.82,3.82,06212573-e2e8-4bfa-98cd-4484063dead1
Keyontae Johnson,2.877,3889.035,71.68,5.46,d5348336-15a5-416f-8312-bd7030a6277b
Darius Brown,2.870,4149.970,74.27,3.85,b7ae8764-a482-4551-82ac-7a91c8292e4b
Stanley Umude,2.870,3907.803,71.59,5.62,73712bb9-3143-4176-8eb3-cef6d45e9f92
Giddy Potts,2.860,3980.132,73.56,3.42,7ac29d25-418d-4bf3-b302-cda0f4aa7cae
John Butler Jr.,2.848,3971.797,72.10,5.26,16110c22-e5e0-4925-94a9-959285132aeb
Jordan Bell,2.838,4075.963,72.93,4.06,07a35d50-2dd1-4476-a9ac-b6e7154ce069
Yang Hansen,2.836,4220.065,73.07,4.92,c6156c46-4275-4470-bed6-6c382811ef91
Amari Williams,2.814,3976.810,74.85,4.47,7f8f2047-20da-4fde-b1c4-e046ef5d94f1
Adem Bona,2.813,4272.327,72.65,4.03,df125bae-eba5-488c-b948-9767e7090d40
Vernon Carey Jr.,2.766,3878.064,75.73,2.50,9dc84f16-116c-451e-a191-b54f210fecbe