Player,Offensive Rebound Percentage,Defensive Rebound Percentage,Crash,Conversion+,RAP+,SSI Player ID
Hunter Dickinson,11.98,25.08,-0.834,19.220,4.246,00c80505-49a6-4ed4-ae3d-decf5a59b3a2
Harrison Ingram,10.34,26.08,1.731,21.308,8.887,289b86f4-5aea-4603-a5e7-54793e5eb584
Malik Williams,9.57,26.99,-0.766,9.819,4.250,91d9d39e-7ed1-4320-80fc-4d487e79b1fa
Moses Brown,21.87,22.86,-2.952,9.175,2.822,81ca845d-dae4-46b5-89e6-86d619acb3c8
Norchad Omier,18.92,24.11,-0.044,8.515,5.531,15c34e0c-e636-4bd1-a7db-6435d201f8c6
Andersson Garcia,16.65,30.22,1.735,11.577,8.834,9b93509f-b8d1-4066-ba4c-6338fed2a84f
Rocco Zikarsky,11.33,23.98,-3.818,10.121,0.529,7a36a328-5e4b-42b6-a21b-39e9f97e0188
Alize Johnson,9.20,25.36,1.874,16.979,6.984,c97ec77d-b190-477c-8f04-2d8be4554830
Oscar Tshiebwe,25.79,35.44,-1.505,17.286,12.724,9234048a-d7a7-4f77-8d48-3b95b6365ae0
Daishen Nix,4.66,18.01,0.857,13.771,3.055,06212573-e2e8-4bfa-98cd-4484063dead1
CJ Huntley,12.63,21.38,-1.491,9.893,1.352,a93dac29-3dee-4328-8787-673c2c4d207c
Zach Freemantle,8.94,18.25,-0.427,8.106,1.091,aaa72835-bf87-4903-8432-953c82e91876
Giorgi Bezhanishvili,10.69,15.61,-2.753,3.282,-1.928,4d0b25c0-eb2c-423a-875e-ba9f74999bdf
Gabe Levin,15.57,24.83,-1.064,9.048,4.284,154a9e91-a046-4e1d-bd25-0fdf6dc87f45
Mouhamadou Gueye,9.85,16.57,0.334,18.127,2.820,cc3ddd0b-2be3-4043-a3e9-7ae15f6e1ab0
Isaac Jones,10.94,20.91,0.549,13.232,4.009,a35d4b94-e6ff-4f4a-8f40-d64d70dd4c3a
Marques Bolden,8.22,21.15,-1.027,17.677,2.593,95b6d616-e911-4060-869d-7f633e7ec049
Enrique Freeman,9.04,17.69,1.318,16.298,2.878,f838df3f-72c5-4cf1-a555-7182e3dccd13
DeAndre Williams,11.14,18.21,0.716,16.602,3.930,d240c74d-0376-4b1e-998d-190b778ced1b
Josh Oduro,11.84,15.58,-0.968,11.729,1.913,8356850f-e674-4868-8a3b-7cf5b6193dce
PJ Hall,13.57,25.35,-2.794,13.744,4.297,4af59bef-250a-46aa-a5d3-e448a55f61ad
Dink Pate,3.75,18.97,1.346,9.855,3.502,dc8f2d40-88ec-44ef-b6ef-09404a5d49cd
Andrew Carr,8.56,20.36,-0.720,11.835,2.972,d2f39898-17d1-4d74-bfca-1719672b051a
Skal Labissiere,8.50,17.14,-0.865,13.808,1.479,0943dbc8-178e-4cab-97d6-3f31747698ab
Coleman Hawkins,8.06,17.64,0.104,18.988,2.559,769be316-e69b-4438-a859-7fbbad08accf
Jeremiah Robinson-Earl,10.76,22.65,1.709,16.042,5.771,1a9ac6bd-8b02-4fe8-8096-c435a2a90100
Amari Williams,13.98,26.36,-1.319,12.798,3.859,7f8f2047-20da-4fde-b1c4-e046ef5d94f1
Alex Morales,7.88,15.33,0.476,15.879,2.301,21a9c7c7-f211-4710-9932-3ecfa2fd4256
Jack Clark,5.14,16.94,0.380,15.168,2.168,baad4031-1f9b-4e88-9ac6-9c40ed79d7f3
Olivier Sarr,11.59,21.05,-0.289,10.818,1.880,584a880d-84b9-40fd-876e-852044392606
Julian Reese,18.31,27.83,1.531,10.228,7.798,9f1b6ada-6f2a-4683-9f79-e98b06d24f06
Dillon Jones,2.76,18.56,1.704,12.394,2.796,7c13f8c0-55bf-46b9-a41e-cbaeea35c13b
James Banks III,14.11,20.55,-1.840,5.194,0.374,f4a998d1-4507-43b9-91e3-832dde032d54
Keion Brooks Jr.,5.67,14.96,0.914,16.339,2.073,088649fd-bea2-4353-a931-850c918b0337
Jules Bernard,3.35,15.30,0.778,13.308,1.023,7c2fd9b6-9749-4ca1-8d58-b773ff9223dd
Jamarion Sharp,11.46,17.66,-2.933,5.957,-3.310,02b5523f-9555-42f2-b2a7-3ba79ce5e959
Kevin Knox II,2.81,20.66,0.983,19.052,3.433,868bf1ee-0aa9-4762-a685-b32801d25e6a
Drew Cisse,20.51,18.07,-2.027,5.132,0.764,4943e7dd-a830-4c29-bd39-a8b168bf00b9
Ja'Vier Francis,18.24,19.75,1.391,11.222,4.778,426de6ba-834c-455a-8c94-9656ad089275
Efe Abogidi,9.38,18.14,0.322,4.895,2.250,2a962d8e-05d1-4d9c-ae45-e128f2ae9c81
Hason Ward,10.16,21.01,-0.910,11.692,2.459,99828648-af70-4757-ac4f-8f3e6c8364f5
Tolu Smith,18.66,21.37,-1.563,10.567,3.308,dea8af5c-b86c-4445-b191-20c7806e6a4e
John Butler Jr.,5.79,15.97,-1.325,14.278,0.878,16110c22-e5e0-4925-94a9-959285132aeb
Jaylin Williams,5.63,18.55,-0.567,20.809,2.582,db384374-d594-45b6-a3de-9aa8a66dc226
Dain Dainja,12.35,16.10,-0.580,3.110,-1.420,3d560bd7-c964-492e-97b7-12c4feda4079
Chris Manon,7.06,16.22,1.150,15.521,3.487,5dde0a80-753d-41a6-9ffa-6193317a3a17
Tyrese Samuel,15.01,23.16,-0.800,11.133,3.483,f4159312-f59d-46f6-a72d-afb990d1e80a
Trey Jemison III,16.08,18.20,-3.710,13.543,1.517,48e06536-9d6f-4027-9d17-ec477a9ae3a2
Lester Quinones,3.68,14.81,0.986,12.981,1.245,e4c6a53d-37a8-4278-9230-5a9d9ccc6d02
Basheer Jihad,9.30,19.14,-1.162,6.964,0.530,bd9b1fa0-957f-4365-8af3-a545d525965b
Warith Alatishe,15.54,23.53,-0.402,9.884,3.755,ef3f7448-40b8-4701-8feb-456aaa4d1c6e
Leaky Black,5.32,17.04,0.396,19.884,2.623,baf1b89d-5bf9-44d8-ae08-43b643b89914
Tristen Newton,3.83,11.84,0.693,13.606,0.460,ea2c60f4-30d3-4154-b99e-b907b24658bf
Cameron Matthews,5.34,13.38,-0.156,3.626,-0.795,2b3321e5-dc2b-4c37-9ee5-36336690c3ec
Mo Bamba,13.24,28.67,-0.743,14.978,4.672,ee761e41-d0d2-4a56-84cf-353e2ae5a961
Charles Bassey,14.66,28.07,-0.974,15.981,4.901,089bae1f-5cd7-438c-8ebb-061918727a25
Emanuel Miller,5.08,15.26,1.547,14.760,1.469,9333d369-df08-4c59-9073-3164d584f481
Isaih Moore,13.44,19.73,-1.450,4.709,-0.730,ea2cbcac-0b28-454f-a3f7-a30bb1d6fbb1
Christian Shumate,9.20,15.38,1.343,10.289,2.641,40ebb929-1947-4008-9cdc-046aa3a4bd87
Anton Watson,7.08,13.02,-0.681,11.738,0.292,8cb4b74b-84e9-40e3-9a3a-a7dd7be9767b
Jalen Bridges,5.53,11.34,0.843,18.285,1.919,1c7e1fdd-3a9d-4509-b079-a329c993e9d4
William Baker,12.46,22.42,-1.278,11.311,1.990,dc9d21e3-68f0-4270-a358-8e68da5bbafc
Abou Ousmane,13.59,18.85,-1.497,2.363,-0.809,585d08a6-4aa1-45ad-81f0-76cb2c579ab1
Jaylen Sims,3.43,14.46,1.150,11.264,1.020,4e475993-d453-43ef-a5dc-52e715e3e5db
Steven Crowl,10.35,20.82,-2.493,9.519,-1.053,ee193c16-33d6-4aac-9688-7dde65cf6671
Matthew Cleveland,5.45,21.51,1.987,17.850,4.647,45913c55-0376-4b4f-9935-00471ffb3033
Charlie Brown Jr.,3.94,15.36,0.272,19.942,2.394,dfa6209b-514d-438b-9c4c-bd6f1ff85613
Jalen Slawson,3.88,18.64,0.066,8.786,1.358,ee32b868-f2aa-47fd-bc12-e2df467173a0
Patrick Baldwin Jr.,5.13,18.60,0.416,18.454,2.119,45b328c0-b3b8-4a36-a0c1-28e39227ca85
Kessler Edwards,5.27,18.58,1.366,13.236,1.948,0dbaa8bb-491d-40b7-ad09-f4605dda699c
Derek Ogbeide,12.94,20.65,-2.028,8.893,0.493,4f5b0cc7-0740-4ebb-8b37-c464b1f421f3
Nate Hinton,9.08,19.88,0.436,23.478,5.456,2827a99a-9a36-4b8d-8ca8-e77e9771b69c
Drew Peterson,3.28,17.94,1.515,15.636,3.370,b385f90c-bbc7-4346-8507-4d626e2c0c61
Gabe McGlothan,8.01,18.98,-0.670,8.682,2.071,32f54c28-47c6-4d3c-8364-c3956aef7190
Matt Cross,11.54,18.76,2.003,18.967,5.933,8b71b1ce-93f8-4cf0-9099-64c91af44202
Malevy Leons,6.22,15.70,0.295,10.387,0.515,a6b91d1a-7a93-4bda-8562-d762d1f5ad47
Josiah Allick,19.81,17.94,-3.165,5.887,-0.836,46de8a99-497a-49cd-a9ec-347e787439e3
Zhaire Smith,7.25,7.85,-0.649,8.566,-1.287,bf29165e-4d8e-4760-a070-5502dd6c2176
Vladislav Goldin,10.77,22.04,-2.193,5.586,-0.392,0d1efd50-8b55-402c-af4a-3400a0ecf19e
Curtis Jones,2.47,12.66,0.644,15.616,1.157,69489a71-b1eb-4fde-b687-6385e03c1e49
Josh Christopher,3.17,18.28,1.012,17.720,2.683,207daaca-464a-4e71-8c77-cae31615c0e3
Riley Minix,5.54,16.96,0.486,13.376,1.408,d4332b50-b7fb-4429-9525-e10587f584d9
Saint Thomas,5.06,14.94,1.758,15.311,2.336,9ac60fc8-a677-4c67-8b1a-92c61ac71eec
Dane Goodwin,3.74,11.29,0.747,8.003,-0.176,83cf7787-d441-4c3a-b5de-a2b2a623350b
Kylor Kelley,7.53,21.46,-2.010,9.705,-1.669,08d8e7a7-6e98-43fb-808a-803728ffe738
E.J. Liddell,8.37,24.05,0.756,19.431,5.119,f76c835b-10f6-42aa-aafe-3c87b5be8866
Nick Jourdain,7.92,15.69,1.239,6.384,2.444,1faa4121-7c60-4b48-91c7-217d64555324
Johnny O'Neil,3.02,17.16,0.092,14.016,1.602,266b9ca1-6596-4d2a-947a-0f602c0af725
Kendall Brown,3.52,13.57,0.037,14.576,0.641,84863ea4-7e22-4827-9c1e-091a16291b37
Kendall Munson,11.42,17.46,-0.270,9.681,2.107,11a2c3b6-617d-4889-ac4c-dc3821c6375a
Jahmyl Telfort,2.73,12.31,0.371,9.503,0.102,f7cdd34f-d626-4902-b05a-e39f9ae32dd4
Alex Reese,4.91,15.35,-1.123,8.248,-0.315,1f6ef8b2-5d7a-4ca6-a9f2-cc8c06c032b8
Gabe Madsen,4.59,11.82,-0.442,12.773,0.041,7e84815b-7663-437b-8751-28d60ef2c65b
DaQuan Jeffries,4.03,15.46,-0.510,20.543,1.394,b969f906-aab2-4845-b038-70ec8482bed4
Johni Broome,8.37,18.80,-0.929,11.911,1.429,12c34cc3-1005-4454-bcfa-a5332744fd4c
Tomas Chapero,9.11,12.96,-1.723,0.603,-3.148,5909ae5b-81cc-4f42-adb1-912f0c19edfc
Dylan Cardwell,17.86,28.40,-1.114,13.447,6.296,fb79aa4f-8468-454c-80db-1768d95b4e42
Boo Buie III,3.21,13.93,-0.328,17.835,1.420,2327ad6b-a87c-4b5c-8dbb-c64690426e98
Colin Castleton,15.02,24.25,-2.280,17.329,4.475,cb160212-66c3-46cf-8728-c0d6612456f8
Malcolm Hill,4.17,11.09,-0.277,17.008,0.448,99f046d4-e2fe-495e-92e9-472b6f6a9c22
Tyler Burton,2.71,14.25,-0.023,13.971,0.237,382afece-e02d-4ce2-92ac-92b1d2333d2c
Lawson Lovering,11.92,16.38,-2.446,6.697,-2.281,ee296dd9-8d26-420c-9aa1-271f6b6a2222
David Muoka,10.33,22.04,-0.517,3.366,-0.060,c5a7468d-b9c2-4814-a823-b9bf4a58358f
Chaney Johnson,11.48,13.36,0.550,11.914,2.330,4007e9ee-5f46-4b39-9d77-0001aa54f1f4
Orlando Robinson,11.76,23.61,0.658,7.115,3.347,e58d10b8-dbfa-46bc-9b80-d078501bcce7
Isaiah Roby,8.12,17.16,0.163,9.677,2.255,19602b62-cfbe-4d35-81f5-bc244327960e
Keshon Gilbert,5.00,12.93,0.843,11.158,1.272,10762d58-0a4c-416e-8e01-0af744c29286
Tristan Enaruna,6.72,13.04,0.093,19.779,1.088,998f2322-7dab-4353-99d7-b23e57eeb3ed
John Ukomadu,6.39,12.16,-0.320,13.892,0.664,b4f22d30-f720-4880-9fc3-a7a1f5679086
John Knight III,5.94,9.58,-0.254,9.530,-0.244,534e334e-2adb-4b8c-9614-8552f0dc5f6d
Bez Mbeng,4.78,14.21,0.981,18.079,2.266,117522bd-3f51-4ef9-99ae-8cf060df132b
David Roddy,5.40,17.58,-0.425,6.810,0.756,ab0a4d97-fd7b-40d9-a72f-b2a862039584
Trevon Scott,6.21,13.87,-0.501,9.117,-0.071,fc067294-4b2b-42aa-bea6-88cda36ce6d2
Damion Baugh,3.39,15.00,0.288,23.064,1.205,bcde43ef-a7dd-4d4d-9d7e-a0585052e0b9
Romeo Weems,7.33,14.22,0.931,9.611,1.859,9920a386-699e-42ad-90ac-8fb89d78d1f9
Viktor Lakhin,9.01,25.29,-0.275,13.581,5.073,386162d7-b5e6-4aca-9174-cfba1382d491
Terrell Brown Jr.,2.53,12.93,0.946,13.863,1.076,0784aa6d-2f58-4e8f-8fd0-d3cb2fd08ff8
Chris Livingston,9.41,15.11,1.459,10.162,2.646,f79d533e-f423-4752-a088-6d507d795bdb
LJ Figueroa,5.26,15.81,0.611,20.505,2.950,629382e8-fcc6-4974-b0a3-99fd67940f2d
Igor Milicic, Jr.,7.38,19.11,0.990,12.667,3.563,96e51137-1852-4b4b-8809-7d07d81b22a8
Darius Brown,2.70,11.81,0.594,19.346,1.385,b7ae8764-a482-4551-82ac-7a91c8292e4b
Stephen Thompson,2.55,13.44,0.310,18.796,0.934,41e105ed-f146-4aef-a65b-262abde1841e
Eric Dixon,4.87,13.77,-0.321,11.717,0.612,11ec3e54-7b96-4e1f-856e-8933eb8de9c3
Sean Pedulla,2.26,14.87,0.559,11.638,0.624,6068f2de-9744-432d-b3f4-f73da0894927
Brooks Barnhizer,6.96,22.09,1.503,23.366,6.429,6b9ff8ac-a24a-46b2-8a4a-4f4015c6b353
Jonathan Mogbo,10.79,20.07,1.305,12.378,3.299,12f2cb53-d3a1-4a42-b6ed-9238a8eab4f7
Jayson Kent,7.16,8.92,0.696,18.140,0.072,dc854637-bbf4-4710-94b5-8c953db3ce27
Jacksen Moni,4.69,17.62,-0.555,15.662,1.684,b16076ab-b7f1-4f61-b1ce-87471a1be027
Kobe Johnson,7.00,15.92,1.863,16.658,3.208,9f123592-d747-4a41-b903-ad6bcb6ac751
R.J. Davis,2.79,11.66,0.010,8.329,-0.396,af3e4f66-d651-4875-9291-4ee32c6a65dd
Stanley Umude,3.53,10.86,-0.427,18.001,-0.510,73712bb9-3143-4176-8eb3-cef6d45e9f92
Dexter Dennis,3.33,10.06,0.039,7.250,-0.456,b9d78738-9b74-4fdb-9c3f-bce9cb72377a
Moussa Cisse,21.57,32.30,-0.281,13.631,8.348,b4769ff6-6ae9-446a-a262-0b849da72338
Trey Alexander,2.03,11.96,0.330,9.045,-0.801,eae5a4b1-2701-4843-b7ed-ac8677e6446b
Jaden Shackelford,3.09,11.32,0.077,19.319,0.549,dfffb2fc-160c-41a4-9a75-af0a21d2ba76
Teddy Allen,4.98,14.63,0.910,14.026,2.050,03318058-7f1e-4d54-a8b4-cbaf7e836a78
James Bouknight,2.53,12.12,0.102,6.840,-0.439,a4bca3d5-c8c6-408f-a4bf-22453062b4b9
Nate Williams,6.99,9.99,-0.032,17.477,1.315,3ab12c09-2aae-4bc0-a45e-0132e6751116
Alondes Williams,4.36,13.84,0.011,8.026,0.915,e555cb48-990b-4ef7-8464-59adc6adf34d
DeJon Jarreau,4.98,21.89,1.878,14.622,4.523,3cd02b89-3d2f-46ff-b392-29215f6825b4
Max Shulga,3.83,10.81,0.073,11.317,-0.381,be819393-353e-4c46-b682-d2ee0d11e736
Ryan Woolridge,7.51,13.81,1.604,19.204,2.732,a4f5f591-7988-4761-b96d-5efb627bd420
John Tonje,3.36,11.34,0.116,12.828,0.202,5bfe6dcb-3da9-45f9-95c0-ed690168c7ba
Daeqwon Plowden,4.55,12.43,0.539,9.119,0.529,daca4b6a-526f-49e8-a02e-ba59acb77846
Taylor Funk,4.20,13.79,0.453,19.035,1.387,951413b1-0a17-4edf-841a-5ca7b9a2c275
Reece Beekman,1.70,11.46,-0.191,7.573,-0.890,a419b920-f119-41d8-af53-47d3b49ea811
DaRon Holmes II,5.24,16.76,-2.163,6.508,-1.315,33ee598f-dbec-467d-982c-9722af3b3261
Justin Minaya,4.80,10.85,0.607,12.090,1.011,8a534421-7dd1-49c4-a304-7b5a2341f904
Liam Robbins,12.90,17.03,-2.245,8.727,-0.080,831eb28e-7713-4fbe-bf6b-dd0e1e20b1f5
Arthur Kaluma,5.65,14.43,-0.176,12.214,0.887,c7a03fd4-8ba5-4f9e-b62d-db9492da6f1c
Kyle Mangas,3.33,9.73,-0.518,4.338,-1.250,509e10a3-69e7-41cc-a0b5-44de8eb4659f
Tosan Evbuomwan,3.98,15.95,0.258,18.204,0.870,3836af33-7171-4f6b-b4e3-7dc129d8efa6
Elfrid Payton,5.78,19.23,1.018,23.457,3.232,ff4126dc-89ef-11e6-a96d-a45e60e298d3
Yang Hansen,10.53,22.34,-4.006,13.431,0.305,c6156c46-4275-4470-bed6-6c382811ef91
Jon Elmore,2.44,10.96,-0.180,10.731,-0.752,65bebd10-aa65-48ec-845f-2efcb122287a
Keyontae Johnson,5.07,11.95,-0.497,16.173,0.505,d5348336-15a5-416f-8312-bd7030a6277b
Cameron McGriff,5.48,17.89,0.239,13.065,2.674,55ec130c-b918-4d9b-9fe5-9b79a5f370f2
Donovan Williams,4.66,14.25,0.574,15.571,1.326,12136b74-23d8-49b4-b4de-98a320969c76
Ibrahima Diallo,16.22,19.91,-1.085,6.241,1.116,505bb488-33f9-485b-9cce-e0533d462cf1
RayJ Dennis,1.75,12.37,0.519,7.899,-0.072,5c2a5944-cadb-4619-8b0d-04338c63a470
Alijah Martin,4.34,12.54,-0.367,15.647,0.532,c1035422-a088-42e6-8ad3-db400bb52aa1
Anthony Pritchard,2.69,14.67,0.105,15.254,0.506,58d7789a-e4bc-46cd-91d5-01526491d417
Miles Kelly,2.74,13.79,1.257,15.086,1.590,8e41f240-6f89-4f54-bcc5-534112efd3c2
Wendell Moore Jr.,4.65,13.45,-0.133,12.320,0.464,96f746dd-7dfb-4ea4-a98c-39ed5d2a0fd5
Dwight Murray, Jr.,4.43,12.68,0.289,14.160,1.214,7880b823-77c5-4925-a287-1af2424a923b
Steve Settle III,4.07,13.69,-1.081,9.482,-0.804,f52af8fd-29ee-4aa7-9c70-e211a5d73a12
Kadary Richmond,4.94,16.38,0.705,14.619,1.682,5f0c2302-aaca-4ac1-b70f-f25abbe14186
Koby Brea,2.10,13.51,0.880,18.862,0.286,e2c4bc9d-2cb8-49d6-962a-07bed124b6c8
A.J. Lawson,2.23,14.05,0.792,13.299,0.878,ed39e2d6-ce65-43e5-9ea9-d579d0526a1f
Justin Harmon,4.78,11.97,1.554,9.817,0.515,4c8abee4-0270-4d98-b4ab-cff9969857fc
Taevion Kinsey,4.67,5.97,0.608,11.368,-1.934,b17e9b18-8167-47ec-b96c-1a1c88208376
RJ Melendez,5.42,13.24,-0.356,14.774,0.357,090cc6af-edb2-4cf8-a374-9b90193c330d
Malachi Smith,4.60,13.96,0.273,13.411,1.372,cf11631f-67ad-4f08-9466-e66859baa68e
Jayden Nunn,4.52,8.77,-0.284,11.414,-0.616,174b4cc1-dd31-428b-97ad-093422ffe324
Max Abmas,1.42,10.44,0.138,14.702,-0.175,23961594-cb8d-4560-b709-2ace5a6b16a4
Drew Timme,7.58,19.24,-0.982,15.194,3.231,30998b89-18c0-4086-ae61-1830056bb1b7
Lachlan Olbrich,10.28,17.54,-0.503,4.638,0.312,684950fe-3bcb-47f2-8bfa-a9941e216b28
Jaden Akins,1.72,10.07,0.381,9.391,-0.601,e6acbf72-2032-4b3f-9672-62f8052c1873
Blake Hinson,3.21,11.96,0.385,21.103,0.952,64b12646-2555-4dd0-98eb-cb169b3ee58a
Dalano Banton,1.69,9.89,-1.062,6.953,-2.399,ccd8ec3b-3e5b-4f39-9b41-91882f179a73
Tyson Degenhart,6.38,11.11,-1.580,8.130,-1.387,7ce310e3-5034-435f-85fd-9db70356ed75
Felipe Haase,5.39,13.57,-0.378,4.580,-0.174,a03683d7-864f-4a20-ba32-5a8d3263c1fa
Phillip Wheeler,8.00,9.01,0.071,4.664,-0.883,3d20e735-543b-415b-835b-fa80295fa157
Dennis Smith Jr.,4.01,17.15,0.489,17.800,2.799,4a0f330a-e571-48c4-a685-f82c9436c964
Alex Fudge,10.33,13.57,-0.657,11.330,0.405,1f5a0d41-0c51-4353-9d7a-503196852e33
Caleb Houstan,3.20,10.78,-0.307,19.834,-0.079,0ac0ed6b-ebe7-4dcb-b924-c14e31262efc
Akoldah Gak,7.89,16.31,-1.697,3.189,-1.648,e6e552fd-83e6-4bb7-b80a-9b0bae80ad1c
Kobe Stewart,4.18,14.56,0.514,14.976,0.745,9c8748fc-6d1c-4911-99a0-94e1cf486b48
Tyler Smith,4.95,14.14,0.334,12.665,0.430,b701694c-6da2-49de-b9a7-ae092466ce67
Jalen Crutcher,2.31,7.35,-0.424,8.055,-2.122,938ea26e-95ff-4f3b-a385-a965af8195b4
Sean McDermott,3.43,9.87,0.672,10.363,-0.991,b5d46463-618d-4328-a3ac-31239ed7af7e
Deivon Smith,6.19,18.75,2.602,17.399,4.183,9ffb6f28-8fa0-4650-bd30-47f8aa7235a2
Kaleb Johnson,8.20,15.02,0.076,10.554,0.160,51e2e08f-d07e-4dbd-a05f-bba8e5c69f96
Kalib Boone,12.34,19.32,-1.333,10.223,1.028,57657681-6e1c-4701-8298-93f30846effc
Toby Okani,6.91,9.45,0.816,15.435,1.589,a6c4645d-9238-44cf-92aa-fd318ebb8ebf
D.J. Carton,2.44,11.46,0.716,13.432,-0.088,b902fc9f-4b1a-417f-8af7-bfa5c66c95a3
Mitchell Mascari,5.14,12.38,0.852,15.034,2.070,fdc935b9-0c73-4ca7-ba6b-f3b5aa1f2205
Sean East II,2.89,7.78,-0.548,7.959,-1.696,673bd14c-085f-4173-9211-d62ae307b0e3
Jordan Minor,14.34,13.25,-1.136,7.136,-0.754,ec389395-e86e-494f-ae34-b2b08a74437b
Jahmir Young,3.20,10.86,-0.197,11.373,-0.081,dc80c41d-ab1d-4aa4-be9f-8830d7e0dd62
Mark Sears,2.10,10.81,1.097,7.901,0.223,6af77143-6aac-4199-ac80-bfa704e2ca51
Isaiah Crawford,6.71,16.89,-0.030,19.965,3.278,cc5a020f-5862-494b-a997-26288b4f4f12
Luke Travers,7.19,22.82,-0.378,17.651,4.909,ef24e628-6674-47d2-8fea-a8ceb61e0fb6
Khaman Maluach,16.07,27.30,-0.734,11.341,5.856,d4dcccfe-9470-4fef-bac2-e9f6aa1cfd32
Samson Johnson,11.13,10.98,-2.715,-4.862,-4.558,68596e1c-c815-41b9-ae9b-a8179fee1f36
DaJuan Gordon,5.01,14.57,1.138,8.442,2.085,b7cd24eb-bd7e-4dcc-99a2-7236606d1541
Osayi Osifo,13.23,16.13,-3.246,2.104,-2.148,c1f25993-dd81-43fd-a710-d7b67b6bd974
Nate Santos,4.97,11.07,1.086,8.901,0.485,5d98e4d9-9d4c-416e-896e-662ef6de036b
D'Moi Hodge,2.41,10.71,-0.317,12.303,-0.430,4fca8d39-a522-46f0-b222-226b8180e35a
Aaron Scott,8.82,11.93,1.757,15.090,3.108,800b6f8d-e4b2-40c8-9891-40fa3f84efc3
Hayden Gray,1.81,9.96,-0.275,8.632,-0.715,e901ec95-f7cf-40c9-af32-8dabb981b3cd
Ibou Badji,12.95,17.12,-3.929,5.318,-2.792,9e3a3a92-a664-48f7-97d2-0f8f27735dbd
John Poulakidas,1.60,11.02,0.598,8.972,-0.459,12bf97f3-6476-4443-af11-5228771faf66
Mac McClung,1.30,8.37,-1.094,4.510,-2.511,d9671fc0-754d-4cd1-b61d-2f6526c31497
Marcus Burk,5.01,10.75,0.063,20.462,1.180,017ced69-5d96-4160-b064-3a051a5c9efe
Matthew Murrell,2.50,9.56,-0.922,8.621,-1.413,42aff9d8-9839-4949-ac9d-97663c8eae23
Javonte Cooke,4.27,13.38,0.167,11.285,1.322,0c8af3e4-85bf-4c62-921b-d5cc21594198
Javante McCoy,3.32,11.26,0.322,7.955,-0.325,fac10e71-d936-4a9b-b017-2e3b743f9833
MarJon Beauchamp,3.30,12.45,0.548,16.389,0.833,a17b838f-efcd-4d85-adab-39e05d579e13
Johnny Davis,5.44,13.92,-0.002,12.682,1.301,bd507dbb-cb87-4e45-ad2e-1990df07ac20
Marcus Garrett,2.85,11.94,1.103,10.269,0.214,723b0c0c-ac5b-4b0c-b84c-01da7be6c705
Chance McMillian,5.32,10.10,0.542,15.902,0.987,d40fdb50-4ea9-488f-85e3-aa57164f9d0a
Garrison Brooks,10.27,18.08,-1.800,9.248,-0.075,146c7c56-b7ad-4925-8a9e-93d2c5db55bc
Bobi Klintman,5.25,16.02,0.118,17.568,2.292,61c18542-cf37-49c7-b486-337bb809d326
TyTy Washington Jr.,4.04,12.31,0.367,24.443,1.266,0b1c2f8c-380e-4f07-85b0-3b5ff4650d00
Justyn Hamilton,8.80,21.08,-2.226,8.576,1.113,7be325aa-4951-4bc9-948d-d4177d4cbb1c
Cormac Ryan,3.31,12.29,0.420,15.561,0.969,f3f41cea-955b-4ff5-b6fc-69991789d721
Alex Antetokounmpo,4.21,12.27,0.641,1.845,-1.233,34a56ad4-cc65-4406-9566-ff884e10c7af
Chris Youngblood,3.09,14.83,0.787,12.546,1.546,35206de4-a3c1-415a-b596-126c0ab7b44a
Jeremiah Tilmon,10.97,12.45,-0.870,-1.490,-4.187,285400dc-29c2-4d6a-83a0-5b87049c14f0
Terrence Hargrove Jr.,3.83,12.63,0.296,15.265,0.169,06c40ea5-9150-470e-8f6a-7cde4a102ef6
Antonio Reeves,3.29,9.02,0.480,14.651,0.176,19004e0e-7982-4513-bdba-24e11e49d49d
Javonte Smart,2.20,9.85,-0.472,19.513,-1.178,a340ee6f-51b2-400d-8c06-295617b4c779
Brice Williams,3.32,10.08,-0.164,18.319,-0.145,bc4eee96-6dec-4e4c-ac60-d467785926cb
Micah Potter,10.77,21.25,-0.884,12.329,3.586,1e89c60d-b20e-4499-aba4-b13dba295a52
Trevor Keels,2.02,8.88,-0.593,12.846,-1.485,58189b84-2563-4034-984b-e61021022c4c
Jaden Springer,2.67,11.53,0.101,9.561,-0.001,8a1c8d1a-13c8-487e-b85e-6b10ecc1d39f
Grant Nelson,15.34,18.93,-1.700,5.660,1.336,c4012fed-7c3d-4171-a8c7-3432c061c9d7
Wade Taylor IV,1.12,9.95,0.215,1.747,-1.132,d809ed56-e0c4-48ab-9cb2-e6e94a8c0842
Kira Lewis Jr.,1.80,11.50,-0.506,16.173,-0.117,ce287780-67de-44fa-86c2-d87dec5a1e28
Joan Beringer,19.00,20.65,-1.391,12.706,4.559,325d465a-ead8-4773-875c-a3fd83d18f23
DJ Rodman,3.57,16.28,1.562,10.827,2.730,18ec54f9-3c06-457d-a0c8-04f2aa513754
Manny Obaseki,4.14,15.99,0.834,18.149,2.137,e4cdd91f-718d-4c35-95d1-b3aa28ef79b5
Payton Sandfort,4.14,15.65,-1.321,11.443,-0.135,54f7a3fd-6e94-4630-9ca3-e05af980008d
Jordan Hall,2.41,16.10,0.312,14.768,0.618,4b98be48-a61f-4372-8f5d-25f914555a83
Caleb McConnell,6.13,15.24,0.395,10.934,1.364,9ea29be6-8741-4b28-9a3f-b73d1919c900
Kennedy Chandler,1.72,7.27,-0.528,9.821,-2.274,90cef14e-ebcc-4a00-94e1-b06d8ca04701
Hunter Sallis,2.80,10.40,0.087,6.820,-0.912,6d6c60fb-827b-4b00-9033-8fb8a4fb0f32
Isaiah Stevens,2.00,8.91,-0.308,11.768,-0.978,27b14c86-8f8d-4cd8-a8ec-bb051cd871bc
Damari Monsanto,4.45,15.41,0.117,20.174,2.006,63a42b38-d8f6-4214-aa03-cb4263b02a9a
Martez Brown,9.30,15.65,-1.102,4.304,-1.460,15a40435-a0cb-41f5-8680-120339364fa1
Kameron Warrens,5.96,10.93,0.620,9.821,0.230,14a1175f-1e82-4a12-9edf-f9445dc58270
Sheldon Edwards,1.55,11.19,-0.149,15.385,0.516,8d385c74-6c2b-4704-ad41-8e5519b11012
RJ Felton,5.69,11.85,0.388,14.122,1.761,a593fa2b-cb79-4f8a-8139-bba7a2133f2c
Tyler Polley,7.79,8.32,-0.452,14.538,-0.275,e48e99e8-0b78-493c-9d6f-15b65e7869c6
Dereon Seabron,2.39,15.46,1.865,14.678,1.183,9cd83bc4-5c2c-4f4d-ba20-8fc69a4cfa8a
Ruben Nembhard Jr.,2.63,8.91,0.205,10.596,-1.286,27574eb5-d76b-4147-882e-38f3edc014b3
Cameron Hildreth,2.04,12.53,0.204,11.373,-0.481,2c4cbc5a-83fe-4562-afdd-859499b77aa5
Jarron Cumberland,3.82,12.69,-0.582,15.369,0.144,46d86ca8-8056-40c4-8024-2ba83293aa17
Tyreke Key,1.93,9.86,-0.390,7.707,-1.530,a9ab59d3-2f04-49b0-b4fd-a265d98af568
Victor Oladipo,1.82,16.32,-0.044,12.373,0.721,ff415fa8-89ef-11e6-bc85-a45e60e298d3
Killian Hayes,2.96,10.91,-0.041,14.099,-0.651,9a826fec-5df7-4a14-8637-3364dc9433c2
Tidjane Salaun,5.62,21.57,1.285,14.095,4.837,abc5b21b-f2eb-40cb-a9e6-6eb5abeafe60
Jaylen Martin,3.28,11.98,0.176,14.271,0.227,70021baf-68ca-4b04-a865-fe10b1450b62
M.J. Iraldi,5.13,11.60,-0.929,11.072,-0.999,bc70e8c9-c8ff-44fc-b539-10f863d5efec
Quincy Guerrier,7.30,17.08,1.510,7.875,1.630,e7a09800-4dd6-4745-8dc3-2bb848800f9e
Jarkel Joiner,1.96,9.66,-0.169,16.677,-0.353,994212e5-17be-4696-bd46-0efcd68787bc
Donte Ingram,4.14,9.13,-0.288,13.888,0.089,1034b6f9-7fc5-4f5f-94fa-2ab920658dd3
David Jones Garcia,2.98,17.89,0.657,17.029,3.478,8207e744-783c-4fac-8d78-52acb829f00c
Desmond Cambridge,6.05,14.02,0.999,22.946,2.840,5f4ae0bb-b9a5-4c83-8441-1e627500c265
Matt Allocco,1.86,11.52,-0.559,18.377,-0.099,1542fce4-02f8-434c-8e0b-c655313fea33
Jonas Aidoo,13.70,19.87,-3.339,3.596,-2.359,18e9a256-6619-4a10-a5dd-2c89bb7cfb0a
Zeke Mayo,1.44,11.56,-0.293,14.363,-0.323,2aa9c687-ca9d-4478-a2c7-8f2797b308b2
Caleb Grill,2.09,10.92,0.037,12.572,0.237,bbae8544-616e-4d08-9a98-a20e5d47e694
Trey Galloway,3.92,12.11,0.575,15.984,0.394,8303a10f-1748-43ee-9c4c-59abdffdaf87
Aminu Mohammed,9.54,11.99,0.618,11.216,0.458,6abaacf2-5a3c-4c72-b19c-2a645dd84022
Luke Goode,4.71,10.90,0.377,8.124,0.393,4144db18-4210-42b8-af58-fd1dd83e87c6
Asa Newell,9.23,15.01,-0.518,11.984,1.332,eb38ea24-c68c-4f72-9a55-2e397b4f0124
Au'Diese Toney,5.88,7.95,0.712,5.741,-0.925,a127ee52-bbec-46b6-990c-93a2c3d57b87
Daniel Batcho,17.03,14.83,-1.332,-1.353,0.019,72e13ad0-9840-41e7-b88f-ab295ef762fb
Dariq Whitehead,2.63,11.88,-0.428,17.423,-0.173,9f8b2ee3-8cc5-4a92-aeb9-c8c52d6e37a2
Makhi Mitchell,10.64,20.53,-2.317,7.111,-1.316,fec781d1-53e1-4e5e-baf1-7937603be356
Lucas Williamson,1.47,9.69,-0.248,7.353,-1.375,f0ae386a-6794-4f37-b447-84822aa60c4b
Liam McNeeley,2.72,13.84,1.606,10.841,0.540,ba22d012-f7ce-4a1a-873e-d6c3ccf7ae5a
Quincy Olivari,1.13,18.57,1.257,14.210,2.614,cbbbce73-763b-4e1d-820b-1b8f62857eaa
Cam Carter,4.42,14.98,0.992,10.301,2.180,a183c842-9603-4691-9abd-612235152ad2
Sean McNeil,2.50,8.12,-0.027,11.977,-0.771,4f71e857-f644-4dfc-9ae8-65416c90df71
Javan Johnson,4.67,8.74,-0.041,19.117,-0.542,5bf3dc6a-f0bf-4146-9233-0714a95538e5
Jason Preston,5.41,15.88,1.216,16.641,3.851,b609ade3-6177-4d12-8f4d-e717beb97f97
Ethan Thompson,3.64,14.29,-0.580,13.794,0.824,e303b1cc-a268-4f85-8063-e447c757ede6
Trhae Mitchell,2.16,6.88,-0.305,3.712,-2.015,d98ecec8-9937-426e-ba9a-e019ec88d94f
Taelon Peter,1.39,16.20,-0.466,15.043,1.333,c870f7e6-686b-40b6-859c-ced3b397cbd8
Kyle Rose,4.67,12.28,-0.364,10.048,-0.530,c7fe17cb-17b0-4fe5-bfde-60cdce624f03
Jaelen House,2.56,10.87,-0.007,10.562,-0.596,e14de0fe-50fa-4322-a5a2-55cb2137e6f2
Chris Mantis,2.00,10.93,0.500,2.740,-0.366,d2d320cb-de1d-4f2f-b238-9697f02b41ff
Ron Harper Jr.,2.92,14.66,0.035,13.559,0.983,0fc9db0f-ca5e-49e9-a003-973fa4fd8839
Jaxson Robinson,3.60,9.49,-0.493,13.893,-0.301,e7e970a3-7025-4ccc-b0f7-271f94238ee5
Matthew Moncrieffe,12.37,17.41,1.900,7.507,3.398,3d0d89b4-df1e-43a9-9870-4329d5e8161c
Kobe Bufkin,2.38,10.78,0.551,8.745,-0.332,9e453254-b85d-43ba-a615-8bf683d94834
Yanic Konan Niederhauser,13.59,25.33,-0.442,4.150,1.776,c4c0b9a3-5f7e-4611-977b-e0d73c08a29c
James Akinjo,2.23,8.92,0.555,16.717,0.291,889010b1-1e41-4488-97c5-030be0d70083
Stefan Todorovic,4.34,14.45,0.287,11.524,0.877,a0dbe31a-75c6-4777-a920-d506c5633bdf
Trentyn Flowers,6.05,16.97,0.529,14.035,3.804,c917a1b8-8537-4dbe-91bb-c8e376d71ee4
Cameron Parker,2.08,10.57,0.330,12.256,0.028,15e3cffa-aed2-4d74-a8e0-ec06dfea63c6
Alex Schumacher,2.86,11.97,0.510,13.382,0.769,74b58589-0ca1-4a71-ac83-93c57a2e8b83
Kyle Guy,1.05,12.61,0.177,18.853,0.432,9eed3d99-6049-4cd0-96bb-4fabb8ad8ddd
KJ Jones II,5.50,10.11,1.308,8.685,0.416,b34e01c3-fde9-402e-a381-1abc45ea21fb
Mark Armstrong,1.97,7.44,-0.565,0.794,-2.315,3bc6f704-0fda-4f85-a681-a41d1178948b
AJ Hoggard,1.75,10.25,-0.414,8.046,-1.306,91fbbfa3-eabc-4c5d-b0d0-b2fc674c84bb
KJ Simpson,4.38,10.89,0.947,11.534,0.420,1287087b-e6ba-41f9-b2b5-a3d2d1c8d682
Nojel Eastern,5.93,12.23,0.149,10.799,-0.355,b2251f82-7770-4e0b-994d-c33ff4a1b39d
Jonathan Pierre,3.07,17.49,0.157,23.112,2.606,94306db4-8243-44b3-9f3e-eb1dd9e258b7
Ben Coupet Jr.,5.29,11.66,0.078,18.058,0.764,8c1d8070-eb6a-44ee-bc37-0a07ad5267fb
Charles Bediako,16.18,21.10,-2.264,3.908,-0.045,40e03646-000c-4ccf-a366-50f9477583e5
Pacome Dadiet,2.80,12.65,-0.070,9.890,-0.046,810fd8fe-5999-4962-9441-004f4a25fea2
Zyon Pullin,2.61,9.63,-0.357,4.484,-0.988,21f03dac-c84d-48c5-80ce-a54781f63914
Zhuric Phelps,4.67,16.12,2.024,16.954,3.122,cbddda95-fa69-4ae6-b6b0-247f5c669b7f
Paul Zilinskas,2.74,8.82,-0.521,7.927,-0.676,fb3799f7-55e6-46cd-8dba-16e86ee83d37
Pete Nance,3.97,19.58,0.297,13.321,0.542,a9d51846-7123-4773-be70-de509c877a08
Lacey James,12.41,16.02,-1.413,-4.511,-3.239,04c6579b-6a42-4b88-944b-6cc896241e84
Tevian Jones,2.44,8.80,0.156,14.858,-1.100,1d44afa0-7106-441c-b8ed-cc5e216e866b
Nolan Hickman,2.62,6.78,-0.422,5.244,-2.277,b8b01afe-00df-407e-b0ee-229eacce163c
Franco Miller, Jr.,1.69,13.27,0.584,8.852,0.108,d681a7cd-c0ad-4497-975c-f750b762a74e
Bryce Thompson,1.75,11.90,-0.541,7.675,-1.963,cc61028a-3c21-4917-a6fe-607bb4085636
Tyson Etienne,1.50,9.23,-0.055,7.573,-0.850,316deed2-3f6a-4c1c-9508-2dd0c937cd4c
MJ Walker,3.23,8.03,-0.428,5.684,-1.205,2733a0f6-5816-47e9-9972-a4f253f15038
Chase Hunter,1.76,7.94,-0.311,11.152,-1.172,50fd1b80-b17c-4168-9cd8-b67adeef9040
Keyshawn Bryant,6.00,12.44,0.558,14.225,0.680,8bfb0e3f-2c04-4dd5-ab0d-c7bf453b1ed5
Paul Watson,1.79,11.45,0.459,12.812,-0.023,1aae577a-f08a-437b-81ed-160d66e586b9
Justin Jackson,6.33,18.24,0.176,22.037,3.892,0867f70d-4848-4664-82fb-db397233e78f
Keon Johnson,3.69,18.96,-0.168,12.568,2.381,7cfacef2-8c7b-41e7-9df3-4a570a6de468
JaQuori McLaughlin,3.26,9.69,-0.456,21.654,-0.172,a05930e9-6846-4c42-b5d6-f859b92d97fd
Ahmad Caver,1.37,7.95,-0.648,6.758,-1.910,b37bbd3b-102d-42c2-9bfe-7874d64e9068
Bryson Warren,2.58,7.48,0.226,10.389,-0.972,de89d563-ec4f-4356-8cba-afd95b5a975a
Trey McGowens,2.95,9.91,-0.171,3.994,-1.524,a17cb8d2-4fe7-49a1-b4b9-e56f6316d694
Kevin McCullar Jr.,5.36,14.21,0.758,25.344,2.000,1ebb0958-b242-4b10-a0cb-cc3182f35814
Jabri Abdur-Rahim,3.49,10.96,0.221,9.015,-0.465,5ba18e46-b710-44bf-8369-1185adf0ce77
Lahat Thioune,14.22,22.73,-0.598,10.089,2.834,81875c9a-a727-4662-bd59-5ce020b80d6a
Buddy Boeheim,2.27,12.76,-0.728,10.679,-0.306,b19737e4-2806-4548-b14b-2062175fb05e
Ebenezer Dowuona,7.20,21.12,-1.903,-0.712,-2.824,d435507a-b78e-4251-8feb-ad8c5d01dcb1
Cameron Brown,5.98,13.92,-0.672,13.489,1.232,c2df5312-12de-4f83-9d1a-3f3c2ab6148f
Johnell Davis,4.39,17.24,0.473,12.823,3.014,7ddd09bd-a98c-468f-ac39-239c33fe8d79
O'Mar Stanley,12.19,15.25,-0.806,4.640,-0.893,c35585ea-5c0e-4c72-bd00-07eceb71ee47
Tre King,4.95,13.77,-1.102,11.771,-0.493,2928912b-dd61-4f60-aa20-a01d295e03d6
Jahmai Mashack,6.79,10.92,0.592,15.552,1.225,f851dd8e-83fb-42a9-8b76-cc5afe5350fa
D'Andre Davis,6.81,10.63,0.191,5.289,-0.045,93c1ccb9-a43d-42a7-a037-b8d2057acc02
Zack Austin,3.96,10.49,0.586,1.862,-1.403,cdb9a6bd-2259-43bc-9209-03da5b72234b
LJ Cryer,1.83,11.46,-0.112,19.300,0.686,51c89cc1-c192-4e07-878a-436ad5c2c70a
Miller Kopp,3.90,6.57,-0.352,4.311,-1.487,817c559a-6812-42ce-8373-1e8132f3b917
Nikola Djurisic,2.97,14.59,1.104,10.712,0.325,0e381936-04ed-49fd-87b0-400686b3e145
Ben Saraf,2.57,11.37,-0.252,10.091,-0.702,f92bdf23-732f-412f-9b84-9c088cd9474b
Danny Wolf,7.48,23.70,0.482,9.284,3.505,0b1b2334-050a-4f4e-bae7-3865147c950f
Pedro Bradshaw,6.37,22.07,0.260,17.607,4.785,881e8c41-f4cb-44fa-9caa-782d1e294daf
Myron Gardner,6.33,24.02,0.672,15.112,5.022,8de6d5bf-730c-4c48-8f00-7f9da72e979e
Augustas Marciulionis,1.14,11.68,0.474,9.041,-0.293,89ff2dfc-818b-4d2a-beba-efe0422f6d4c
Nick Smith Jr.,1.41,12.47,0.439,14.534,0.680,b2d1fbf7-72be-4469-b0c2-db6677a145bd
Reynan dos Santos,5.49,13.21,1.250,8.172,1.626,e3cdc093-14ad-4686-ade9-7fc70c5a5a88
Chase Jeter,16.36,12.63,-0.064,6.727,0.210,ea3ac175-ec80-45da-aa31-7c38b04c7657
Jameer Nelson Jr.,5.37,7.46,0.480,8.037,-1.339,55218f5a-96d0-455d-953e-1af096389bc1
Terry Roberts,3.02,11.33,-0.222,13.247,-0.571,6b0963ac-b00e-46cd-94e8-e60dc3238718
Cameron Martin,12.35,23.31,-0.732,8.211,4.282,99e062a8-b28c-47b0-9682-92a5d2461cd1
Keshad Johnson,6.49,19.21,1.577,15.837,4.034,c5cb7e86-5c88-4bd2-bf14-22a65e7bd094
Evan Gilyard,2.21,7.68,-0.233,7.409,-1.263,0f656aa8-c62c-4fad-ad9f-3442cdc15e50
Symir Torrence,4.32,10.44,-0.274,12.065,-0.445,6779419d-662d-4a38-b2ea-cb8e012eed8f
Sy Chatman,13.24,14.80,-0.787,5.599,0.285,ea9cdbe0-fa96-437f-99d0-f1c67185f3e7
Eli John Ndiaye,7.87,22.28,0.292,7.676,3.067,541d7cbf-04ae-40eb-9401-fc9f1fffdcf2
Hank Morgan,5.19,10.35,-0.564,17.549,0.537,29d938d7-ce0a-4aba-9b2e-b17b2e8d8ee5
Cody Martin,4.56,12.39,0.076,11.469,-0.049,0000b397-3cf4-4dd4-a910-000000000131
Rasheer Fleming,6.72,14.13,1.488,20.287,2.578,4639f41a-c88b-4cf0-91c2-c36d9d4c1e5c
Omar El-Sheikh,11.39,23.72,0.717,6.489,0.766,bdfadf82-2b4c-44e8-ae46-a6e3c9957744
Yuki Kawamura,1.60,15.87,1.288,19.631,2.239,3d921f8a-1119-4e42-be46-c22ae84d5f58
Bronny James,1.72,9.77,1.391,3.471,-0.840,ec9d7a06-798b-45e0-8eae-a5bfdd92f0ba
Sharife Cooper,3.06,13.71,0.157,11.602,0.760,2d470912-d9ac-4456-916c-372fc4c84cdc
Brandon Slater,8.62,12.64,-0.161,34.336,3.905,eb81af0f-e8c9-4a55-a018-bb56cbc130ff
Brian Taylor,5.22,9.23,0.340,9.608,-0.808,ef62751a-0816-46fa-9160-054ef9ec64e4
Jamir Watkins,3.93,21.78,0.758,20.027,4.631,84ba6ce6-9c37-4225-8f84-14a5cbacea65
Isaiah Hawthorne,5.24,16.31,0.834,5.554,1.696,e186218b-ea58-4542-af85-ac121949c255
Jamal Cain,8.53,16.11,-0.428,12.935,1.212,f42a8b63-1ab4-447f-b74f-be293fc58e99
Steven Richardson,5.07,10.12,-0.265,9.207,-0.006,1baa93ad-ae20-4faf-b428-11c4aac33778
Tamar Bates,4.79,8.23,0.642,10.206,-0.003,4e132a3e-20b7-4058-9b69-c71ed0bfd654
Trey Townsend,3.18,9.16,-1.623,-4.081,-3.657,32735ab8-9eea-40c1-93be-395428840de8
Elijah Harkless,3.65,8.79,-0.386,8.519,-1.451,629588b6-9560-45b9-ae52-ff90c299fc4d
Dawson Garcia,10.14,13.85,0.223,12.493,1.886,4aa2ea37-df6a-43f3-9838-5bb4d2e13186
Kaden Anderson,10.48,11.43,-1.925,0.556,-1.975,d3403310-4ad2-4ea2-9072-623f9adefc8d
Hunter Cattoor,1.70,9.52,-0.239,9.367,-0.811,3b01bc5d-08ef-4a1a-afff-52c5c9f81849
Patrick McCaw,2.59,11.28,0.309,15.251,0.605,ff42a38f-89ef-11e6-bb23-a45e60e298d3
Riley Grigsby,8.36,8.37,0.797,1.153,-0.392,5b7fafbf-2163-4b93-a29d-fc83e9946914
Marcus Bagley,7.51,18.54,0.435,5.972,2.173,a39bf7f9-11fd-434e-9673-4a184061ad7d
Adama Bal,2.36,8.70,0.380,8.783,-1.071,3559f9a3-9132-409e-a701-a4c5757cb325
Taylor Hendricks,4.65,20.44,0.169,19.309,3.335,91ee33ca-2f8a-421c-8a4d-b0f98d5bc54c
Stephen Mitchell,3.96,8.33,0.594,5.318,-0.319,1d1c157c-d6cd-492c-8ac1-aca3b6d6c04f
Michael O'Connell,2.80,11.88,-0.585,16.216,-0.395,e4133038-cf2f-4227-a6d5-566eb968a245
Seth Maxwell,7.12,11.16,-0.907,-3.290,-3.971,12d95e3f-d714-4300-978c-245c9d0f302c
Adou Thiero,4.58,18.10,0.139,21.749,2.829,9b945fc0-d3bb-405d-bf43-95c6e7d7e87b
GG Jackson,5.38,14.68,0.817,10.379,0.776,de22ebf7-4f76-48b4-805b-b5f87858922f
Pierre Crockrell II,2.04,9.84,-0.010,13.805,-0.475,1a254905-e1db-43b8-9f5c-b1bf4e663150
Kasparas Jakucionis,6.83,16.13,1.201,11.352,3.965,f4881a74-343b-4005-b701-3f53c512aba6
Yuri Collins,2.08,9.19,-1.099,13.306,-1.629,7a58adf5-73d4-4f5e-b042-6ab0d8862313
Kevon Harris,6.01,15.51,1.109,13.619,1.985,8190d885-1fd0-4dad-99d7-2431cc018492
Micah Parrish,6.46,10.29,0.085,11.301,0.832,a233b4d2-746c-48be-9d0d-ce655385c605
Colby Jones,1.96,18.27,0.725,16.369,2.648,80ea0675-30db-4ebf-b37f-eb50552e8d0e
Adam Flagler,2.27,8.21,-0.671,10.388,-1.506,60b1ff6f-7e65-4d93-8b0b-fe76747cb0db
Chaz Lanier,0.37,7.43,0.148,16.327,-1.791,3ff2c55c-8857-4cde-85eb-a42b87da7dcd
Jahlil White,4.93,15.05,-0.896,15.214,0.171,e21b31ea-a8e5-41ad-89b1-72a56bdf59e1
Nolan Traore,1.69,11.01,-1.506,11.319,-1.975,4b2dd1ee-169e-4af4-9877-1e600ccc1ac5
Steven Ashworth,0.79,10.28,-0.405,4.334,-0.901,63e0883f-eae7-4a6c-ad8f-c7670247241e
JD Davison,4.31,14.98,-0.134,32.154,2.743,833b573b-1366-463c-92ea-56e7718c0dc6
AJ Johnson,2.82,9.23,-0.694,2.892,-2.540,2b0ac9c2-0fa5-4ee6-9881-03b737e11dc3
Ariel Hukporti,9.48,20.74,-1.205,8.884,1.626,91a10e2e-9784-440d-b0a4-83a8db044c1d
Devin Carter,7.64,16.46,0.848,17.016,4.165,8a8e683b-3939-4208-b55c-bc9cefe13a54
Nikola Topic,2.33,11.27,-0.104,4.536,-1.736,deb86c8a-aaa2-472e-a66d-a1cbace2c797
Vinicius Da Silva,15.18,18.58,-0.803,8.918,3.401,63049d09-0880-48ee-af08-c8f25b874237
Omer Yurtseven,20.00,27.85,-0.714,22.777,10.417,6811ad75-3527-4bfc-b0bc-8fd46ec62535
Emoni Bates,2.11,13.87,0.192,1.954,0.458,9f1d3f5e-1bf4-4a41-81f4-516081353643
Jaykwon Walton,4.48,15.26,1.575,17.524,2.826,59731b4a-481f-4699-a3fe-f39676cc079b
Caleb Love,1.13,11.97,0.461,18.281,-0.413,163d0a85-fc13-4c76-8e98-93aae28417d2
Giddy Potts,2.19,13.11,0.985,24.283,2.009,7ac29d25-418d-4bf3-b302-cda0f4aa7cae
Jackson Rowe,6.25,19.44,0.716,15.720,3.436,87777cd1-2099-4edd-8256-f29343fa0fd4
Jacob Toppin,9.38,24.55,0.744,27.479,6.684,9e0abf37-2963-4f62-b8f7-104fefa58273
Dajuan Harris,2.87,8.07,-0.128,23.124,-0.542,51b4a0a5-880c-48d7-a342-2b25ec6cc206
Cam Young,6.56,16.00,0.278,17.089,2.642,f61521e8-e7f3-4526-a0fa-efedc3c820ca
Max Klesmit,0.84,10.06,0.100,5.411,-1.208,ce1fc58a-6a2f-40f5-a83b-c0acdcdf2e01
Terry Taylor,9.15,13.67,-0.765,13.117,1.027,0852ab90-243b-4951-bfb0-c536f151cba5
Chucky Hepburn,1.00,6.93,-1.038,-3.784,-3.461,4ac4a0ab-ea85-4870-8bd5-9670073a3df4
Erik Reynolds II,1.81,5.03,-0.039,10.331,-2.067,f3572151-dba9-4dc4-a48a-792e17a3180b
Dakota Mathias,0.74,11.15,-0.540,7.111,-0.594,9f1f34c6-66d2-4093-9328-d2fffffb97d5
Noa Essengue,6.25,22.41,1.541,12.938,5.257,fe09888e-ef47-4152-a457-e6f4e04aee54
Nathan Mariano,7.14,17.65,0.570,15.737,1.641,6e090c81-2a42-43d1-9e4e-bd5a04f09b10
Wooga Poplar,2.16,12.74,0.357,8.158,0.140,b3aaee9c-4272-479b-9fdc-7b99458903ea
Jamaree Bouyea,2.63,15.48,-0.194,21.925,0.953,e35aa016-05af-4a0b-92b3-b0d987d11892
Christian Koloko,16.47,15.31,-2.512,14.473,-0.221,efbab460-ac97-49e1-aa9f-6e7da27ab2df
Nathan Missia-Dio,9.85,12.50,-1.412,-1.015,-3.352,ef69e667-2cb2-4590-bb9e-561480e2abeb
Kam Jones,3.21,10.48,-0.281,13.034,-1.258,93ff04cb-5390-4709-a521-c7ce58713f31
Jay Scrubb,3.03,14.11,0.527,15.907,1.268,8488ec31-e9a6-4535-a007-3b6fb6c5f1bd
Tyrese Hunter,2.42,7.63,-0.953,17.539,-1.286,4f89702e-6e19-48ef-9be1-8da8a0837a2f
Caleb Stone-Carrawell,2.53,13.56,1.140,2.857,0.763,c0ac23b6-44cc-4fe7-8a81-560c7fc1003d
Jamal Bieniemy,3.11,8.20,-0.337,24.259,-0.941,5659992f-2487-47ce-83f7-baedce2a090e
Craig Randall II,2.03,9.65,0.018,2.842,-1.053,57c94d1b-101e-4b0a-afc5-d9716233e92d
T.J. Warren,7.39,8.70,1.298,14.237,-0.141,ff401666-89ef-11e6-b554-a45e60e298d3
Noah Penda,7.25,30.56,1.714,24.127,8.789,8257785f-b06f-4feb-a7c3-c58c4fbf99d7
Branden Carlson,11.48,26.03,-1.027,24.342,6.049,c401774b-397d-4c15-93a0-592eb4752dac
Cam Reddish,1.87,19.83,0.969,28.974,4.182,5cef3c95-c7c7-4206-b70c-41f647f9498b
Ethan Taylor,4.57,8.38,-0.362,15.694,0.191,b4569bbc-b31d-4504-a59a-fe40691d1d00
Tyrese Martin,5.88,17.59,1.402,12.694,3.546,1d3ff68e-d714-4f70-b952-02cf2252e990
Ryan Nembhard,1.09,11.17,-1.756,4.830,-2.023,f43050bf-10e7-4919-95a0-272b4c616687
CJ Fulton,3.55,11.88,0.130,14.412,1.150,e2d1008a-5cc8-4a4d-9f54-0bacfbd083be
Kellen Tynes,1.50,8.55,-1.127,26.494,-1.202,83a05254-611e-4587-a927-613bde48b6ba
Jamal Mashburn, Jr.,2.60,10.56,0.228,17.661,0.646,e2dcfe4a-9e16-4ab8-8eee-e15ca0db6eb5
Zach Hicks,4.27,10.49,0.439,15.849,-0.705,8e62f792-31da-4509-a4a8-d0bd4144b94a
Cheikh Mbacke Diong,16.07,31.25,1.374,15.418,7.184,7efefdc5-c8ee-4221-ac12-a35549517aa2
Rayan Rupert,6.74,19.15,1.853,14.753,3.404,f99ade9a-ec49-4d41-b7f8-7e1b16c9ed79
Justin Edwards,1.86,14.58,-0.688,11.293,0.993,c2b8cc6a-c87c-4dc5-bfea-c4630c2b6f3e
Jazian Gortman,4.17,9.82,0.190,7.497,-0.695,dd6ea48a-5adc-4411-bead-f2cf2861a9ce
Antoine Davis,3.61,8.47,0.427,8.240,0.481,cc05d44b-5260-48a3-b9b6-61ce282a67c0
Vernon Carey Jr.,11.25,21.31,-2.044,22.115,2.515,9dc84f16-116c-451e-a191-b54f210fecbe
Malaki Branham,3.67,15.52,1.016,7.856,1.178,13030bd6-e3d6-4e2a-9685-88300bc4ec5f
Drake Powell,4.10,12.98,0.463,18.499,2.099,ed72fbc9-1066-46d8-872e-9a437c4e536e
Obadiah Noel,5.88,14.95,-0.711,18.318,2.650,ae301693-1228-4496-9f09-3dede6e84191
Jermaine Couisnard,5.56,14.85,0.826,20.518,1.932,395250e2-3fc7-41ec-b3e5-be2b920a6458
Trae Hannibal,5.60,14.29,0.332,23.095,2.542,636fef85-a117-4abd-96b9-a45df0f16b53
Philip Alston,9.89,12.79,-0.784,-0.699,-0.965,f05622f9-9133-4b26-8fce-07c056dbcf6c
Ricky Council IV,2.82,9.49,-0.811,-8.174,-3.336,9027d4b5-4d3d-4ee2-98cd-3d105aa7044b
Eric Ayala,10.13,12.77,1.847,31.446,3.358,0ed3aa02-c44c-4b25-a16c-d448d88b92ea
Vance Jackson,4.71,16.85,-0.281,-5.941,-1.574,2a70adf2-b7a5-4028-b567-a3b18585a709
Trayce Jackson-Davis,14.58,22.64,0.232,7.194,4.313,1991b894-8a5e-4744-a72d-9bd7cb7663c3
Geronimo Rubio De La Rosa,4.55,17.28,0.159,19.725,3.984,5bc79052-06fe-4165-bc0d-7121fc331302
Marquis Barnett,6.90,22.06,2.738,18.069,5.938,7edec21a-68b6-453a-b51f-2e3827a52d7d
Jordan Bell,8.70,17.14,-0.230,1.363,-1.405,07a35d50-2dd1-4476-a9ac-b6e7154ce069
Garrett Denbow,1.80,9.38,-0.261,8.765,-0.951,13631116-cd60-4bc0-9a41-6fed5d44b41c
Cody Williams,2.73,13.51,-0.656,23.950,1.042,8b49e58d-df58-4e21-b984-2bda3ce246e6
Esteban Ezequiel Roacho Amador,6.90,11.69,1.908,12.351,2.396,2d23e4fc-8b5f-4131-af0f-83b0ae3a2c69
Julian Phillips,7.69,12.94,1.789,20.390,4.116,76ada8a1-6ec8-4915-b57e-fa234b1f2788
Olivier-Maxence Prosper,7.02,19.35,-0.564,29.431,4.260,28df8a9e-306a-47ee-bb0e-55b9ea87d542
Jack Gohlke,3.77,7.69,-1.613,30.341,-1.079,20e6b7dc-2172-4ce5-a2c7-f61c3c89d703
Mohamed Diawara,8.47,15.49,0.258,29.794,3.481,cb172f69-5e77-4552-a43b-b2993cb7f689
Feron Hunt,5.56,18.75,-0.748,14.715,3.393,5210db69-14a3-4c9b-ad2a-62c349f4ac65
Dalton Knecht,0.00,17.07,1.279,5.248,0.867,b8da7ce7-11b7-4a94-acd4-f309bf4b6333
Maxime Raynaud,6.45,28.57,-0.891,14.314,3.452,31a1e47b-7784-4021-b7f2-31e4ef972892
Lance Terry,3.75,5.19,0.149,20.484,-1.464,2c5a45b8-029d-4556-9186-221becde7ae7
Javon Freeman-Liberty,3.42,7.20,0.782,1.028,-1.958,a28cdf29-f659-4646-b964-87ec3c295ae4
Markelle Fultz,4.42,8.16,0.149,11.871,-2.430,1114f266-df53-4313-b425-0021dd87864b
Issac McBride,3.95,12.50,0.370,27.117,3.303,e98d2d7d-61a8-42e6-9c79-f1c3d6667ec9
Kobe Brown,8.00,19.15,1.179,41.963,3.882,751e59b1-45ae-45f0-bc03-01f6c87520a5
Dalen Terry,2.27,11.34,1.076,12.316,-0.224,8fc64d15-1d47-47e1-bb04-d03f75dccc5a
Kario Oquendo,6.90,14.04,0.620,27.332,3.322,1ea004d3-81c8-428e-920e-2fde02ccf379
Javon Small,5.77,19.15,-1.745,30.082,3.461,6b98a36d-b1bc-4b68-bd5b-0671580d44c4
N'Faly Dante,12.00,32.14,0.316,4.230,5.877,d6eaf02a-27a0-4e40-8641-632e8d39f965
Josh Cohen,10.42,14.58,1.759,-11.068,-2.443,e74d5547-334a-49c7-b5e5-a33913f3596c
Jean-Jacques Boissy,5.95,10.14,0.026,16.087,1.331,3cd15c37-c35d-4061-82f8-728bfefd34c9
Blaise Threatt,5.97,23.53,0.937,27.007,3.344,7bf581f6-845d-4d34-9460-f09f129eb841
Kalil Thomas,1.54,16.13,1.838,6.933,1.772,1e30df52-91e3-4394-8265-d813a892b8c7
Will Riley,3.67,6.67,-0.588,11.895,-3.245,3fb6c927-c443-46a9-aecb-1105dfb05233
Ray Harrison,6.59,6.06,0.803,-1.986,0.948,57be9a58-9fec-4727-b978-d75c7e33e914
Jaden Seymour,9.09,20.00,3.118,36.206,5.728,667eabca-780b-45aa-8d74-a3418e732e81
Rahsool Diggins,2.82,2.96,-0.779,-2.685,-3.313,6404e275-f55f-42e5-8d36-cddd1661c335
Cameron Tyson,3.33,9.09,2.153,-3.617,0.708,18ede5d3-f2de-4f9f-a9c3-ffe37ac43566
Elijah Cain,0.00,13.70,0.556,13.619,0.249,2ce0583b-9426-44be-820b-de29934964ee
Derrin Boyd,0.73,7.69,-1.001,-6.343,-3.461,6dfc6fb5-d921-403b-b590-c1c4c3e900a9
Jared McCain,1.47,11.94,-0.625,-0.067,-0.384,eb79ea6c-b337-448d-ac33-7e92219822ef
Cameron Smith,7.69,10.42,-0.778,-13.530,-0.287,bd762247-fb20-496c-af57-0abcde142d02
Josh Minott,5.97,7.35,-0.525,22.711,-0.792,3dafdc09-40d9-4934-b9c9-8be3bd3eb90a
Tyler Kolek,1.80,5.93,-1.579,-8.338,-5.296,40faa5df-7ced-449d-bd12-300a2938370a
Mason Madsen,5.00,10.71,-0.937,10.847,0.198,d745163f-0ba1-4894-9467-cb7553e99081
Michael Caicedo,5.08,13.64,1.974,19.512,0.528,315d7d14-0a97-43d5-bbf8-4b59a0938e21
Tylor Perry,1.85,15.38,0.228,26.518,1.974,0b9ca9bc-f567-4768-9cc5-5e42d6fc8dce
Cam Christie,2.04,14.58,1.274,10.260,1.635,8a68ba44-d87b-41c9-94f3-c94e88cb37a0
T.J. Weeks,4.26,11.76,0.370,11.411,1.358,7d91ff01-e290-4fe8-955f-093a15c1d3b5
Devon Higgs,1.15,6.86,0.871,-6.924,-3.339,72b7a0bc-f1b6-4996-89e8-8c6535bd71c0
Walter Clayton Jr.,0.00,12.90,0.451,-7.299,-0.538,ae81ff91-c142-4a68-b826-4ae75af6a94f
Quenton Jackson,6.45,12.20,0.353,40.194,2.359,2916816a-1e08-43ef-953d-a81bfe3503ee
James Reese,3.13,16.22,-1.873,36.814,2.585,26f760b4-f286-403c-ae5b-8c4a2f2810ff
Ray Spalding,11.43,9.68,-1.936,-6.992,-4.241,ef25a4fc-8a16-4dd9-a1fa-e236cd842a32
Ace Baldwin,0.00,4.38,-0.147,-4.017,-3.469,6ab19369-4aa1-4aa6-8274-b595ac8902be
Jaden Bediako,20.83,8.70,-2.025,-17.365,-4.568,d22cb3b8-91ce-4a2a-bae7-a358a426a9af
Tommy Bruner,3.16,5.26,0.689,9.697,-1.742,9819211d-c92e-4802-8be4-018f1efe7932
Alex Toohey,7.32,11.11,-1.498,28.382,0.315,ac601971-3fa2-4aff-940d-0f5fa3745d0c
Elijah Pemberton,3.33,15.15,1.666,39.429,3.058,0fd95fbb-b175-40e4-a6c7-4864b5678d6f
Jase Richardson,6.25,5.26,0.893,9.016,-2.428,1cc4e557-6ed1-4db5-8816-1c00724e5554
William Hickey,7.41,16.67,1.544,7.168,2.665,5673cf85-4703-43f8-b541-dd3923d4c42b
Carter Bryant,0.00,17.24,-0.773,3.745,-1.297,18dc7187-8fc5-47bf-9779-e7a7694c498c
Tyrese Proctor,5.88,22.22,-0.373,23.397,5.640,27207fcd-251c-4d7b-8d11-48823d8dab1b
Jamison Battle,3.33,16.00,0.129,25.059,2.331,74f1f473-4fc6-4175-bf32-f1f99de73ef8
Nique Clifford,0.00,15.63,2.374,15.745,2.047,329049aa-89c8-439b-a0c3-dc93d3609931
Onno Steger,0.00,8.51,1.096,-11.236,-1.667,f033b782-7e16-4a10-b000-aff290ea4400
Tony Carr,5.88,16.67,-0.627,34.632,3.900,4eb5e112-86bc-45b5-a081-deb3f3aa0b67
Leonard Miller,0.00,16.67,1.254,1.707,-1.924,0eaefaeb-b40c-4fc7-9086-902dc1ab2254
Jae'Sean Tate,15.79,12.50,-0.949,15.207,4.862,80383c81-b671-4a11-b003-ae08fba34eb8
Ray Williams, Jr.,3.13,5.00,0.866,34.640,-2.436,5b0bdabe-6c41-4fef-bcc7-518987c7451a
Chandler Baker,1.27,5.77,-0.768,-0.329,-1.427,db071247-1883-4852-b647-0b794ee7cdee
Robert Woodard II,3.85,11.11,1.440,-0.338,-1.477,9bedc1b4-449c-42cb-b9a2-9b0cd3596329
Adem Bona,0.00,21.05,1.287,-3.427,-2.709,df125bae-eba5-488c-b948-9767e7090d40
Noah Starkey,6.67,30.00,-2.276,19.517,0.752,f5063d15-52b4-45d8-9151-24339b9db9b3
Alejandro Vasquez,6.25,6.90,-0.770,-7.630,-1.690,146e6f60-9f61-4669-902f-1f985d239c46
Jamiya Neal,4.76,7.69,4.345,-10.040,-0.826,bd101cdc-8e04-424a-8c61-034c93ff6be7
Terrence Shannon Jr.,3.03,4.17,-0.324,14.430,-3.960,94d35dd4-a4fe-47ae-a856-cd0d5b1193a9
Jace Carter,0.00,10.71,3.874,-10.726,0.903,d6029d99-f377-4558-8061-e383e37d162d
Jordan Forbes,10.53,8.33,1.964,37.115,3.638,d03f53e6-1f95-47b7-a843-dab2a10456f0
Jaire Grayer,0.00,20.00,1.980,24.019,2.965,c641880b-c90c-465e-8564-f6a741fae84b
Trevon Duval,0.00,10.53,0.371,16.479,-1.499,94ca1f88-1f26-4d28-aeba-c686a5dde5e2
Davonte Gaines,0.00,8.70,0.742,2.885,-2.261,6e74a308-26d0-4ebb-b5f2-5a0dbe334f86
Parker Van Dyke,0.00,13.33,-0.751,-11.839,-2.459,b25395ca-26fc-4977-bf67-3b99e73e1048
Joey Calcaterra,0.00,6.06,-1.467,-24.218,-5.510,f07958e4-943d-41bd-add3-e75692af9566
Isaiah Todd,0.00,9.52,-1.542,-6.063,-4.788,1dbb419d-3008-45c5-aade-fb964248499e
Josue Erazo,0.00,15.38,1.078,-4.686,-3.294,68813475-aec9-4124-948e-507895e853c7
JP Pegues,0.00,5.88,0.742,-16.467,-1.402,dbabc9d0-e8c8-4399-92a9-047c7ffb580f
Caleb Mills,0.00,16.67,0.847,50.610,6.075,05febea3-f49a-42f6-8214-9cdb36006544
Matt Becht,0.00,12.50,-0.873,50.253,0.402,37e8858f-5f40-4a44-8f60-2f6e2316aae8
Dwayne Cohill,0.00,5.00,-1.107,-15.915,-4.822,28c78fcb-5cfa-4d69-bf2f-416eef831e04
P.J. Hayes,0.00,20.00,1.351,50.543,-1.036,659ecb80-2665-4645-b890-ef69b738b5e3
Fousseyni Drame,0.00,5.26,3.338,46.630,-3.580,0870aa3a-22ad-4cf6-8f45-cbe6ca3f7e75
Marcus Sasser,0.00,0.00,0.450,-49.729,-5.464,5fc1833e-3993-49a8-8970-87ad09b61dff
Ileri Ayo-Faleye,0.00,0.00,-1.828,-62.771,-7.843,8419ad0c-1d1b-41ad-a04b-4d8bd3aff0a0
Keylan Boone,0.00,0.00,0.621,-50.476,-9.303,57039dfd-7492-49c5-b3c3-30c8422fda2d
Nana Appiah,0.00,0.00,0.774,0.000,-4.782,7ad88c05-18d7-492e-9c41-30b2f77e3266
Isaiah Moore,0.00,0.00,0.655,-54.756,-6.663,ffd1ae3a-bd10-436e-a214-71a0761663e4