Player,Shots,Shooting Fouls Drawn Per 100 Possessions,Rebounds Per 36 Minutes,Minutes (Total),SSI Player ID
Tristen Newton,954,3.942,5.650,1510,ea2c60f4-30d3-4154-b99e-b907b24658bf
Mac McClung,847,3.763,3.920,1221,d9671fc0-754d-4cd1-b61d-2f6526c31497
Lester Quinones,799,2.948,6.799,1276,e4c6a53d-37a8-4278-9230-5a9d9ccc6d02
Daishen Nix,923,5.276,7.912,1542,06212573-e2e8-4bfa-98cd-4484063dead1
Jules Bernard,871,3.650,7.397,1329,7c2fd9b6-9749-4ca1-8d58-b773ff9223dd
Dalano Banton,880,5.429,4.695,1150,ccd8ec3b-3e5b-4f39-9b41-91882f179a73
James Bouknight,699,2.266,5.673,1269,a4bca3d5-c8c6-408f-a4bf-22453062b4b9
Sean East II,736,2.172,3.806,1248,673bd14c-085f-4173-9211-d62ae307b0e3
R.J. Davis,687,2.736,5.163,1241,af3e4f66-d651-4875-9291-4ee32c6a65dd
Skal Labissiere,623,1.965,9.219,1211,0943dbc8-178e-4cab-97d6-3f31747698ab
Curtis Jones,748,1.710,5.986,1263,69489a71-b1eb-4fde-b687-6385e03c1e49
Sean Pedulla,710,3.061,6.096,1034,6068f2de-9744-432d-b3f4-f73da0894927
Zhaire Smith,641,3.009,5.765,1374,bf29165e-4d8e-4760-a070-5502dd6c2176
Jaden Shackelford,710,2.419,4.926,1257,dfffb2fc-160c-41a4-9a75-af0a21d2ba76
RayJ Dennis,742,3.328,5.232,1108,5c2a5944-cadb-4619-8b0d-04338c63a470
Jalen Crutcher,624,0.807,3.569,1392,938ea26e-95ff-4f3b-a385-a965af8195b4
Tyler Burton,688,3.118,6.226,1209,382afece-e02d-4ce2-92ac-92b1d2333d2c
Hunter Dickinson,612,1.448,14.805,1165,00c80505-49a6-4ed4-ae3d-decf5a59b3a2
Trey Alexander,698,3.960,5.328,1169,eae5a4b1-2701-4843-b7ed-ac8677e6446b
Kevin Knox II,640,3.110,9.410,1067,868bf1ee-0aa9-4762-a685-b32801d25e6a
Dink Pate,731,1.956,8.578,1326,dc8f2d40-88ec-44ef-b6ef-09404a5d49cd
DeAndre Williams,622,2.812,11.024,1038,d240c74d-0376-4b1e-998d-190b778ced1b
Max Abmas,629,2.784,4.494,1193,23961594-cb8d-4560-b709-2ace5a6b16a4
Jaylen Sims,638,3.826,7.246,1177,4e475993-d453-43ef-a5dc-52e715e3e5db
Keion Brooks Jr.,661,2.784,7.902,1257,088649fd-bea2-4353-a931-850c918b0337
Blake Hinson,593,2.522,6.086,929,64b12646-2555-4dd0-98eb-cb169b3ee58a
Josh Christopher,601,1.797,8.452,933,207daaca-464a-4e71-8c77-cae31615c0e3
John Tonje,614,3.313,5.806,1141,5bfe6dcb-3da9-45f9-95c0-ed690168c7ba
Tristan Enaruna,574,3.730,7.294,1007,998f2322-7dab-4353-99d7-b23e57eeb3ed
Dane Goodwin,606,1.160,5.742,1317,83cf7787-d441-4c3a-b5de-a2b2a623350b
Kyle Mangas,597,1.724,4.857,1208,509e10a3-69e7-41cc-a0b5-44de8eb4659f
DaQuan Jeffries,557,2.147,7.643,966,b969f906-aab2-4845-b038-70ec8482bed4
Malcolm Hill,596,2.323,5.595,1255,99f046d4-e2fe-495e-92e9-472b6f6a9c22
Isaac Jones,555,5.140,11.521,1000,a35d4b94-e6ff-4f4a-8f40-d64d70dd4c3a
Dexter Dennis,630,1.786,5.213,1257,b9d78738-9b74-4fdb-9c3f-bce9cb72377a
Charlie Brown Jr.,643,2.950,6.666,1226,dfa6209b-514d-438b-9c4c-bd6f1ff85613
Moses Brown,595,6.137,18.270,824,81ca845d-dae4-46b5-89e6-86d619acb3c8
Boo Buie III,625,1.617,5.622,1223,2327ad6b-a87c-4b5c-8dbb-c64690426e98
A.J. Lawson,600,3.405,5.939,976,ed39e2d6-ce65-43e5-9ea9-d579d0526a1f
Damion Baugh,668,4.287,6.663,1037,bcde43ef-a7dd-4d4d-9d7e-a0585052e0b9
Malik Williams,649,2.255,14.433,1088,91d9d39e-7ed1-4320-80fc-4d487e79b1fa
Jahmir Young,611,3.213,5.390,895,dc80c41d-ab1d-4aa4-be9f-8830d7e0dd62
Trevor Keels,591,1.398,4.124,1030,58189b84-2563-4034-984b-e61021022c4c
Jalen Bridges,592,0.807,6.136,1385,1c7e1fdd-3a9d-4509-b079-a329c993e9d4
Jaden Akins,666,1.281,4.231,1217,e6acbf72-2032-4b3f-9672-62f8052c1873
Teddy Allen,578,2.888,7.595,920,03318058-7f1e-4d54-a8b4-cbaf7e836a78
Javonte Smart,572,1.591,4.174,1035,a340ee6f-51b2-400d-8c06-295617b4c779
Kennedy Chandler,634,2.780,3.180,1245,90cef14e-ebcc-4a00-94e1-b06d8ca04701
Taevion Kinsey,596,3.019,4.113,1339,b17e9b18-8167-47ec-b96c-1a1c88208376
Stanley Umude,638,2.134,5.600,1157,73712bb9-3143-4176-8eb3-cef6d45e9f92
Alijah Martin,551,3.154,5.872,1018,c1035422-a088-42e6-8ad3-db400bb52aa1
Jayden Nunn,570,3.387,4.862,1133,174b4cc1-dd31-428b-97ad-093422ffe324
Alex Morales,539,2.073,8.741,1264,21a9c7c7-f211-4710-9932-3ecfa2fd4256
Patrick Baldwin Jr.,560,3.724,9.247,934,45b328c0-b3b8-4a36-a0c1-28e39227ca85
Alondes Williams,568,3.451,6.180,985,e555cb48-990b-4ef7-8464-59adc6adf34d
Wade Taylor IV,539,2.089,3.443,1181,d809ed56-e0c4-48ab-9cb2-e6e94a8c0842
Kendall Brown,547,1.760,6.358,1183,84863ea4-7e22-4827-9c1e-091a16291b37
Tyreke Key,507,3.183,4.112,989,a9ab59d3-2f04-49b0-b4fd-a265d98af568
Norchad Omier,517,3.473,15.950,943,15c34e0c-e636-4bd1-a7db-6435d201f8c6
Marques Bolden,521,2.545,11.958,966,95b6d616-e911-4060-869d-7f633e7ec049
Keyontae Johnson,544,4.203,7.092,827,d5348336-15a5-416f-8312-bd7030a6277b
Nate Williams,546,2.000,6.783,1014,3ab12c09-2aae-4bc0-a45e-0132e6751116
Killian Hayes,562,3.148,5.042,778,9a826fec-5df7-4a14-8637-3364dc9433c2
Stephen Thompson,549,2.206,6.626,1157,41e105ed-f146-4aef-a65b-262abde1841e
Jahmyl Telfort,569,1.430,5.677,1344,f7cdd34f-d626-4902-b05a-e39f9ae32dd4
Mouhamadou Gueye,564,3.725,10.742,1136,cc3ddd0b-2be3-4043-a3e9-7ae15f6e1ab0
Miles Kelly,558,2.525,6.270,873,8e41f240-6f89-4f54-bcc5-534112efd3c2
Eric Dixon,548,3.731,7.243,924,11ec3e54-7b96-4e1f-856e-8933eb8de9c3
Josh Oduro,525,3.915,10.564,1104,8356850f-e674-4868-8a3b-7cf5b6193dce
Zach Freemantle,539,1.368,10.036,1141,aaa72835-bf87-4903-8432-953c82e91876
Alize Johnson,485,2.464,13.220,991,c97ec77d-b190-477c-8f04-2d8be4554830
Mark Sears,555,2.405,4.565,1041,6af77143-6aac-4199-ac80-bfa704e2ca51
Keshon Gilbert,540,4.554,6.335,1091,10762d58-0a4c-416e-8e01-0af744c29286
Emanuel Miller,507,2.504,7.907,1111,9333d369-df08-4c59-9073-3164d584f481
Dillon Jones,557,2.779,8.010,1267,7c13f8c0-55bf-46b9-a41e-cbaeea35c13b
CJ Huntley,450,3.078,11.877,976,a93dac29-3dee-4328-8787-673c2c4d207c
Harrison Ingram,539,2.104,14.682,1128,289b86f4-5aea-4603-a5e7-54793e5eb584
Wendell Moore Jr.,505,4.122,6.756,847,96f746dd-7dfb-4ea4-a98c-39ed5d2a0fd5
Enrique Freeman,484,1.927,10.583,1095,f838df3f-72c5-4cf1-a555-7182e3dccd13
Rocco Zikarsky,501,3.006,14.555,910,7a36a328-5e4b-42b6-a21b-39e9f97e0188
Riley Minix,456,1.503,8.204,926,d4332b50-b7fb-4429-9525-e10587f584d9
Donovan Williams,518,3.018,7.166,819,12136b74-23d8-49b4-b4de-98a320969c76
Cormac Ryan,453,2.410,5.886,789,f3f41cea-955b-4ff5-b6fc-69991789d721
Dain Dainja,477,4.224,10.575,882,3d560bd7-c964-492e-97b7-12c4feda4079
Daeqwon Plowden,477,2.729,6.703,918,daca4b6a-526f-49e8-a02e-ba59acb77846
Jalen Slawson,501,4.282,8.629,1005,ee32b868-f2aa-47fd-bc12-e2df467173a0
Antonio Reeves,469,1.074,4.631,910,19004e0e-7982-4513-bdba-24e11e49d49d
LJ Figueroa,447,2.128,7.580,950,629382e8-fcc6-4974-b0a3-99fd67940f2d
Max Shulga,519,2.748,5.483,1129,be819393-353e-4c46-b682-d2ee0d11e736
Koby Brea,497,0.639,6.018,993,e2c4bc9d-2cb8-49d6-962a-07bed124b6c8
Javante McCoy,479,1.993,5.431,829,fac10e71-d936-4a9b-b017-2e3b743f9833
Phillip Wheeler,469,3.667,6.200,865,3d20e735-543b-415b-835b-fa80295fa157
Darius Brown,454,1.469,5.092,1308,b7ae8764-a482-4551-82ac-7a91c8292e4b
MarJon Beauchamp,459,2.006,6.044,756,a17b838f-efcd-4d85-adab-39e05d579e13
Efe Abogidi,454,2.117,9.589,1017,2a962d8e-05d1-4d9c-ae45-e128f2ae9c81
Jon Elmore,489,2.291,4.949,1135,65bebd10-aa65-48ec-845f-2efcb122287a
Kobe Bufkin,419,4.316,4.726,678,9e453254-b85d-43ba-a615-8bf683d94834
Mark Armstrong,541,3.273,3.542,823,3bc6f704-0fda-4f85-a681-a41d1178948b
Jayson Kent,425,1.424,6.172,1091,dc854637-bbf4-4710-94b5-8c953db3ce27
Brice Williams,436,1.179,4.697,920,bc4eee96-6dec-4e4c-ac60-d467785926cb
John Poulakidas,391,0.384,5.107,1008,12bf97f3-6476-4443-af11-5228771faf66
Anton Watson,442,1.941,7.231,1170,8cb4b74b-84e9-40e3-9a3a-a7dd7be9767b
Caleb Houstan,466,1.563,5.431,988,0ac0ed6b-ebe7-4dcb-b924-c14e31262efc
Cameron Matthews,480,1.355,7.091,1284,2b3321e5-dc2b-4c37-9ee5-36336690c3ec
PJ Hall,383,2.464,14.776,760,4af59bef-250a-46aa-a5d3-e448a55f61ad
Ruben Nembhard Jr.,545,4.133,4.259,947,27574eb5-d76b-4147-882e-38f3edc014b3
Johni Broome,499,4.127,10.300,724,12c34cc3-1005-4454-bcfa-a5332744fd4c
Alex Reese,444,1.423,8.485,895,1f6ef8b2-5d7a-4ca6-a9f2-cc8c06c032b8
Olivier Sarr,408,2.467,11.724,930,584a880d-84b9-40fd-876e-852044392606
Gabe McGlothan,403,2.110,9.269,878,32f54c28-47c6-4d3c-8364-c3956aef7190
Chris Livingston,438,4.053,9.200,771,f79d533e-f423-4752-a088-6d507d795bdb
Terrell Brown Jr.,520,2.106,6.131,1069,0784aa6d-2f58-4e8f-8fd0-d3cb2fd08ff8
Arthur Kaluma,384,2.773,7.509,834,c7a03fd4-8ba5-4f9e-b62d-db9492da6f1c
Jaylin Williams,412,1.421,9.571,997,db384374-d594-45b6-a3de-9aa8a66dc226
Jarkel Joiner,464,1.307,3.818,999,994212e5-17be-4696-bd46-0efcd68787bc
Trevon Scott,461,1.554,6.856,1019,fc067294-4b2b-42aa-bea6-88cda36ce6d2
RJ Melendez,445,2.345,7.034,875,090cc6af-edb2-4cf8-a374-9b90193c330d
Matthew Cleveland,396,3.573,11.040,796,45913c55-0376-4b4f-9935-00471ffb3033
Jaelen House,473,4.493,4.624,693,e14de0fe-50fa-4322-a5a2-55cb2137e6f2
Bryson Warren,431,1.340,3.623,735,de89d563-ec4f-4356-8cba-afd95b5a975a
Drew Peterson,424,1.497,8.206,970,b385f90c-bbc7-4346-8507-4d626e2c0c61
Giorgi Bezhanishvili,427,2.216,10.069,1137,4d0b25c0-eb2c-423a-875e-ba9f74999bdf
Justin Harmon,427,1.715,6.437,912,4c8abee4-0270-4d98-b4ab-cff9969857fc
Sean McDermott,449,1.111,4.905,1116,b5d46463-618d-4328-a3ac-31239ed7af7e
D.J. Carton,442,2.670,5.168,954,b902fc9f-4b1a-417f-8af7-bfa5c66c95a3
Andrew Carr,399,1.554,10.952,1035,d2f39898-17d1-4d74-bfca-1719672b051a
John Ukomadu,421,1.396,6.867,1054,b4f22d30-f720-4880-9fc3-a7a1f5679086
Jack Clark,501,0.912,8.894,1190,baad4031-1f9b-4e88-9ac6-9c40ed79d7f3
Javonte Cooke,436,2.233,6.618,696,0c8af3e4-85bf-4c62-921b-d5cc21594198
Chance McMillian,415,1.332,5.652,777,d40fdb50-4ea9-488f-85e3-aa57164f9d0a
Chris Manon,418,2.702,9.025,1065,5dde0a80-753d-41a6-9ffa-6193317a3a17
Nate Hinton,451,3.020,9.632,815,2827a99a-9a36-4b8d-8ca8-e77e9771b69c
Zyon Pullin,354,4.372,4.731,639,21f03dac-c84d-48c5-80ce-a54781f63914
Chaney Johnson,363,3.136,9.004,828,4007e9ee-5f46-4b39-9d77-0001aa54f1f4
Hayden Gray,459,0.989,3.930,1173,e901ec95-f7cf-40c9-af32-8dabb981b3cd
Tolu Smith,366,5.350,15.334,650,dea8af5c-b86c-4445-b191-20c7806e6a4e
Isaiah Stevens,415,1.608,4.128,959,27b14c86-8f8d-4cd8-a8ec-bb051cd871bc
TyTy Washington Jr.,379,1.854,5.839,746,0b1c2f8c-380e-4f07-85b0-3b5ff4650d00
Gabe Madsen,376,0.490,6.570,1167,7e84815b-7663-437b-8751-28d60ef2c65b
Malachi Smith,378,1.890,6.603,861,cf11631f-67ad-4f08-9466-e66859baa68e
Taylor Funk,366,0.751,6.800,905,951413b1-0a17-4edf-841a-5ca7b9a2c275
Basheer Jihad,389,4.024,10.612,824,bd9b1fa0-957f-4365-8af3-a545d525965b
Cameron Hildreth,377,2.999,4.850,831,2c4cbc5a-83fe-4562-afdd-859499b77aa5
Jeremiah Robinson-Earl,358,1.445,13.826,807,1a9ac6bd-8b02-4fe8-8096-c435a2a90100
Malevy Leons,390,2.544,8.300,972,a6b91d1a-7a93-4bda-8562-d762d1f5ad47
Saint Thomas,384,1.475,7.217,1023,9ac60fc8-a677-4c67-8b1a-92c61ac71eec
Chris Youngblood,383,2.785,7.067,662,35206de4-a3c1-415a-b596-126c0ab7b44a
Tyson Etienne,367,1.091,3.734,742,316deed2-3f6a-4c1c-9508-2dd0c937cd4c
Ron Harper Jr.,355,3.096,6.612,485,0fc9db0f-ca5e-49e9-a003-973fa4fd8839
Kira Lewis Jr.,390,1.093,4.655,897,ce287780-67de-44fa-86c2-d87dec5a1e28
Tosan Evbuomwan,412,3.667,7.344,814,3836af33-7171-4f6b-b4e3-7dc129d8efa6
Matthew Murrell,433,1.342,4.664,1034,42aff9d8-9839-4949-ac9d-97663c8eae23
DeJon Jarreau,411,4.040,9.607,637,3cd02b89-3d2f-46ff-b392-29215f6825b4
Sheldon Edwards,416,0.249,5.625,819,8d385c74-6c2b-4704-ad41-8e5519b11012
David Roddy,362,1.796,8.373,860,ab0a4d97-fd7b-40d9-a72f-b2a862039584
Tyler Smith,359,1.615,7.745,739,b701694c-6da2-49de-b9a7-ae092466ce67
John Butler Jr.,342,1.368,8.193,1173,16110c22-e5e0-4925-94a9-959285132aeb
Isaih Moore,308,2.140,11.971,719,ea2cbcac-0b28-454f-a3f7-a30bb1d6fbb1
Drew Timme,357,4.948,9.779,549,30998b89-18c0-4086-ae61-1830056bb1b7
Jaden Springer,376,2.343,5.105,811,8a1c8d1a-13c8-487e-b85e-6b10ecc1d39f
James Akinjo,438,2.266,4.251,737,889010b1-1e41-4488-97c5-030be0d70083
Reece Beekman,402,2.294,5.175,1190,a419b920-f119-41d8-af53-47d3b49ea811
Hunter Sallis,387,2.582,4.912,835,6d6c60fb-827b-4b00-9033-8fb8a4fb0f32
Anthony Pritchard,369,1.888,6.028,938,58d7789a-e4bc-46cd-91d5-01526491d417
Kobe Johnson,343,1.524,8.772,755,9f123592-d747-4a41-b903-ad6bcb6ac751
DaRon Holmes II,346,3.224,9.022,658,33ee598f-dbec-467d-982c-9722af3b3261
Christian Shumate,377,3.061,9.641,904,40ebb929-1947-4008-9cdc-046aa3a4bd87
Sean McNeil,314,0.916,3.889,861,4f71e857-f644-4dfc-9ae8-65416c90df71
Hason Ward,353,2.072,11.225,850,99828648-af70-4757-ac4f-8f3e6c8364f5
Nate Santos,355,1.542,5.731,829,5d98e4d9-9d4c-416e-896e-662ef6de036b
Tevian Jones,336,1.390,4.701,720,1d44afa0-7106-441c-b8ed-cc5e216e866b
Isaiah Roby,362,2.000,9.497,762,19602b62-cfbe-4d35-81f5-bc244327960e
Amari Williams,323,4.596,14.970,714,7f8f2047-20da-4fde-b1c4-e046ef5d94f1
Tyson Degenhart,310,1.574,5.974,892,7ce310e3-5034-435f-85fd-9db70356ed75
Felipe Haase,370,1.541,6.559,856,a03683d7-864f-4a20-ba32-5a8d3263c1fa
Damari Monsanto,319,1.133,6.594,606,63a42b38-d8f6-4214-aa03-cb4263b02a9a
Kessler Edwards,327,0.973,9.526,843,0dbaa8bb-491d-40b7-ad09-f4605dda699c
E.J. Liddell,313,4.212,12.191,623,f76c835b-10f6-42aa-aafe-3c87b5be8866
Charles Bassey,300,3.105,16.538,520,089bae1f-5cd7-438c-8ebb-061918727a25
Bryce Thompson,339,3.211,5.350,552,cc61028a-3c21-4917-a6fe-607bb4085636
Marcus Garrett,365,1.819,5.654,796,723b0c0c-ac5b-4b0c-b84c-01da7be6c705
Johnny O'Neil,355,0.699,8.041,967,266b9ca1-6596-4d2a-947a-0f602c0af725
Andersson Garcia,319,3.381,15.875,871,9b93509f-b8d1-4066-ba4c-6338fed2a84f
Orlando Robinson,307,5.666,13.017,537,e58d10b8-dbfa-46bc-9b80-d078501bcce7
Mitchell Mascari,297,0.383,6.300,777,fdc935b9-0c73-4ca7-ba6b-f3b5aa1f2205
LJ Cryer,290,1.736,5.062,484,51c89cc1-c192-4e07-878a-436ad5c2c70a
Kyle Guy,316,1.460,4.649,643,9eed3d99-6049-4cd0-96bb-4fabb8ad8ddd
Jaxson Robinson,343,0.652,4.723,701,e7e970a3-7025-4ccc-b0f7-271f94238ee5
David Jones Garcia,370,5.510,8.467,455,8207e744-783c-4fac-8d78-52acb829f00c
William Baker,286,2.637,13.314,668,dc9d21e3-68f0-4270-a358-8e68da5bbafc
Johnny Davis,347,2.500,8.193,620,bd507dbb-cb87-4e45-ad2e-1990df07ac20
Ethan Thompson,299,3.905,7.009,467,e303b1cc-a268-4f85-8063-e447c757ede6
Pacome Dadiet,342,4.033,5.459,554,810fd8fe-5999-4962-9441-004f4a25fea2
DaJuan Gordon,306,1.439,6.600,725,b7cd24eb-bd7e-4dcc-99a2-7236606d1541
AJ Hoggard,355,2.535,4.020,725,91fbbfa3-eabc-4c5d-b0d0-b2fc674c84bb
Dwight Murray, Jr.,364,1.211,6.254,886,7880b823-77c5-4925-a287-1af2424a923b
D'Moi Hodge,353,1.040,5.083,907,4fca8d39-a522-46f0-b222-226b8180e35a
Justin Minaya,351,1.625,5.827,1044,8a534421-7dd1-49c4-a304-7b5a2341f904
Nick Jourdain,315,1.765,9.484,881,1faa4121-7c60-4b48-91c7-217d64555324
Dereon Seabron,330,3.725,7.210,644,9cd83bc4-5c2c-4f4d-ba20-8fc69a4cfa8a
Jameer Nelson Jr.,328,4.962,4.688,484,55218f5a-96d0-455d-953e-1af096389bc1
John Knight III,334,1.118,5.524,1251,534e334e-2adb-4b8c-9614-8552f0dc5f6d
Chaz Lanier,303,1.324,2.944,575,3ff2c55c-8857-4cde-85eb-a42b87da7dcd
Caleb Grill,297,0.686,5.428,763,bbae8544-616e-4d08-9a98-a20e5d47e694
Leaky Black,324,0.828,8.504,1109,baf1b89d-5bf9-44d8-ae08-43b643b89914
Isaiah Crawford,287,2.925,8.886,591,cc5a020f-5862-494b-a997-26288b4f4f12
Zeke Mayo,309,1.013,4.660,788,2aa9c687-ca9d-4478-a2c7-8f2797b308b2
RJ Felton,319,1.517,5.781,685,a593fa2b-cb79-4f8a-8139-bba7a2133f2c
Brooks Barnhizer,289,2.959,10.900,604,6b9ff8ac-a24a-46b2-8a4a-4f4015c6b353
Mo Bamba,271,3.213,16.660,527,ee761e41-d0d2-4a56-84cf-353e2ae5a961
Kadary Richmond,317,1.843,7.517,761,5f0c2302-aaca-4ac1-b70f-f25abbe14186
Nolan Hickman,302,0.492,3.234,890,b8b01afe-00df-407e-b0ee-229eacce163c
Coleman Hawkins,316,1.226,9.990,1121,769be316-e69b-4438-a859-7fbbad08accf
Jonathan Mogbo,270,1.410,10.818,629,12f2cb53-d3a1-4a42-b6ed-9238a8eab4f7
Dariq Whitehead,358,1.056,5.357,659,9f8b2ee3-8cc5-4a92-aeb9-c8c52d6e37a2
Nick Smith Jr.,278,2.337,4.988,440,b2d1fbf7-72be-4469-b0c2-db6677a145bd
Javan Johnson,308,1.255,5.541,656,5bf3dc6a-f0bf-4146-9233-0714a95538e5
Elijah Harkless,290,6.339,4.589,384,629588b6-9560-45b9-ae52-ff90c299fc4d
Vladislav Goldin,275,2.714,13.167,585,0d1efd50-8b55-402c-af4a-3400a0ecf19e
Liam McNeeley,303,5.725,6.761,527,ba22d012-f7ce-4a1a-873e-d6c3ccf7ae5a
Jaylen Martin,280,2.847,6.422,661,70021baf-68ca-4b04-a865-fe10b1450b62
M.J. Iraldi,300,3.654,6.167,683,bc70e8c9-c8ff-44fc-b539-10f863d5efec
Ahmad Caver,330,1.538,3.236,868,b37bbd3b-102d-42c2-9bfe-7874d64e9068
Au'Diese Toney,258,1.251,4.924,775,a127ee52-bbec-46b6-990c-93a2c3d57b87
Cameron McGriff,281,2.627,9.186,639,55ec130c-b918-4d9b-9fe5-9b79a5f370f2
Jacksen Moni,326,1.668,8.810,756,b16076ab-b7f1-4f61-b1ce-87471a1be027
Evan Gilyard,340,1.789,3.378,671,0f656aa8-c62c-4fad-ad9f-3442cdc15e50
Chris Mantis,254,0.236,4.334,739,d2d320cb-de1d-4f2f-b238-9697f02b41ff
Bobi Klintman,287,1.884,8.098,591,61c18542-cf37-49c7-b486-337bb809d326
Tyrese Samuel,265,2.622,12.972,685,f4159312-f59d-46f6-a72d-afb990d1e80a
Victor Oladipo,344,2.351,6.260,627,ff415fa8-89ef-11e6-bc85-a45e60e298d3
Alex Schumacher,325,1.795,4.858,652,74b58589-0ca1-4a71-ac83-93c57a2e8b83
Julian Reese,263,3.651,15.910,654,9f1b6ada-6f2a-4683-9f79-e98b06d24f06
Lachlan Olbrich,247,2.709,11.059,492,684950fe-3bcb-47f2-8bfa-a9941e216b28
Steve Settle III,322,2.237,6.816,813,f52af8fd-29ee-4aa7-9c70-e211a5d73a12
Chase Hunter,314,1.011,3.667,746,50fd1b80-b17c-4168-9cd8-b67adeef9040
Colin Castleton,260,6.784,15.534,475,cb160212-66c3-46cf-8728-c0d6612456f8
Miller Kopp,271,1.016,3.868,698,817c559a-6812-42ce-8373-1e8132f3b917
Ja'Vier Francis,247,2.157,14.593,651,426de6ba-834c-455a-8c94-9656ad089275
MJ Walker,301,1.770,4.052,684,2733a0f6-5816-47e9-9972-a4f253f15038
Terrence Hargrove Jr.,285,1.133,6.013,718,06c40ea5-9150-470e-8f6a-7cde4a102ef6
Kobe Stewart,285,1.766,6.717,756,9c8748fc-6d1c-4911-99a0-94e1cf486b48
Lucas Williamson,304,1.188,3.944,904,f0ae386a-6794-4f37-b447-84822aa60c4b
Derek Ogbeide,265,2.472,12.438,654,4f5b0cc7-0740-4ebb-8b37-c464b1f421f3
Samson Johnson,211,1.975,8.240,620,68596e1c-c815-41b9-ae9b-a8179fee1f36
KJ Simpson,277,2.163,5.859,516,1287087b-e6ba-41f9-b2b5-a3d2d1c8d682
Quincy Olivari,264,3.081,7.228,493,cbbbce73-763b-4e1d-820b-1b8f62857eaa
Paul Zilinskas,247,0.643,4.064,726,fb3799f7-55e6-46cd-8dba-16e86ee83d37
Asa Newell,227,2.793,10.014,388,eb38ea24-c68c-4f72-9a55-2e397b4f0124
Romeo Weems,292,0.955,8.613,848,9920a386-699e-42ad-90ac-8fb89d78d1f9
Deivon Smith,279,3.502,9.259,525,9ffb6f28-8fa0-4650-bd30-47f8aa7235a2
Toby Okani,296,1.085,5.995,847,a6c4645d-9238-44cf-92aa-fd318ebb8ebf
Ben Saraf,285,2.954,5.597,482,f92bdf23-732f-412f-9b84-9c088cd9474b
Marcus Burk,238,0.601,5.674,863,017ced69-5d96-4160-b064-3a051a5c9efe
Yang Hansen,222,2.712,12.232,474,c6156c46-4275-4470-bed6-6c382811ef91
Oscar Tshiebwe,234,3.233,22.680,535,9234048a-d7a7-4f77-8d48-3b95b6365ae0
Alex Fudge,241,1.437,9.218,566,1f5a0d41-0c51-4353-9d7a-503196852e33
Kameron Warrens,275,1.158,5.946,666,14a1175f-1e82-4a12-9edf-f9445dc58270
Akoldah Gak,225,2.437,8.715,599,e6e552fd-83e6-4bb7-b80a-9b0bae80ad1c
Viktor Lakhin,255,3.213,13.434,539,386162d7-b5e6-4aca-9174-cfba1382d491
Jamarion Sharp,191,1.444,11.920,800,02b5523f-9555-42f2-b2a7-3ba79ce5e959
Abou Ousmane,264,2.378,12.003,690,585d08a6-4aa1-45ad-81f0-76cb2c579ab1
JaQuori McLaughlin,253,1.322,4.406,613,a05930e9-6846-4c42-b5d6-f859b92d97fd
Buddy Boeheim,228,0.786,5.382,482,b19737e4-2806-4548-b14b-2062175fb05e
Taelon Peter,229,1.154,6.539,540,c870f7e6-686b-40b6-859c-ced3b397cbd8
Jordan Hall,307,1.130,7.409,559,4b98be48-a61f-4372-8f5d-25f914555a83
Trey Galloway,277,1.002,6.002,588,8303a10f-1748-43ee-9c4c-59abdffdaf87
Donte Ingram,244,1.025,5.080,772,1034b6f9-7fc5-4f5f-94fa-2ab920658dd3
Stefan Todorovic,262,3.344,6.681,517,a0dbe31a-75c6-4777-a920-d506c5633bdf
Cam Carter,234,2.087,7.437,455,a183c842-9603-4691-9abd-612235152ad2
Aaron Scott,232,1.343,7.584,631,800b6f8d-e4b2-40c8-9891-40fa3f84efc3
Caleb McConnell,240,2.419,7.624,562,9ea29be6-8741-4b28-9a3f-b73d1919c900
Manny Obaseki,275,2.693,7.676,577,e4cdd91f-718d-4c35-95d1-b3aa28ef79b5
DJ Rodman,181,0.950,7.536,559,18ec54f9-3c06-457d-a0c8-04f2aa513754
Trey McGowens,228,4.453,4.820,568,a17cb8d2-4fe7-49a1-b4b9-e56f6316d694
Zack Austin,206,2.428,5.304,468,cdb9a6bd-2259-43bc-9209-03da5b72234b
Kaleb Johnson,192,1.832,7.751,655,51e2e08f-d07e-4dbd-a05f-bba8e5c69f96
Bez Mbeng,227,1.402,7.392,935,117522bd-3f51-4ef9-99ae-8cf060df132b
Tomas Chapero,185,1.794,7.472,939,5909ae5b-81cc-4f42-adb1-912f0c19edfc
Gabe Levin,206,2.284,15.199,760,154a9e91-a046-4e1d-bd25-0fdf6dc87f45
Kendall Munson,242,1.829,10.803,703,11a2c3b6-617d-4889-ac4c-dc3821c6375a
Payton Sandfort,235,0.716,7.755,580,54f7a3fd-6e94-4630-9ca3-e05af980008d
Liam Robbins,230,2.575,11.649,488,831eb28e-7713-4fbe-bf6b-dd0e1e20b1f5
Dennis Smith Jr.,275,1.062,7.569,675,4a0f330a-e571-48c4-a685-f82c9436c964
Cameron Parker,193,2.297,4.792,639,15e3cffa-aed2-4d74-a8e0-ec06dfea63c6
Nolan Traore,202,2.712,4.204,368,4b2dd1ee-169e-4af4-9877-1e600ccc1ac5
Luke Travers,243,2.346,11.803,409,ef24e628-6674-47d2-8fea-a8ceb61e0fb6
Trhae Mitchell,223,0.360,3.389,956,d98ecec8-9937-426e-ba9a-e019ec88d94f
Bronny James,204,1.469,4.235,485,ec9d7a06-798b-45e0-8eae-a5bfdd92f0ba
Paul Watson,219,0.401,4.946,626,1aae577a-f08a-437b-81ed-160d66e586b9
Kylor Kelley,182,1.881,11.342,686,08d8e7a7-6e98-43fb-808a-803728ffe738
Igor Milicic, Jr.,247,1.587,10.463,657,96e51137-1852-4b4b-8809-7d07d81b22a8
Pete Nance,168,1.938,9.300,329,a9d51846-7123-4773-be70-de509c877a08
Hunter Cattoor,184,1.073,3.624,507,3b01bc5d-08ef-4a1a-afff-52c5c9f81849
Tidjane Salaun,202,3.383,10.477,388,abc5b21b-f2eb-40cb-a9e6-6eb5abeafe60
Jordan Minor,211,3.097,9.293,523,ec389395-e86e-494f-ae34-b2b08a74437b
Luke Goode,223,0.395,6.041,638,4144db18-4210-42b8-af58-fd1dd83e87c6
Warith Alatishe,179,1.955,14.793,579,ef3f7448-40b8-4701-8feb-456aaa4d1c6e
Caleb Love,232,3.894,4.580,299,163d0a85-fc13-4c76-8e98-93aae28417d2
Kevin McCullar Jr.,223,2.280,7.095,381,1ebb0958-b242-4b10-a0cb-cc3182f35814
Keon Johnson,213,4.528,8.817,323,7cfacef2-8c7b-41e7-9df3-4a570a6de468
Tamar Bates,167,2.450,5.606,347,4e132a3e-20b7-4058-9b69-c71ed0bfd654
AJ Johnson,222,3.125,4.171,337,2b0ac9c2-0fa5-4ee6-9881-03b737e11dc3
David Muoka,186,2.060,11.429,627,c5a7468d-b9c2-4814-a823-b9bf4a58358f
Zhuric Phelps,218,2.828,6.682,426,cbddda95-fa69-4ae6-b6b0-247f5c669b7f
Trey Jemison III,191,1.834,12.803,706,48e06536-9d6f-4027-9d17-ec477a9ae3a2
Grant Nelson,184,4.903,12.679,338,c4012fed-7c3d-4171-a8c7-3432c061c9d7
Jabri Abdur-Rahim,206,1.204,5.630,499,5ba18e46-b710-44bf-8369-1185adf0ce77
Erik Reynolds II,220,0.422,2.577,489,f3572151-dba9-4dc4-a48a-792e17a3180b
Tyler Polley,196,1.507,6.060,665,e48e99e8-0b78-493c-9d6f-15b65e7869c6
Quincy Guerrier,208,3.922,8.750,461,e7a09800-4dd6-4745-8dc3-2bb848800f9e
Ryan Woolridge,237,1.277,7.766,760,a4f5f591-7988-4761-b96d-5efb627bd420
Franco Miller, Jr.,247,2.306,5.611,488,d681a7cd-c0ad-4497-975c-f750b762a74e
Nikola Topic,158,1.690,4.736,289,deb86c8a-aaa2-472e-a66d-a1cbace2c797
Josiah Allick,152,1.006,14.380,556,46de8a99-497a-49cd-a9ec-347e787439e3
Jason Preston,191,1.346,8.334,406,b609ade3-6177-4d12-8f4d-e717beb97f97
Matt Cross,161,0.445,12.053,666,8b71b1ce-93f8-4cf0-9099-64c91af44202
Chucky Hepburn,188,1.457,2.657,461,4ac4a0ab-ea85-4870-8bd5-9670073a3df4
Tre King,200,1.883,7.032,394,2928912b-dd61-4f60-aa20-a01d295e03d6
Justyn Hamilton,217,2.422,12.044,410,7be325aa-4951-4bc9-948d-d4177d4cbb1c
Alex Antetokounmpo,217,1.525,6.157,737,34a56ad4-cc65-4406-9566-ff884e10c7af
Adam Flagler,200,2.103,3.759,402,60b1ff6f-7e65-4d93-8b0b-fe76747cb0db
Keyshawn Bryant,205,3.219,7.322,384,8bfb0e3f-2c04-4dd5-ab0d-c7bf453b1ed5
Lawson Lovering,175,2.536,10.302,688,ee296dd9-8d26-420c-9aa1-271f6b6a2222
James Banks III,197,1.820,13.781,708,f4a998d1-4507-43b9-91e3-832dde032d54
Desmond Cambridge,203,0.442,7.746,479,5f4ae0bb-b9a5-4c83-8441-1e627500c265
Augustas Marciulionis,179,1.366,4.618,491,89ff2dfc-818b-4d2a-beba-efe0422f6d4c
Sharife Cooper,179,2.538,5.918,347,2d470912-d9ac-4456-916c-372fc4c84cdc
D'Andre Davis,205,3.092,6.026,448,93c1ccb9-a43d-42a7-a037-b8d2057acc02
Adama Bal,201,1.731,4.081,441,3559f9a3-9132-409e-a701-a4c5757cb325
Jarron Cumberland,211,1.350,5.950,708,46d86ca8-8056-40c4-8024-2ba83293aa17
Dakota Mathias,148,1.218,4.210,308,9f1f34c6-66d2-4093-9328-d2fffffb97d5
Micah Potter,157,2.313,11.839,371,1e89c60d-b20e-4499-aba4-b13dba295a52
Kyle Rose,175,1.467,6.137,546,c7fe17cb-17b0-4fe5-bfde-60cdce624f03
Steven Crowl,134,1.177,10.971,719,ee193c16-33d6-4aac-9688-7dde65cf6671
Jonathan Pierre,180,0.986,7.587,432,94306db4-8243-44b3-9f3e-eb1dd9e258b7
Nojel Eastern,174,1.676,6.775,452,b2251f82-7770-4e0b-994d-c33ff4a1b39d
Yuki Kawamura,196,3.657,6.369,322,3d921f8a-1119-4e42-be46-c22ae84d5f58
Reynan dos Santos,164,2.140,5.391,407,e3cdc093-14ad-4686-ade9-7fc70c5a5a88
Drew Cisse,153,1.156,15.873,615,4943e7dd-a830-4c29-bd39-a8b168bf00b9
Cody Martin,177,1.345,6.541,374,0000b397-3cf4-4dd4-a910-000000000131
Elfrid Payton,179,1.019,10.580,565,ff4126dc-89ef-11e6-a96d-a45e60e298d3
Nikola Djurisic,185,2.957,7.147,383,0e381936-04ed-49fd-87b0-400686b3e145
Khaman Maluach,145,3.892,17.654,279,d4dcccfe-9470-4fef-bac2-e9f6aa1cfd32
Terry Roberts,195,1.820,5.431,444,6b0963ac-b00e-46cd-94e8-e60dc3238718
Steven Ashworth,131,1.012,3.851,402,63e0883f-eae7-4a6c-ad8f-c7670247241e
Aminu Mohammed,162,2.240,8.064,464,6abaacf2-5a3c-4c72-b19c-2a645dd84022
Hank Morgan,138,0.701,5.407,419,29d938d7-ce0a-4aba-9b2e-b17b2e8d8ee5
Moussa Cisse,147,5.135,20.133,322,b4769ff6-6ae9-446a-a262-0b849da72338
Craig Randall II,172,0.668,4.007,252,57c94d1b-101e-4b0a-afc5-d9716233e92d
JD Davison,147,4.074,6.961,222,833b573b-1366-463c-92ea-56e7718c0dc6
Matt Allocco,142,0.684,4.758,772,1542fce4-02f8-434c-8e0b-c655313fea33
Dylan Cardwell,133,1.253,17.490,408,fb79aa4f-8468-454c-80db-1768d95b4e42
Cameron Brown,170,1.381,7.194,375,c2df5312-12de-4f83-9d1a-3f3c2ab6148f
KJ Jones II,170,4.560,5.949,539,b34e01c3-fde9-402e-a381-1abc45ea21fb
Ben Coupet Jr.,164,1.892,6.438,464,8c1d8070-eb6a-44ee-bc37-0a07ad5267fb
Jahmai Mashack,180,1.268,6.217,417,f851dd8e-83fb-42a9-8b76-cc5afe5350fa
Trentyn Flowers,136,2.093,9.794,342,c917a1b8-8537-4dbe-91bb-c8e376d71ee4
Martez Brown,143,1.460,9.399,471,15a40435-a0cb-41f5-8680-120339364fa1
Emoni Bates,132,1.582,6.005,234,9f1d3f5e-1bf4-4a41-81f4-516081353643
Joan Beringer,123,2.099,14.918,285,325d465a-ead8-4773-875c-a3fd83d18f23
Jamal Cain,123,3.293,8.771,234,f42a8b63-1ab4-447f-b74f-be293fc58e99
Jeremiah Tilmon,128,2.130,9.244,491,285400dc-29c2-4d6a-83a0-5b87049c14f0
Johnell Davis,161,1.986,7.943,358,7ddd09bd-a98c-468f-ac39-239c33fe8d79
GG Jackson,136,2.972,8.260,227,de22ebf7-4f76-48b4-805b-b5f87858922f
Stephen Mitchell,129,0.995,4.045,418,1d1c157c-d6cd-492c-8ac1-aca3b6d6c04f
Jonas Aidoo,121,2.845,12.942,287,18e9a256-6619-4a10-a5dd-2c89bb7cfb0a
Osayi Osifo,126,2.434,10.831,459,c1f25993-dd81-43fd-a710-d7b67b6bd974
Antoine Davis,121,0.634,4.361,206,cc05d44b-5260-48a3-b9b6-61ce282a67c0
Yuri Collins,142,1.726,3.958,437,7a58adf5-73d4-4f5e-b042-6ab0d8862313
Adou Thiero,111,5.011,8.942,197,9b945fc0-d3bb-405d-bf43-95c6e7d7e87b
Colby Jones,139,2.727,6.897,219,80ea0675-30db-4ebf-b37f-eb50552e8d0e
Kevon Harris,117,1.894,7.790,213,8190d885-1fd0-4dad-99d7-2431cc018492
Ibrahima Diallo,123,2.458,13.166,443,505bb488-33f9-485b-9cce-e0533d462cf1
Keshad Johnson,106,1.199,10.205,243,c5cb7e86-5c88-4bd2-bf14-22a65e7bd094
Rasheer Fleming,118,1.923,8.579,260,4639f41a-c88b-4cf0-91c2-c36d9d4c1e5c
Danny Wolf,121,3.156,12.682,204,0b1b2334-050a-4f4e-bae7-3865147c950f
Tyrese Hunter,135,1.220,3.540,305,4f89702e-6e19-48ef-9be1-8da8a0837a2f
Garrison Brooks,121,1.262,10.394,450,146c7c56-b7ad-4925-8a9e-93d2c5db55bc
Kalib Boone,107,1.611,12.737,404,57657681-6e1c-4701-8298-93f30846effc
Max Klesmit,102,0.578,3.651,365,ce1fc58a-6a2f-40f5-a83b-c0acdcdf2e01
Sy Chatman,94,2.007,9.611,236,ea9cdbe0-fa96-437f-99d0-f1c67185f3e7
Chase Jeter,104,1.594,10.811,213,ea3ac175-ec80-45da-aa31-7c38b04c7657
Ryan Nembhard,130,3.521,4.988,180,f43050bf-10e7-4919-95a0-272b4c616687
Michael O'Connell,121,1.148,5.636,294,e4133038-cf2f-4227-a6d5-566eb968a245
Ibou Badji,95,2.578,13.185,363,9e3a3a92-a664-48f7-97d2-0f8f27735dbd
Myron Gardner,107,1.984,12.500,193,8de6d5bf-730c-4c48-8f00-7f9da72e979e
Kasparas Jakucionis,117,3.711,8.566,185,f4881a74-343b-4005-b701-3f53c512aba6
Makhi Mitchell,78,1.067,11.702,320,fec781d1-53e1-4e5e-baf1-7937603be356
Brandon Slater,106,2.050,8.796,254,eb81af0f-e8c9-4a55-a018-bb56cbc130ff
T.J. Warren,99,2.844,6.663,173,ff401666-89ef-11e6-b554-a45e60e298d3
Jamaree Bouyea,88,2.785,6.619,169,e35aa016-05af-4a0b-92b3-b0d987d11892
Yanic Konan Niederhauser,102,4.175,14.620,219,c4c0b9a3-5f7e-4611-977b-e0d73c08a29c
Justin Edwards,100,3.015,5.969,157,c2b8cc6a-c87c-4dc5-bfea-c4630c2b6f3e
Isaiah Hawthorne,120,1.713,7.278,272,e186218b-ea58-4542-af85-ac121949c255
Malaki Branham,93,4.248,6.852,131,13030bd6-e3d6-4e2a-9685-88300bc4ec5f
Kaden Anderson,93,3.565,7.789,245,d3403310-4ad2-4ea2-9072-623f9adefc8d
Jamal Mashburn, Jr.,116,2.979,4.336,208,e2dcfe4a-9e16-4ab8-8eee-e15ca0db6eb5
Wooga Poplar,92,3.326,6.698,193,b3aaee9c-4272-479b-9fdc-7b99458903ea
Devin Carter,106,3.869,9.646,142,8a8e683b-3939-4208-b55c-bc9cefe13a54
Pierre Crockrell II,112,0.320,4.131,383,1a254905-e1db-43b8-9f5c-b1bf4e663150
Matthew Moncrieffe,92,2.710,10.645,318,3d0d89b4-df1e-43a9-9870-4329d5e8161c
Trey Townsend,98,1.289,4.816,396,32735ab8-9eea-40c1-93be-395428840de8
Will Riley,83,4.314,4.341,108,3fb6c927-c443-46a9-aecb-1105dfb05233
Jamir Watkins,108,3.080,8.953,233,84ba6ce6-9c37-4225-8f84-14a5cbacea65
Jazian Gortman,108,1.944,5.358,155,dd6ea48a-5adc-4411-bead-f2cf2861a9ce
Pedro Bradshaw,95,3.652,9.698,249,881e8c41-f4cb-44fa-9caa-782d1e294daf
Justin Jackson,100,1.931,9.549,287,0867f70d-4848-4664-82fb-db397233e78f
Ariel Hukporti,84,3.049,11.615,133,91a10e2e-9784-440d-b0a4-83a8db044c1d
Ricky Council IV,91,2.643,3.832,188,9027d4b5-4d3d-4ee2-98cd-3d105aa7044b
Tyrese Martin,65,0.403,10.329,101,1d3ff68e-d714-4f70-b952-02cf2252e990
Kam Jones,93,1.119,5.981,181,93ff04cb-5390-4709-a521-c7ce58713f31
O'Mar Stanley,88,2.080,10.415,273,c35585ea-5c0e-4c72-bd00-07eceb71ee47
Daniel Batcho,92,3.759,12.989,285,72e13ad0-9840-41e7-b88f-ab295ef762fb
Omar El-Sheikh,76,2.607,12.938,173,bdfadf82-2b4c-44e8-ae46-a6e3c9957744
Lacey James,93,1.878,10.364,274,04c6579b-6a42-4b88-944b-6cc896241e84
Micah Parrish,92,1.994,5.719,277,a233b4d2-746c-48be-9d0d-ce655385c605
Dawson Garcia,86,1.527,8.970,213,4aa2ea37-df6a-43f3-9838-5bb4d2e13186
Noa Essengue,69,3.860,11.052,107,fe09888e-ef47-4152-a457-e6f4e04aee54
Riley Grigsby,78,0.593,6.547,280,5b7fafbf-2163-4b93-a29d-fc83e9946914
Taylor Hendricks,73,1.923,10.535,164,91ee33ca-2f8a-421c-8a4d-b0f98d5bc54c
Brian Taylor,83,1.344,5.766,375,ef62751a-0816-46fa-9160-054ef9ec64e4
Symir Torrence,80,1.439,5.030,415,6779419d-662d-4a38-b2ea-cb8e012eed8f
Tyler Kolek,71,2.318,3.076,117,40faa5df-7ced-449d-bd12-300a2938370a
Steven Richardson,89,0.523,5.746,332,1baa93ad-ae20-4faf-b428-11c4aac33778
Lahat Thioune,71,0.772,13.286,214,81875c9a-a727-4662-bd59-5ce020b80d6a
Jay Scrubb,76,2.273,5.978,187,8488ec31-e9a6-4535-a007-3b6fb6c5f1bd
Seth Maxwell,76,0.850,7.498,245,12d95e3f-d714-4300-978c-245c9d0f302c
Lance Terry,57,0.499,3.709,165,2c5a45b8-029d-4556-9186-221becde7ae7
Charles Bediako,64,2.510,14.851,208,40e03646-000c-4ccf-a366-50f9477583e5
Jacob Toppin,58,2.410,13.721,105,9e0abf37-2963-4f62-b8f7-104fefa58273
Patrick McCaw,77,0.453,4.665,378,ff42a38f-89ef-11e6-bb23-a45e60e298d3
Cam Reddish,56,2.500,8.025,117,5cef3c95-c7c7-4206-b70c-41f647f9498b
Eli John Ndiaye,69,1.455,10.714,205,541d7cbf-04ae-40eb-9401-fc9f1fffdcf2
Dajuan Harris,77,0.116,3.754,374,51b4a0a5-880c-48d7-a342-2b25ec6cc206
Omer Yurtseven,56,4.233,18.575,78,6811ad75-3527-4bfc-b0bc-8fd46ec62535
Dalton Knecht,45,0.943,6.710,86,b8da7ce7-11b7-4a94-acd4-f309bf4b6333
Giddy Potts,68,0.505,5.506,248,7ac29d25-418d-4bf3-b302-cda0f4aa7cae
Terry Taylor,67,0.000,8.113,160,0852ab90-243b-4951-bfb0-c536f151cba5
Cam Young,56,1.196,8.064,170,f61521e8-e7f3-4526-a0fa-efedc3c820ca
Jackson Rowe,61,1.484,10.291,140,87777cd1-2099-4edd-8256-f29343fa0fd4
Javon Freeman-Liberty,63,1.887,4.013,144,a28cdf29-f659-4646-b964-87ec3c295ae4
Garrett Denbow,65,0.253,4.243,161,13631116-cd60-4bc0-9a41-6fed5d44b41c
Jaykwon Walton,73,0.633,7.733,191,59731b4a-481f-4699-a3fe-f39676cc079b
Cody Williams,61,4.545,6.584,104,8b49e58d-df58-4e21-b984-2bda3ce246e6
Jahlil White,57,2.222,9.095,214,e21b31ea-a8e5-41ad-89b1-72a56bdf59e1
Dalen Terry,45,2.513,5.909,79,8fc64d15-1d47-47e1-bb04-d03f75dccc5a
Julian Phillips,51,4.000,9.605,60,76ada8a1-6ec8-4915-b57e-fa234b1f2788
Caleb Stone-Carrawell,59,1.639,6.517,177,c0ac23b6-44cc-4fe7-8a81-560c7fc1003d
Markelle Fultz,60,1.429,4.628,117,1114f266-df53-4313-b425-0021dd87864b
Rahsool Diggins,76,1.399,1.965,183,6404e275-f55f-42e5-8d36-cddd1661c335
Cameron Martin,57,2.878,12.777,186,99e062a8-b28c-47b0-9682-92a5d2461cd1
Drake Powell,50,2.405,7.084,127,ed72fbc9-1066-46d8-872e-9a437c4e536e
Marcus Bagley,56,0.915,9.749,181,a39bf7f9-11fd-434e-9673-4a184061ad7d
Vernon Carey Jr.,48,4.145,10.482,82,9dc84f16-116c-451e-a191-b54f210fecbe
Olivier-Maxence Prosper,45,3.614,10.273,67,28df8a9e-306a-47ee-bb0e-55b9ea87d542
Jamal Bieniemy,52,0.327,4.311,259,5659992f-2487-47ce-83f7-baedce2a090e
Branden Carlson,33,0.637,16.017,65,c401774b-397d-4c15-93a0-592eb4752dac
Trayce Jackson-Davis,38,5.839,12.332,55,1991b894-8a5e-4744-a72d-9bd7cb7663c3
Devon Higgs,35,1.852,2.665,108,72b7a0bc-f1b6-4996-89e8-8c6535bd71c0
Zach Hicks,39,0.000,5.379,167,8e62f792-31da-4509-a4a8-d0bd4144b94a
Jordan Bell,35,3.509,8.850,73,07a35d50-2dd1-4476-a9ac-b6e7154ce069
Terrence Shannon Jr.,32,9.783,3.049,35,94d35dd4-a4fe-47ae-a856-cd0d5b1193a9
Derrin Boyd,48,1.520,2.953,134,6dfc6fb5-d921-403b-b590-c1c4c3e900a9
Javon Small,37,3.571,7.404,58,6b98a36d-b1bc-4b68-bd5b-0671580d44c4
Walter Clayton Jr.,38,2.985,5.510,52,ae81ff91-c142-4a68-b826-4ae75af6a94f
Ebenezer Dowuona,37,0.696,11.482,238,d435507a-b78e-4251-8feb-ad8c5d01dcb1
Ace Baldwin,41,1.835,1.325,190,6ab19369-4aa1-4aa6-8274-b595ac8902be
CJ Fulton,25,0.000,5.257,164,e2d1008a-5cc8-4a4d-9f54-0bacfbd083be
Geronimo Rubio De La Rosa,47,0.866,7.881,96,5bc79052-06fe-4165-bc0d-7121fc331302
Jase Richardson,33,2.273,3.832,56,1cc4e557-6ed1-4db5-8816-1c00724e5554
Vance Jackson,29,1.351,7.076,97,2a70adf2-b7a5-4028-b567-a3b18585a709
Cameron Tyson,37,0.000,5.241,82,18ede5d3-f2de-4f9f-a9c3-ffe37ac43566
Marquis Barnett,31,3.871,10.740,64,7edec21a-68b6-453a-b51f-2e3827a52d7d
Jared McCain,46,3.049,5.192,62,eb79ea6c-b337-448d-ac33-7e92219822ef
Obadiah Noel,40,2.290,7.421,107,ae301693-1228-4496-9f09-3dede6e84191
Esteban Ezequiel Roacho Amador,36,1.195,7.190,105,2d23e4fc-8b5f-4131-af0f-83b0ae3a2c69
Christian Koloko,31,2.101,11.385,98,efbab460-ac97-49e1-aa9f-6e7da27ab2df
Rayan Rupert,42,2.804,11.105,84,f99ade9a-ec49-4d41-b7f8-7e1b16c9ed79
Ethan Taylor,54,0.000,4.922,197,b4569bbc-b31d-4504-a59a-fe40691d1d00
Nathan Mariano,42,0.272,8.466,153,6e090c81-2a42-43d1-9e4e-bd5a04f09b10
Noah Penda,40,3.175,13.251,79,8257785f-b06f-4feb-a7c3-c58c4fbf99d7
Chandler Baker,31,0.000,2.315,62,db071247-1883-4852-b647-0b794ee7cdee
Jack Gohlke,49,0.000,4.472,137,20e6b7dc-2172-4ce5-a2c7-f61c3c89d703
Kellen Tynes,49,1.091,3.732,241,83a05254-611e-4587-a927-613bde48b6ba
Feron Hunt,35,3.968,10.930,49,5210db69-14a3-4c9b-ad2a-62c349f4ac65
Quenton Jackson,30,5.208,6.316,40,2916816a-1e08-43ef-953d-a81bfe3503ee
Issac McBride,44,0.966,5.320,88,e98d2d7d-61a8-42e6-9c79-f1c3d6667ec9
Josh Minott,27,1.389,5.066,64,3dafdc09-40d9-4934-b9c9-8be3bd3eb90a
Kalil Thomas,26,0.000,5.770,75,1e30df52-91e3-4394-8265-d813a892b8c7
Philip Alston,32,2.304,8.886,89,f05622f9-9133-4b26-8fce-07c056dbcf6c
Vinicius Da Silva,31,1.773,11.868,118,63049d09-0880-48ee-af08-c8f25b874237
Mohamed Diawara,24,1.899,9.758,66,cb172f69-5e77-4552-a43b-b2993cb7f689
Cameron Smith,20,1.770,6.471,50,bd762247-fb20-496c-af57-0abcde142d02
Jermaine Couisnard,50,1.969,7.690,103,395250e2-3fc7-41ec-b3e5-be2b920a6458
Kobe Brown,30,5.469,9.989,58,751e59b1-45ae-45f0-bc03-01f6c87520a5
Elijah Cain,27,1.087,4.753,76,2ce0583b-9426-44be-820b-de29934964ee
Tyrese Proctor,20,7.273,7.669,23,27207fcd-251c-4d7b-8d11-48823d8dab1b
Nathan Missia-Dio,27,2.201,8.770,127,ef69e667-2cb2-4590-bb9e-561480e2abeb
Tommy Bruner,23,0.000,2.666,95,9819211d-c92e-4802-8be4-018f1efe7932
Jean-Jacques Boissy,40,2.083,5.692,76,3cd15c37-c35d-4061-82f8-728bfefd34c9
Kario Oquendo,22,2.069,7.483,58,1ea004d3-81c8-428e-920e-2fde02ccf379
Mason Madsen,23,0.649,5.011,65,d745163f-0ba1-4894-9467-cb7553e99081
Eric Ayala,28,1.739,8.056,94,0ed3aa02-c44c-4b25-a16c-d448d88b92ea
Jamison Battle,19,1.250,5.605,32,74f1f473-4fc6-4175-bf32-f1f99de73ef8
Cam Christie,23,2.308,6.070,53,8a68ba44-d87b-41c9-94f3-c94e88cb37a0
Marcus Sasser,18,4.348,0.000,20,5fc1833e-3993-49a8-8970-87ad09b61dff
Elijah Pemberton,13,3.371,6.949,36,0fd95fbb-b175-40e4-a6c7-4864b5678d6f
Ray Harrison,25,0.000,4.016,90,57be9a58-9fec-4727-b978-d75c7e33e914
Jae'Sean Tate,17,7.143,8.396,17,80383c81-b671-4a11-b003-ae08fba34eb8
Maxime Raynaud,16,1.389,16.550,33,31a1e47b-7784-4021-b7f2-31e4ef972892
T.J. Weeks,16,0.840,6.072,53,7d91ff01-e290-4fe8-955f-093a15c1d3b5
Leonard Miller,9,3.077,5.522,26,0eaefaeb-b40c-4fc7-9086-902dc1ab2254
Nique Clifford,14,2.985,8.758,29,329049aa-89c8-439b-a0c3-dc93d3609931
Carter Bryant,14,3.448,7.216,25,18dc7187-8fc5-47bf-9779-e7a7694c498c
Ray Spalding,27,4.808,7.024,41,ef25a4fc-8a16-4dd9-a1fa-e236cd842a32
Cheikh Mbacke Diong,14,2.632,18.074,50,7efefdc5-c8ee-4221-ac12-a35549517aa2
James Reese,12,1.010,6.198,41,26f760b4-f286-403c-ae5b-8c4a2f2810ff
Alex Toohey,15,2.410,6.164,35,ac601971-3fa2-4aff-940d-0f5fa3745d0c
Trae Hannibal,30,1.429,6.661,119,636fef85-a117-4abd-96b9-a45df0f16b53
Alejandro Vasquez,10,3.125,6.861,26,146e6f60-9f61-4669-902f-1f985d239c46
N'Faly Dante,7,1.493,14.648,29,d6eaf02a-27a0-4e40-8641-632e8d39f965
Tylor Perry,19,1.974,4.877,66,0b9ca9bc-f567-4768-9cc5-5e42d6fc8dce
Adem Bona,11,2.985,5.002,29,df125bae-eba5-488c-b948-9767e7090d40
Onno Steger,13,0.685,2.277,63,f033b782-7e16-4a10-b000-aff290ea4400
Blaise Threatt,25,1.681,8.280,52,7bf581f6-845d-4d34-9460-f09f129eb841
Jaden Seymour,11,2.564,10.433,35,667eabca-780b-45aa-8d74-a3418e732e81
Joey Calcaterra,9,0.000,2.070,35,f07958e4-943d-41bd-add3-e75692af9566
Jamiya Neal,8,1.613,3.907,28,bd101cdc-8e04-424a-8c61-034c93ff6be7
William Hickey,7,1.333,6.767,32,5673cf85-4703-43f8-b541-dd3923d4c42b
Isaiah Moore,4,0.000,0.000,7,ffd1ae3a-bd10-436e-a214-71a0761663e4
Michael Caicedo,13,0.704,5.389,60,315d7d14-0a97-43d5-bbf8-4b59a0938e21
Josh Cohen,10,1.887,10.841,43,e74d5547-334a-49c7-b5e5-a33913f3596c
Ray Williams, Jr.,9,0.769,2.726,53,5b0bdabe-6c41-4fef-bcc7-518987c7451a
Trevon Duval,6,0.000,4.427,16,94ca1f88-1f26-4d28-aeba-c686a5dde5e2
Parker Van Dyke,2,0.000,5.583,13,b25395ca-26fc-4977-bf67-3b99e73e1048
Isaiah Todd,9,5.085,4.555,24,1dbb419d-3008-45c5-aade-fb964248499e
Keylan Boone,3,0.000,0.000,6,57039dfd-7492-49c5-b3c3-30c8422fda2d
JP Pegues,5,0.000,1.954,18,dbabc9d0-e8c8-4399-92a9-047c7ffb580f
Jaire Grayer,3,0.000,6.115,18,c641880b-c90c-465e-8564-f6a741fae84b
Jaden Bediako,6,0.000,12.642,23,d22cb3b8-91ce-4a2a-bae7-a358a426a9af
Tony Carr,6,2.941,9.646,15,4eb5e112-86bc-45b5-a081-deb3f3aa0b67
Davonte Gaines,5,0.000,3.019,24,6e74a308-26d0-4ebb-b5f2-5a0dbe334f86
Robert Woodard II,8,0.000,7.049,26,9bedc1b4-449c-42cb-b9a2-9b0cd3596329
P.J. Hayes,3,0.000,5.651,6,659ecb80-2665-4645-b890-ef69b738b5e3
Dwayne Cohill,5,0.000,2.155,17,28c78fcb-5cfa-4d69-bf2f-416eef831e04
Caleb Mills,3,0.000,5.118,7,05febea3-f49a-42f6-8214-9cdb36006544
Fousseyni Drame,5,0.000,1.877,19,0870aa3a-22ad-4cf6-8f45-cbe6ca3f7e75
Jordan Forbes,5,2.564,8.458,17,d03f53e6-1f95-47b7-a843-dab2a10456f0
Ileri Ayo-Faleye,3,0.000,0.000,20,8419ad0c-1d1b-41ad-a04b-4d8bd3aff0a0
Jace Carter,8,1.370,3.881,28,d6029d99-f377-4558-8061-e383e37d162d
Matt Becht,1,0.000,5.079,7,37e8858f-5f40-4a44-8f60-2f6e2316aae8
Kenan Blackshear,2,0.000,13.507,3,31c6650d-c76d-497a-a605-e6ab1a822212
Noah Starkey,1,2.381,7.843,18,f5063d15-52b4-45d8-9151-24339b9db9b3
Josue Erazo,2,0.000,4.273,17,68813475-aec9-4124-948e-507895e853c7
Bryce Wills,0,0.000,7.255,5,1743e5fa-bc43-42e4-92c1-fa57e57d6312
Nana Appiah,1,0.000,0.000,9,7ad88c05-18d7-492e-9c41-30b2f77e3266