Passer,Passes,Passes Leading to Shot Per 100 Possessions,qSQ,SSI Player ID
Darius Brown,3316,39.879,54.01,b7ae8764-a482-4551-82ac-7a91c8292e4b
Daishen Nix,2787,27.450,52.80,06212573-e2e8-4bfa-98cd-4484063dead1
Kennedy Chandler,2622,32.450,51.99,90cef14e-ebcc-4a00-94e1-b06d8ca04701
Terrell Brown Jr.,2242,35.082,51.94,0784aa6d-2f58-4e8f-8fd0-d3cb2fd08ff8
Dillon Jones,2639,28.788,51.84,7c13f8c0-55bf-46b9-a41e-cbaeea35c13b
RayJ Dennis,2225,31.200,53.96,5c2a5944-cadb-4619-8b0d-04338c63a470
Hayden Gray,2537,30.440,50.94,e901ec95-f7cf-40c9-af32-8dabb981b3cd
Tristen Newton,2386,22.327,52.60,ea2c60f4-30d3-4154-b99e-b907b24658bf
Wade Taylor IV,2630,29.636,51.98,d809ed56-e0c4-48ab-9cb2-e6e94a8c0842
Reece Beekman,2436,29.040,53.99,a419b920-f119-41d8-af53-47d3b49ea811
Jalen Crutcher,2466,24.268,52.13,938ea26e-95ff-4f3b-a385-a965af8195b4
Coleman Hawkins,2034,29.766,51.78,769be316-e69b-4438-a859-7fbbad08accf
Mac McClung,2331,25.916,53.24,d9671fc0-754d-4cd1-b61d-2f6526c31497
Jaden Akins,2419,27.562,50.26,e6acbf72-2032-4b3f-9672-62f8052c1873
Sean East II,2250,26.504,51.56,673bd14c-085f-4173-9211-d62ae307b0e3
Curtis Jones,2678,26.044,51.74,69489a71-b1eb-4fde-b687-6385e03c1e49
Dalano Banton,2185,27.750,51.98,ccd8ec3b-3e5b-4f39-9b41-91882f179a73
Jon Elmore,2616,29.178,50.77,65bebd10-aa65-48ec-845f-2efcb122287a
Isaiah Stevens,2265,33.765,52.27,27b14c86-8f8d-4cd8-a8ec-bb051cd871bc
Harrison Ingram,2292,28.362,51.15,289b86f4-5aea-4603-a5e7-54793e5eb584
Damion Baugh,2202,29.888,51.79,bcde43ef-a7dd-4d4d-9d7e-a0585052e0b9
Keshon Gilbert,2139,28.727,52.14,10762d58-0a4c-416e-8e01-0af744c29286
Trey Alexander,2362,25.889,51.71,eae5a4b1-2701-4843-b7ed-ac8677e6446b
Cameron Parker,1595,44.352,52.85,15e3cffa-aed2-4d74-a8e0-ec06dfea63c6
Dwight Murray, Jr.,2025,32.231,52.01,7880b823-77c5-4925-a287-1af2424a923b
Max Abmas,2107,24.383,52.10,23961594-cb8d-4560-b709-2ace5a6b16a4
Max Shulga,2441,25.904,51.66,be819393-353e-4c46-b682-d2ee0d11e736
Sean Pedulla,1948,26.805,52.70,6068f2de-9744-432d-b3f4-f73da0894927
R.J. Davis,1922,23.067,53.18,af3e4f66-d651-4875-9291-4ee32c6a65dd
Dink Pate,2460,20.718,50.34,dc8f2d40-88ec-44ef-b6ef-09404a5d49cd
Drew Peterson,1877,26.946,52.08,b385f90c-bbc7-4346-8507-4d626e2c0c61
Anthony Pritchard,2021,28.327,51.87,58d7789a-e4bc-46cd-91d5-01526491d417
Jules Bernard,1867,19.425,51.81,7c2fd9b6-9749-4ca1-8d58-b773ff9223dd
Alex Morales,2047,20.762,53.12,21a9c7c7-f211-4710-9932-3ecfa2fd4256
Jahmir Young,1801,27.873,52.99,dc80c41d-ab1d-4aa4-be9f-8830d7e0dd62
James Akinjo,1617,32.836,51.97,889010b1-1e41-4488-97c5-030be0d70083
Boo Buie III,2225,21.344,52.04,2327ad6b-a87c-4b5c-8dbb-c64690426e98
Mark Sears,2038,24.502,51.50,6af77143-6aac-4199-ac80-bfa704e2ca51
AJ Hoggard,1511,33.180,53.97,91fbbfa3-eabc-4c5d-b0d0-b2fc674c84bb
DeJon Jarreau,1603,34.785,50.62,3cd02b89-3d2f-46ff-b392-29215f6825b4
Jaelen House,1302,33.273,53.18,e14de0fe-50fa-4322-a5a2-55cb2137e6f2
Taevion Kinsey,1708,17.233,52.08,b17e9b18-8167-47ec-b96c-1a1c88208376
Zhaire Smith,1771,16.491,52.21,bf29165e-4d8e-4760-a070-5502dd6c2176
Malachi Smith,1939,27.151,53.45,cf11631f-67ad-4f08-9466-e66859baa68e
Hunter Dickinson,1826,19.544,52.29,00c80505-49a6-4ed4-ae3d-decf5a59b3a2
Saint Thomas,1775,22.040,50.24,9ac60fc8-a677-4c67-8b1a-92c61ac71eec
John Knight III,1529,17.653,52.51,534e334e-2adb-4b8c-9614-8552f0dc5f6d
Jarkel Joiner,1866,23.301,51.50,994212e5-17be-4696-bd46-0efcd68787bc
D.J. Carton,1762,23.543,52.71,b902fc9f-4b1a-417f-8af7-bfa5c66c95a3
Bez Mbeng,1613,23.171,51.57,117522bd-3f51-4ef9-99ae-8cf060df132b
Ruben Nembhard Jr.,1704,22.454,51.15,27574eb5-d76b-4147-882e-38f3edc014b3
Jalen Slawson,2154,21.614,53.21,ee32b868-f2aa-47fd-bc12-e2df467173a0
Killian Hayes,1357,27.440,55.55,9a826fec-5df7-4a14-8637-3364dc9433c2
Jaylen Sims,1617,18.112,50.81,4e475993-d453-43ef-a5dc-52e715e3e5db
Elfrid Payton,1171,37.409,51.03,ff4126dc-89ef-11e6-a96d-a45e60e298d3
Cameron Matthews,1722,16.328,53.65,2b3321e5-dc2b-4c37-9ee5-36336690c3ec
Marcus Garrett,1282,26.195,51.90,723b0c0c-ac5b-4b0c-b84c-01da7be6c705
Stephen Thompson,1982,18.736,49.99,41e105ed-f146-4aef-a65b-262abde1841e
Charlie Brown Jr.,1628,16.695,51.40,dfa6209b-514d-438b-9c4c-bd6f1ff85613
Dennis Smith Jr.,1513,30.793,52.95,4a0f330a-e571-48c4-a685-f82c9436c964
Ryan Woolridge,1481,26.024,50.58,a4f5f591-7988-4761-b96d-5efb627bd420
Kyle Mangas,1435,17.200,50.19,509e10a3-69e7-41cc-a0b5-44de8eb4659f
Giorgi Bezhanishvili,1631,16.813,49.50,4d0b25c0-eb2c-423a-875e-ba9f74999bdf
Skal Labissiere,1622,17.006,51.77,0943dbc8-178e-4cab-97d6-3f31747698ab
Alize Johnson,1461,19.799,52.20,c97ec77d-b190-477c-8f04-2d8be4554830
Anton Watson,1335,16.930,52.67,8cb4b74b-84e9-40e3-9a3a-a7dd7be9767b
Kira Lewis Jr.,1852,22.280,50.39,ce287780-67de-44fa-86c2-d87dec5a1e28
Ahmad Caver,1656,24.039,52.76,b37bbd3b-102d-42c2-9bfe-7874d64e9068
Leaky Black,1610,18.329,50.97,baf1b89d-5bf9-44d8-ae08-43b643b89914
Jack Clark,1932,16.246,51.31,baad4031-1f9b-4e88-9ac6-9c40ed79d7f3
Jayden Nunn,1535,17.119,50.82,174b4cc1-dd31-428b-97ad-093422ffe324
Evan Gilyard,1341,28.316,49.30,0f656aa8-c62c-4fad-ad9f-3442cdc15e50
TyTy Washington Jr.,1296,26.304,51.94,0b1c2f8c-380e-4f07-85b0-3b5ff4650d00
Javonte Smart,1632,18.441,51.93,a340ee6f-51b2-400d-8c06-295617b4c779
Jaden Shackelford,1312,15.054,50.51,dfffb2fc-160c-41a4-9a75-af0a21d2ba76
Dane Goodwin,1621,13.887,50.56,83cf7787-d441-4c3a-b5de-a2b2a623350b
Dereon Seabron,1322,28.758,52.25,9cd83bc4-5c2c-4f4d-ba20-8fc69a4cfa8a
Tyler Burton,1688,14.775,50.00,382afece-e02d-4ce2-92ac-92b1d2333d2c
Lester Quinones,1552,14.150,52.30,e4c6a53d-37a8-4278-9230-5a9d9ccc6d02
Matt Allocco,1353,24.572,50.47,1542fce4-02f8-434c-8e0b-c655313fea33
Malik Williams,1686,16.437,50.63,91d9d39e-7ed1-4320-80fc-4d487e79b1fa
Kadary Richmond,1329,24.009,52.21,5f0c2302-aaca-4ac1-b70f-f25abbe14186
Bryson Warren,1557,24.811,50.27,de89d563-ec4f-4356-8cba-afd95b5a975a
Jahmyl Telfort,1684,13.719,50.55,f7cdd34f-d626-4902-b05a-e39f9ae32dd4
Zeke Mayo,1358,22.347,51.99,2aa9c687-ca9d-4478-a2c7-8f2797b308b2
Gabe Madsen,1519,14.516,52.23,7e84815b-7663-437b-8751-28d60ef2c65b
Chance McMillian,1372,22.808,51.78,d40fdb50-4ea9-488f-85e3-aa57164f9d0a
Zyon Pullin,1022,25.484,52.07,21f03dac-c84d-48c5-80ce-a54781f63914
Malcolm Hill,1236,13.183,51.35,99f046d4-e2fe-495e-92e9-472b6f6a9c22
Josh Christopher,1260,17.572,53.33,207daaca-464a-4e71-8c77-cae31615c0e3
Amari Williams,1103,23.571,52.78,7f8f2047-20da-4fde-b1c4-e046ef5d94f1
Deivon Smith,1174,31.128,52.83,9ffb6f28-8fa0-4650-bd30-47f8aa7235a2
Jordan Hall,1161,29.593,51.79,4b98be48-a61f-4372-8f5d-25f914555a83
JaQuori McLaughlin,1181,27.209,49.93,a05930e9-6846-4c42-b5d6-f859b92d97fd
David Roddy,1481,19.501,54.21,ab0a4d97-fd7b-40d9-a72f-b2a862039584
Keion Brooks Jr.,1735,13.083,51.08,088649fd-bea2-4353-a931-850c918b0337
Norchad Omier,1590,17.055,51.84,15c34e0c-e636-4bd1-a7db-6435d201f8c6
Alondes Williams,1123,16.609,52.43,e555cb48-990b-4ef7-8464-59adc6adf34d
James Bouknight,1555,13.354,51.84,a4bca3d5-c8c6-408f-a4bf-22453062b4b9
Chucky Hepburn,937,34.608,52.78,4ac4a0ab-ea85-4870-8bd5-9670073a3df4
Jaylin Williams,1148,16.315,51.15,db384374-d594-45b6-a3de-9aa8a66dc226
Dexter Dennis,1606,13.020,50.28,b9d78738-9b74-4fdb-9c3f-bce9cb72377a
Wendell Moore Jr.,1296,18.548,52.71,96f746dd-7dfb-4ea4-a98c-39ed5d2a0fd5
Mark Armstrong,1154,18.983,50.50,3bc6f704-0fda-4f85-a681-a41d1178948b
Cameron Hildreth,1605,19.065,51.65,2c4cbc5a-83fe-4562-afdd-859499b77aa5
D'Moi Hodge,1022,16.953,50.86,4fca8d39-a522-46f0-b222-226b8180e35a
LJ Figueroa,1420,16.795,51.80,629382e8-fcc6-4974-b0a3-99fd67940f2d
Zach Freemantle,1476,14.096,49.16,aaa72835-bf87-4903-8432-953c82e91876
Alijah Martin,1255,15.353,53.91,c1035422-a088-42e6-8ad3-db400bb52aa1
Enrique Freeman,1261,13.827,51.61,f838df3f-72c5-4cf1-a555-7182e3dccd13
Chris Manon,1225,14.330,53.16,5dde0a80-753d-41a6-9ffa-6193317a3a17
Kevin Knox II,1548,13.551,51.65,868bf1ee-0aa9-4762-a685-b32801d25e6a
Javante McCoy,1218,18.137,51.57,fac10e71-d936-4a9b-b017-2e3b743f9833
Alex Schumacher,1261,23.870,50.88,74b58589-0ca1-4a71-ac83-93c57a2e8b83
Andrew Carr,1372,14.109,50.88,d2f39898-17d1-4d74-bfca-1719672b051a
Jeremiah Robinson-Earl,1134,18.266,50.58,1a9ac6bd-8b02-4fe8-8096-c435a2a90100
Koby Brea,1216,14.991,51.10,e2c4bc9d-2cb8-49d6-962a-07bed124b6c8
Pierre Crockrell II,848,37.207,52.82,1a254905-e1db-43b8-9f5c-b1bf4e663150
Nick Jourdain,1314,17.108,51.72,1faa4121-7c60-4b48-91c7-217d64555324
Kendall Brown,1305,12.500,51.99,84863ea4-7e22-4827-9c1e-091a16291b37
Trevor Keels,1060,13.744,53.07,58189b84-2563-4034-984b-e61021022c4c
DeAndre Williams,1325,13.624,53.60,d240c74d-0376-4b1e-998d-190b778ced1b
Malevy Leons,1245,15.000,51.72,a6b91d1a-7a93-4bda-8562-d762d1f5ad47
Trey Galloway,1057,24.266,50.40,8303a10f-1748-43ee-9c4c-59abdffdaf87
Sean McDermott,1137,12.950,50.80,b5d46463-618d-4328-a3ac-31239ed7af7e
Augustas Marciulionis,853,28.693,54.61,89ff2dfc-818b-4d2a-beba-efe0422f6d4c
Javonte Cooke,1122,19.741,52.62,0c8af3e4-85bf-4c62-921b-d5cc21594198
Steven Crowl,885,19.717,51.34,ee193c16-33d6-4aac-9688-7dde65cf6671
Kyle Guy,1148,21.270,54.24,9eed3d99-6049-4cd0-96bb-4fabb8ad8ddd
Tosan Evbuomwan,1048,17.200,50.36,3836af33-7171-4f6b-b4e3-7dc129d8efa6
Mouhamadou Gueye,1323,11.630,51.19,cc3ddd0b-2be3-4043-a3e9-7ae15f6e1ab0
Gabe Levin,1303,18.903,50.18,154a9e91-a046-4e1d-bd25-0fdf6dc87f45
Yuri Collins,1041,31.544,52.45,7a58adf5-73d4-4f5e-b042-6ab0d8862313
Nate Hinton,1075,16.558,51.80,2827a99a-9a36-4b8d-8ca8-e77e9771b69c
Terry Roberts,1058,31.322,53.41,6b0963ac-b00e-46cd-94e8-e60dc3238718
John Butler Jr.,1497,11.978,50.17,16110c22-e5e0-4925-94a9-959285132aeb
KJ Simpson,990,25.801,52.36,1287087b-e6ba-41f9-b2b5-a3d2d1c8d682
Isaiah Roby,1153,17.889,50.83,19602b62-cfbe-4d35-81f5-bc244327960e
Miles Kelly,1078,15.293,51.53,8e41f240-6f89-4f54-bcc5-534112efd3c2
Isaac Jones,1197,13.372,51.02,a35d4b94-e6ff-4f4a-8f40-d64d70dd4c3a
Hunter Sallis,970,16.203,50.80,6d6c60fb-827b-4b00-9033-8fb8a4fb0f32
Jaden Springer,963,17.039,52.41,8a1c8d1a-13c8-487e-b85e-6b10ecc1d39f
Nolan Hickman,1007,15.593,52.85,b8b01afe-00df-407e-b0ee-229eacce163c
Josh Oduro,1065,12.412,51.42,8356850f-e674-4868-8a3b-7cf5b6193dce
Justin Minaya,958,12.876,52.39,8a534421-7dd1-49c4-a304-7b5a2341f904
CJ Huntley,1338,13.741,49.84,a93dac29-3dee-4328-8787-673c2c4d207c
Emanuel Miller,1105,11.466,50.79,9333d369-df08-4c59-9073-3164d584f481
A.J. Lawson,1334,13.283,52.13,ed39e2d6-ce65-43e5-9ea9-d579d0526a1f
Tyson Etienne,1172,18.036,52.37,316deed2-3f6a-4c1c-9508-2dd0c937cd4c
Teddy Allen,1067,14.034,50.28,03318058-7f1e-4d54-a8b4-cbaf7e836a78
Sheldon Edwards,985,15.457,49.23,8d385c74-6c2b-4704-ad41-8e5519b11012
Riley Minix,1191,14.123,52.76,d4332b50-b7fb-4429-9525-e10587f584d9
Brice Williams,987,14.053,52.25,bc4eee96-6dec-4e4c-ac60-d467785926cb
Taylor Funk,1119,14.554,50.92,951413b1-0a17-4edf-841a-5ca7b9a2c275
Kobe Johnson,1101,16.821,51.41,9f123592-d747-4a41-b903-ad6bcb6ac751
Marques Bolden,1344,13.515,50.97,95b6d616-e911-4060-869d-7f633e7ec049
Trevon Scott,1260,12.894,50.91,fc067294-4b2b-42aa-bea6-88cda36ce6d2
Lachlan Olbrich,926,24.382,52.58,684950fe-3bcb-47f2-8bfa-a9941e216b28
Andersson Garcia,1319,15.625,51.88,9b93509f-b8d1-4066-ba4c-6338fed2a84f
Caleb McConnell,902,22.214,54.43,9ea29be6-8741-4b28-9a3f-b73d1919c900
MarJon Beauchamp,873,15.892,53.41,a17b838f-efcd-4d85-adab-39e05d579e13
Jarron Cumberland,888,18.466,52.35,46d86ca8-8056-40c4-8024-2ba83293aa17
Steven Ashworth,959,30.466,52.00,63e0883f-eae7-4a6c-ad8f-c7670247241e
PJ Hall,1060,16.429,51.91,4af59bef-250a-46aa-a5d3-e448a55f61ad
Hason Ward,1167,15.159,51.67,99828648-af70-4757-ac4f-8f3e6c8364f5
Tolu Smith,945,19.045,52.40,dea8af5c-b86c-4445-b191-20c7806e6a4e
Jason Preston,921,30.952,51.01,b609ade3-6177-4d12-8f4d-e717beb97f97
Jalen Bridges,1349,9.277,50.74,1c7e1fdd-3a9d-4509-b079-a329c993e9d4
Quincy Olivari,880,24.396,49.91,cbbbce73-763b-4e1d-820b-1b8f62857eaa
Johnny O'Neil,1182,12.675,51.47,266b9ca1-6596-4d2a-947a-0f602c0af725
Ben Saraf,1022,25.109,52.52,f92bdf23-732f-412f-9b84-9c088cd9474b
Jahmai Mashack,810,28.195,51.34,f851dd8e-83fb-42a9-8b76-cc5afe5350fa
Johni Broome,1059,16.062,52.19,12c34cc3-1005-4454-bcfa-a5332744fd4c
Yuki Kawamura,689,35.939,55.04,3d921f8a-1119-4e42-be46-c22ae84d5f58
Jaylen Martin,1143,17.636,50.38,70021baf-68ca-4b04-a865-fe10b1450b62
Caleb Houstan,1040,11.719,50.19,0ac0ed6b-ebe7-4dcb-b924-c14e31262efc
DaQuan Jeffries,1311,12.701,50.69,b969f906-aab2-4845-b038-70ec8482bed4
Victor Oladipo,1046,19.571,51.40,ff415fa8-89ef-11e6-bc85-a45e60e298d3
Matthew Murrell,844,11.173,50.99,42aff9d8-9839-4949-ac9d-97663c8eae23
Patrick Baldwin Jr.,1117,13.011,51.54,45b328c0-b3b8-4a36-a0c1-28e39227ca85
Symir Torrence,835,28.880,51.53,6779419d-662d-4a38-b2ea-cb8e012eed8f
Kessler Edwards,1157,13.577,51.89,0dbaa8bb-491d-40b7-ad09-f4605dda699c
Franco Miller, Jr.,861,23.740,52.99,d681a7cd-c0ad-4497-975c-f750b762a74e
Chris Youngblood,1008,17.595,52.11,35206de4-a3c1-415a-b596-126c0ab7b44a
Trey Jemison III,879,16.993,51.21,48e06536-9d6f-4027-9d17-ec477a9ae3a2
Drew Timme,793,20.384,52.77,30998b89-18c0-4086-ae61-1830056bb1b7
LJ Cryer,905,23.785,51.71,51c89cc1-c192-4e07-878a-436ad5c2c70a
Liam McNeeley,799,21.412,51.63,ba22d012-f7ce-4a1a-873e-d6c3ccf7ae5a
Brooks Barnhizer,888,18.720,52.51,6b9ff8ac-a24a-46b2-8a4a-4f4015c6b353
Chase Hunter,1065,15.216,50.30,50fd1b80-b17c-4168-9cd8-b67adeef9040
Trey McGowens,810,19.708,50.67,a17cb8d2-4fe7-49a1-b4b9-e56f6316d694
M.J. Iraldi,1080,16.443,52.71,bc70e8c9-c8ff-44fc-b539-10f863d5efec
Justin Harmon,1035,12.471,50.93,4c8abee4-0270-4d98-b4ab-cff9969857fc
Nate Williams,867,10.980,54.67,3ab12c09-2aae-4bc0-a45e-0132e6751116
Zhuric Phelps,797,27.071,51.39,cbddda95-fa69-4ae6-b6b0-247f5c669b7f
Kobe Bufkin,814,16.461,54.06,9e453254-b85d-43ba-a615-8bf683d94834
Tyrese Samuel,1013,16.667,50.26,f4159312-f59d-46f6-a72d-afb990d1e80a
Viktor Lakhin,897,20.352,52.18,386162d7-b5e6-4aca-9174-cfba1382d491
Christian Shumate,954,12.673,51.75,40ebb929-1947-4008-9cdc-046aa3a4bd87
Lucas Williamson,1086,12.106,52.24,f0ae386a-6794-4f37-b447-84822aa60c4b
Felipe Haase,1180,13.611,50.98,a03683d7-864f-4a20-ba32-5a8d3263c1fa
Keyontae Johnson,779,12.903,51.27,d5348336-15a5-416f-8312-bd7030a6277b
Trhae Mitchell,864,11.826,50.14,d98ecec8-9937-426e-ba9a-e019ec88d94f
Jonathan Mogbo,1084,17.596,53.97,12f2cb53-d3a1-4a42-b6ed-9238a8eab4f7
Olivier Sarr,1123,11.878,51.67,584a880d-84b9-40fd-876e-852044392606
Daeqwon Plowden,1275,12.235,50.95,daca4b6a-526f-49e8-a02e-ba59acb77846
Basheer Jihad,984,12.866,51.54,bd9b1fa0-957f-4365-8af3-a545d525965b
Tyson Degenhart,1134,12.261,52.21,7ce310e3-5034-435f-85fd-9db70356ed75
John Tonje,1099,9.356,51.89,5bfe6dcb-3da9-45f9-95c0-ed690168c7ba
Ethan Thompson,818,21.732,52.16,e303b1cc-a268-4f85-8063-e447c757ede6
Manny Obaseki,952,19.147,49.31,e4cdd91f-718d-4c35-95d1-b3aa28ef79b5
Tyreke Key,862,10.968,51.86,a9ab59d3-2f04-49b0-b4fd-a265d98af568
Bronny James,789,21.953,54.09,ec9d7a06-798b-45e0-8eae-a5bfdd92f0ba
Tomas Chapero,956,11.945,50.88,5909ae5b-81cc-4f42-adb1-912f0c19edfc
Kendall Munson,829,15.366,51.72,11a2c3b6-617d-4889-ac4c-dc3821c6375a
Gabe McGlothan,1065,11.814,52.13,32f54c28-47c6-4d3c-8364-c3956aef7190
Cam Carter,807,22.595,52.31,a183c842-9603-4691-9abd-612235152ad2
John Poulakidas,799,10.614,50.88,12bf97f3-6476-4443-af11-5228771faf66
Matt Cross,840,15.756,51.24,8b71b1ce-93f8-4cf0-9099-64c91af44202
DaRon Holmes II,753,15.550,52.41,33ee598f-dbec-467d-982c-9722af3b3261
Cormac Ryan,956,13.417,52.36,f3f41cea-955b-4ff5-b6fc-69991789d721
Blake Hinson,924,10.475,54.19,64b12646-2555-4dd0-98eb-cb169b3ee58a
Alex Reese,1009,10.894,52.59,1f6ef8b2-5d7a-4ca6-a9f2-cc8c06c032b8
Elijah Harkless,624,24.642,52.11,629588b6-9560-45b9-ae52-ff90c299fc4d
Rocco Zikarsky,1181,10.722,52.01,7a36a328-5e4b-42b6-a21b-39e9f97e0188
Tristan Enaruna,998,9.905,53.58,998f2322-7dab-4353-99d7-b23e57eeb3ed
Romeo Weems,1021,11.408,51.66,9920a386-699e-42ad-90ac-8fb89d78d1f9
Chaney Johnson,952,12.038,53.23,4007e9ee-5f46-4b39-9d77-0001aa54f1f4
Jacksen Moni,788,13.118,52.17,b16076ab-b7f1-4f61-b1ce-87471a1be027
John Ukomadu,1111,9.370,50.16,b4f22d30-f720-4880-9fc3-a7a1f5679086
Arthur Kaluma,789,12.018,52.01,c7a03fd4-8ba5-4f9e-b62d-db9492da6f1c
Akoldah Gak,907,16.774,51.24,e6e552fd-83e6-4bb7-b80a-9b0bae80ad1c
Marcus Burk,820,11.668,50.73,017ced69-5d96-4160-b064-3a051a5c9efe
Taelon Peter,819,17.846,53.44,c870f7e6-686b-40b6-859c-ced3b397cbd8
MJ Walker,726,13.687,51.13,2733a0f6-5816-47e9-9972-a4f253f15038
Kobe Stewart,1003,13.162,50.60,9c8748fc-6d1c-4911-99a0-94e1cf486b48
Caleb Grill,908,12.196,50.68,bbae8544-616e-4d08-9a98-a20e5d47e694
Mitchell Mascari,922,12.644,50.21,fdc935b9-0c73-4ca7-ba6b-f3b5aa1f2205
Kylor Kelley,938,13.956,52.06,08d8e7a7-6e98-43fb-808a-803728ffe738
Dain Dainja,760,10.560,53.16,3d560bd7-c964-492e-97b7-12c4feda4079
Oscar Tshiebwe,634,17.629,50.09,9234048a-d7a7-4f77-8d48-3b95b6365ae0
Kevin McCullar Jr.,708,24.756,53.50,1ebb0958-b242-4b10-a0cb-cc3182f35814
Samson Johnson,703,15.531,51.29,68596e1c-c815-41b9-ae9b-a8179fee1f36
Nolan Traore,814,25.537,53.13,4b2dd1ee-169e-4af4-9877-1e600ccc1ac5
Nick Smith Jr.,666,21.908,53.88,b2d1fbf7-72be-4469-b0c2-db6677a145bd
Stanley Umude,719,8.101,52.69,73712bb9-3143-4176-8eb3-cef6d45e9f92
Sharife Cooper,594,28.299,53.37,2d470912-d9ac-4456-916c-372fc4c84cdc
Steve Settle III,987,11.185,50.94,f52af8fd-29ee-4aa7-9c70-e211a5d73a12
Cameron McGriff,811,14.029,51.78,55ec130c-b918-4d9b-9fe5-9b79a5f370f2
Antonio Reeves,660,9.530,51.67,19004e0e-7982-4513-bdba-24e11e49d49d
Warith Alatishe,844,15.424,53.94,ef3f7448-40b8-4701-8feb-456aaa4d1c6e
Jameer Nelson Jr.,719,18.050,52.47,55218f5a-96d0-455d-953e-1af096389bc1
Kameron Warrens,746,13.578,49.76,14a1175f-1e82-4a12-9edf-f9445dc58270
Jayson Kent,885,7.831,53.79,dc854637-bbf4-4710-94b5-8c953db3ce27
Nikola Topic,604,29.296,55.44,deb86c8a-aaa2-472e-a66d-a1cbace2c797
Eric Dixon,728,9.131,50.69,11ec3e54-7b96-4e1f-856e-8933eb8de9c3
DaJuan Gordon,826,11.975,52.10,b7cd24eb-bd7e-4dcc-99a2-7236606d1541
Kaleb Johnson,679,13.547,51.01,51e2e08f-d07e-4dbd-a05f-bba8e5c69f96
Matthew Cleveland,699,10.668,49.85,45913c55-0376-4b4f-9935-00471ffb3033
Efe Abogidi,967,8.347,51.56,2a962d8e-05d1-4d9c-ae45-e128f2ae9c81
Stephen Mitchell,556,20.299,51.16,1d1c157c-d6cd-492c-8ac1-aca3b6d6c04f
Donovan Williams,727,10.384,49.19,12136b74-23d8-49b4-b4de-98a320969c76
Adam Flagler,653,21.136,50.68,60b1ff6f-7e65-4d93-8b0b-fe76747cb0db
Alex Antetokounmpo,797,11.789,49.58,34a56ad4-cc65-4406-9566-ff884e10c7af
Johnny Davis,771,13.514,51.01,bd507dbb-cb87-4e45-ad2e-1990df07ac20
Dajuan Harris,624,23.175,51.54,51b4a0a5-880c-48d7-a342-2b25ec6cc206
Desmond Cambridge,606,17.595,51.99,5f4ae0bb-b9a5-4c83-8441-1e627500c265
Luke Travers,725,19.355,54.38,ef24e628-6674-47d2-8fea-a8ceb61e0fb6
Tyler Smith,785,10.857,53.16,b701694c-6da2-49de-b9a7-ae092466ce67
Toby Okani,725,10.072,50.20,a6c4645d-9238-44cf-92aa-fd318ebb8ebf
RJ Melendez,902,9.428,53.10,090cc6af-edb2-4cf8-a374-9b90193c330d
Julian Reese,676,12.581,53.31,9f1b6ada-6f2a-4683-9f79-e98b06d24f06
Sean McNeil,685,9.257,52.34,4f71e857-f644-4dfc-9ae8-65416c90df71
Bobi Klintman,634,13.398,52.85,61c18542-cf37-49c7-b486-337bb809d326
Ron Harper Jr.,666,15.983,54.55,0fc9db0f-ca5e-49e9-a003-973fa4fd8839
Isaiah Crawford,604,13.162,53.67,cc5a020f-5862-494b-a997-26288b4f4f12
Chris Livingston,734,10.027,52.62,f79d533e-f423-4752-a088-6d507d795bdb
Kyle Rose,603,14.517,52.00,c7fe17cb-17b0-4fe5-bfde-60cdce624f03
Nate Santos,713,9.353,51.35,5d98e4d9-9d4c-416e-896e-662ef6de036b
Buddy Boeheim,551,16.419,54.16,b19737e4-2806-4548-b14b-2062175fb05e
DJ Rodman,620,13.587,49.67,18ec54f9-3c06-457d-a0c8-04f2aa513754
David Muoka,642,12.706,52.67,c5a7468d-b9c2-4814-a823-b9bf4a58358f
Dariq Whitehead,792,11.429,53.47,9f8b2ee3-8cc5-4a92-aeb9-c8c52d6e37a2
Donte Ingram,638,9.930,49.79,1034b6f9-7fc5-4f5f-94fa-2ab920658dd3
Chris Mantis,588,10.777,51.29,d2d320cb-de1d-4f2f-b238-9697f02b41ff
Javan Johnson,679,11.425,50.17,5bf3dc6a-f0bf-4146-9233-0714a95538e5
Mo Bamba,706,14.263,51.38,ee761e41-d0d2-4a56-84cf-353e2ae5a961
William Baker,779,11.704,51.19,dc9d21e3-68f0-4270-a358-8e68da5bbafc
Erik Reynolds II,633,15.274,48.95,f3572151-dba9-4dc4-a48a-792e17a3180b
E.J. Liddell,682,12.228,52.05,f76c835b-10f6-42aa-aafe-3c87b5be8866
Orlando Robinson,691,13.783,50.58,e58d10b8-dbfa-46bc-9b80-d078501bcce7
Cody Martin,683,20.067,54.15,0000b397-3cf4-4dd4-a910-000000000131
Payton Sandfort,641,12.679,51.69,54f7a3fd-6e94-4630-9ca3-e05af980008d
David Jones Garcia,546,15.989,51.05,8207e744-783c-4fac-8d78-52acb829f00c
Garrison Brooks,711,17.184,51.92,146c7c56-b7ad-4925-8a9e-93d2c5db55bc
Aminu Mohammed,591,15.681,50.44,6abaacf2-5a3c-4c72-b19c-2a645dd84022
Au'Diese Toney,842,9.353,53.31,a127ee52-bbec-46b6-990c-93a2c3d57b87
Jamarion Sharp,577,8.871,50.66,02b5523f-9555-42f2-b2a7-3ba79ce5e959
Bryce Thompson,686,13.150,50.76,cc61028a-3c21-4917-a6fe-607bb4085636
Keon Johnson,580,22.122,51.85,7cfacef2-8c7b-41e7-9df3-4a570a6de468
Yang Hansen,553,14.873,54.33,c6156c46-4275-4470-bed6-6c382811ef91
Vladislav Goldin,663,11.761,52.17,0d1efd50-8b55-402c-af4a-3400a0ecf19e
Lawson Lovering,603,10.085,51.03,ee296dd9-8d26-420c-9aa1-271f6b6a2222
Igor Milicic, Jr.,678,10.540,50.76,96e51137-1852-4b4b-8809-7d07d81b22a8
Paul Zilinskas,535,9.649,52.43,fb3799f7-55e6-46cd-8dba-16e86ee83d37
Isaih Moore,742,9.291,49.85,ea2cbcac-0b28-454f-a3f7-a30bb1d6fbb1
Miller Kopp,617,9.803,52.59,817c559a-6812-42ce-8373-1e8132f3b917
Jeremiah Tilmon,558,14.463,51.05,285400dc-29c2-4d6a-83a0-5b87049c14f0
Drew Cisse,515,11.013,52.15,4943e7dd-a830-4c29-bd39-a8b168bf00b9
Kellen Tynes,489,29.455,49.06,83a05254-611e-4587-a927-613bde48b6ba
Charles Bassey,854,13.235,52.66,089bae1f-5cd7-438c-8ebb-061918727a25
Pete Nance,693,20.930,51.44,a9d51846-7123-4773-be70-de509c877a08
Ja'Vier Francis,741,10.523,51.32,426de6ba-834c-455a-8c94-9656ad089275
Colin Castleton,667,14.185,51.69,cb160212-66c3-46cf-8728-c0d6612456f8
Luke Goode,587,10.402,52.41,4144db18-4210-42b8-af58-fd1dd83e87c6
Pacome Dadiet,698,11.725,49.98,810fd8fe-5999-4962-9441-004f4a25fea2
Cameron Brown,557,17.952,52.85,c2df5312-12de-4f83-9d1a-3f3c2ab6148f
Derek Ogbeide,617,10.085,51.23,4f5b0cc7-0740-4ebb-8b37-c464b1f421f3
Nikola Djurisic,500,16.367,52.38,0e381936-04ed-49fd-87b0-400686b3e145
Ryan Nembhard,336,35.915,53.50,f43050bf-10e7-4919-95a0-272b4c616687
Micah Potter,570,16.740,52.43,1e89c60d-b20e-4499-aba4-b13dba295a52
JD Davison,372,28.148,54.14,833b573b-1366-463c-92ea-56e7718c0dc6
Tevian Jones,527,8.691,51.56,1d44afa0-7106-441c-b8ed-cc5e216e866b
Aaron Scott,600,10.007,51.44,800b6f8d-e4b2-40c8-9891-40fa3f84efc3
Ibrahima Diallo,516,14.553,50.56,505bb488-33f9-485b-9cce-e0533d462cf1
Caleb Love,463,20.306,54.46,163d0a85-fc13-4c76-8e98-93aae28417d2
Dylan Cardwell,495,15.240,51.54,fb79aa4f-8468-454c-80db-1768d95b4e42
RJ Felton,467,8.859,51.63,a593fa2b-cb79-4f8a-8139-bba7a2133f2c
KJ Jones II,567,11.600,50.80,b34e01c3-fde9-402e-a381-1abc45ea21fb
James Banks III,606,8.799,50.50,f4a998d1-4507-43b9-91e3-832dde032d54
Tyrese Hunter,455,19.512,49.58,4f89702e-6e19-48ef-9be1-8da8a0837a2f
Martez Brown,612,12.285,50.62,15a40435-a0cb-41f5-8680-120339364fa1
Chaz Lanier,471,10.515,49.50,3ff2c55c-8857-4cde-85eb-a42b87da7dcd
Hunter Cattoor,507,11.799,53.55,3b01bc5d-08ef-4a1a-afff-52c5c9f81849
Michael O'Connell,506,20.516,51.22,e4133038-cf2f-4227-a6d5-566eb968a245
Stefan Todorovic,594,11.419,49.48,a0dbe31a-75c6-4777-a920-d506c5633bdf
Nojel Eastern,485,13.035,51.14,b2251f82-7770-4e0b-994d-c33ff4a1b39d
Jaxson Robinson,581,8.244,51.54,e7e970a3-7025-4ccc-b0f7-271f94238ee5
Alex Fudge,614,9.914,52.81,1f5a0d41-0c51-4353-9d7a-503196852e33
Moses Brown,604,6.942,49.54,81ca845d-dae4-46b5-89e6-86d619acb3c8
Abou Ousmane,518,8.205,50.62,585d08a6-4aa1-45ad-81f0-76cb2c579ab1
Liam Robbins,402,11.213,52.95,831eb28e-7713-4fbe-bf6b-dd0e1e20b1f5
Reynan dos Santos,602,14.977,50.90,e3cdc093-14ad-4686-ade9-7fc70c5a5a88
Kasparas Jakucionis,413,27.423,50.61,f4881a74-343b-4005-b701-3f53c512aba6
AJ Johnson,509,17.318,49.93,2b0ac9c2-0fa5-4ee6-9881-03b737e11dc3
Josiah Allick,449,9.490,50.05,46de8a99-497a-49cd-a9ec-347e787439e3
Phillip Wheeler,602,6.286,50.54,3d20e735-543b-415b-835b-fa80295fa157
Damari Monsanto,535,9.348,51.52,63a42b38-d8f6-4214-aa03-cb4263b02a9a
Adama Bal,559,12.596,50.96,3559f9a3-9132-409e-a701-a4c5757cb325
Paul Watson,609,8.763,49.66,1aae577a-f08a-437b-81ed-160d66e586b9
Craig Randall II,417,20.868,52.78,57c94d1b-101e-4b0a-afc5-d9716233e92d
Patrick McCaw,420,14.043,53.18,ff42a38f-89ef-11e6-bb23-a45e60e298d3
Osayi Osifo,399,11.517,49.00,c1f25993-dd81-43fd-a710-d7b67b6bd974
Johnell Davis,455,14.369,51.82,7ddd09bd-a98c-468f-ac39-239c33fe8d79
Tidjane Salaun,426,12.685,50.05,abc5b21b-f2eb-40cb-a9e6-6eb5abeafe60
Jabri Abdur-Rahim,523,10.318,50.12,5ba18e46-b710-44bf-8369-1185adf0ce77
Ben Coupet Jr.,461,10.811,49.22,8c1d8070-eb6a-44ee-bc37-0a07ad5267fb
Jonathan Pierre,494,11.736,51.96,94306db4-8243-44b3-9f3e-eb1dd9e258b7
Asa Newell,398,12.675,52.82,eb38ea24-c68c-4f72-9a55-2e397b4f0124
Colby Jones,406,21.273,51.90,80ea0675-30db-4ebf-b37f-eb50552e8d0e
Tamar Bates,428,13.536,52.48,4e132a3e-20b7-4058-9b69-c71ed0bfd654
Hank Morgan,445,11.512,49.50,29d938d7-ce0a-4aba-9b2e-b17b2e8d8ee5
Grant Nelson,445,14.710,52.34,c4012fed-7c3d-4171-a8c7-3432c061c9d7
Kam Jones,350,25.280,52.27,93ff04cb-5390-4709-a521-c7ce58713f31
Steven Richardson,355,14.771,48.96,1baa93ad-ae20-4faf-b428-11c4aac33778
Justyn Hamilton,485,11.302,50.84,7be325aa-4951-4bc9-948d-d4177d4cbb1c
Terrence Hargrove Jr.,529,6.172,49.54,06c40ea5-9150-470e-8f6a-7cde4a102ef6
Quincy Guerrier,541,10.177,51.07,e7a09800-4dd6-4745-8dc3-2bb848800f9e
Jazian Gortman,312,29.722,51.37,dd6ea48a-5adc-4411-bead-f2cf2861a9ce
Giddy Potts,408,17.845,52.19,7ac29d25-418d-4bf3-b302-cda0f4aa7cae
Max Klesmit,392,12.139,53.51,ce1fc58a-6a2f-40f5-a83b-c0acdcdf2e01
Makhi Mitchell,398,14.000,49.70,fec781d1-53e1-4e5e-baf1-7937603be356
Tyler Polley,393,6.529,51.41,e48e99e8-0b78-493c-9d6f-15b65e7869c6
Khaman Maluach,414,15.569,50.91,d4dcccfe-9470-4fef-bac2-e9f6aa1cfd32
Jamaree Bouyea,328,26.329,51.82,e35aa016-05af-4a0b-92b3-b0d987d11892
Dakota Mathias,400,13.938,53.37,9f1f34c6-66d2-4093-9328-d2fffffb97d5
Lacey James,381,16.119,50.26,04c6579b-6a42-4b88-944b-6cc896241e84
Jordan Minor,391,8.313,53.05,ec389395-e86e-494f-ae34-b2b08a74437b
Kalib Boone,428,10.070,49.31,57657681-6e1c-4701-8298-93f30846effc
Kevon Harris,262,18.561,55.04,8190d885-1fd0-4dad-99d7-2431cc018492
Trey Townsend,256,10.311,49.96,32735ab8-9eea-40c1-93be-395428840de8
Zack Austin,423,8.543,52.10,cdb9a6bd-2259-43bc-9209-03da5b72234b
Tyler Kolek,268,31.126,54.29,40faa5df-7ced-449d-bd12-300a2938370a
Cameron Martin,296,22.542,49.59,99e062a8-b28c-47b0-9682-92a5d2461cd1
Rahsool Diggins,320,21.678,51.66,6404e275-f55f-42e5-8d36-cddd1661c335
Matthew Moncrieffe,401,12.602,48.63,3d0d89b4-df1e-43a9-9870-4329d5e8161c
Seth Maxwell,317,15.646,51.70,12d95e3f-d714-4300-978c-245c9d0f302c
D'Andre Davis,328,8.889,52.46,93c1ccb9-a43d-42a7-a037-b8d2057acc02
Myron Gardner,267,17.659,52.74,8de6d5bf-730c-4c48-8f00-7f9da72e979e
GG Jackson,342,15.559,53.50,de22ebf7-4f76-48b4-805b-b5f87858922f
Micah Parrish,282,13.344,53.64,a233b4d2-746c-48be-9d0d-ce655385c605
Markelle Fultz,208,30.714,53.52,1114f266-df53-4313-b425-0021dd87864b
Emoni Bates,326,15.114,49.81,9f1d3f5e-1bf4-4a41-81f4-516081353643
Ace Baldwin,254,19.725,53.00,6ab19369-4aa1-4aa6-8274-b595ac8902be
CJ Fulton,270,22.338,51.72,e2d1008a-5cc8-4a4d-9f54-0bacfbd083be
Jamal Bieniemy,284,13.912,51.35,5659992f-2487-47ce-83f7-baedce2a090e
Kaden Anderson,346,14.973,49.72,d3403310-4ad2-4ea2-9072-623f9adefc8d
Riley Grigsby,316,12.000,51.16,5b7fafbf-2163-4b93-a29d-fc83e9946914
Trentyn Flowers,345,9.419,48.92,c917a1b8-8537-4dbe-91bb-c8e376d71ee4
Antoine Davis,357,17.125,49.06,cc05d44b-5260-48a3-b9b6-61ce282a67c0
Jahlil White,290,16.162,52.04,e21b31ea-a8e5-41ad-89b1-72a56bdf59e1
Brian Taylor,317,8.735,50.71,ef62751a-0816-46fa-9160-054ef9ec64e4
Moussa Cisse,287,9.884,54.04,b4769ff6-6ae9-446a-a262-0b849da72338
Keshad Johnson,364,13.014,51.63,c5cb7e86-5c88-4bd2-bf14-22a65e7bd094
Danny Wolf,332,14.398,49.74,0b1b2334-050a-4f4e-bae7-3865147c950f
Justin Jackson,244,10.069,49.86,0867f70d-4848-4664-82fb-db397233e78f
Wooga Poplar,253,15.177,49.80,b3aaee9c-4272-479b-9fdc-7b99458903ea
Jamal Mashburn, Jr.,288,15.319,48.50,e2dcfe4a-9e16-4ab8-8eee-e15ca0db6eb5
Pedro Bradshaw,316,12.348,47.45,881e8c41-f4cb-44fa-9caa-782d1e294daf
Daniel Batcho,261,10.677,47.81,72e13ad0-9840-41e7-b88f-ab295ef762fb
Brandon Slater,264,10.883,49.91,eb81af0f-e8c9-4a55-a018-bb56cbc130ff
Ebenezer Dowuona,256,12.000,49.07,d435507a-b78e-4251-8feb-ad8c5d01dcb1
Sy Chatman,278,12.409,51.70,ea9cdbe0-fa96-437f-99d0-f1c67185f3e7
Jay Scrubb,238,15.227,49.62,8488ec31-e9a6-4535-a007-3b6fb6c5f1bd
Malaki Branham,184,21.569,52.09,13030bd6-e3d6-4e2a-9685-88300bc4ec5f
Jaykwon Walton,247,13.924,50.60,59731b4a-481f-4699-a3fe-f39676cc079b
Jonas Aidoo,228,9.246,51.40,18e9a256-6619-4a10-a5dd-2c89bb7cfb0a
Tre King,253,6.799,48.20,2928912b-dd61-4f60-aa20-a01d295e03d6
O'Mar Stanley,266,10.240,49.18,c35585ea-5c0e-4c72-bd00-07eceb71ee47
Omar El-Sheikh,272,15.166,49.04,bdfadf82-2b4c-44e8-ae46-a6e3c9957744
Ricky Council IV,215,14.097,48.91,9027d4b5-4d3d-4ee2-98cd-3d105aa7044b
Keyshawn Bryant,213,6.646,51.18,8bfb0e3f-2c04-4dd5-ab0d-c7bf453b1ed5
Tommy Bruner,215,27.632,47.90,9819211d-c92e-4802-8be4-018f1efe7932
Joan Beringer,257,9.445,50.90,325d465a-ead8-4773-875c-a3fd83d18f23
Jack Gohlke,156,18.692,49.40,20e6b7dc-2172-4ce5-a2c7-f61c3c89d703
Dawson Garcia,273,11.450,49.46,4aa2ea37-df6a-43f3-9838-5bb4d2e13186
Jamir Watkins,241,10.870,54.02,84ba6ce6-9c37-4225-8f84-14a5cbacea65
Charles Bediako,201,11.583,47.19,40e03646-000c-4ccf-a366-50f9477583e5
Jamal Cain,254,10.399,56.51,f42a8b63-1ab4-447f-b74f-be293fc58e99
Lahat Thioune,193,11.583,46.92,81875c9a-a727-4662-bd59-5ce020b80d6a
Ibou Badji,228,6.614,52.86,9e3a3a92-a664-48f7-97d2-0f8f27735dbd
Trae Hannibal,194,20.714,51.27,636fef85-a117-4abd-96b9-a45df0f16b53
Eli John Ndiaye,274,12.058,49.36,541d7cbf-04ae-40eb-9401-fc9f1fffdcf2
Adou Thiero,193,12.636,53.23,9b945fc0-d3bb-405d-bf43-95c6e7d7e87b
Javon Freeman-Liberty,259,17.925,52.93,a28cdf29-f659-4646-b964-87ec3c295ae4
Obadiah Noel,156,21.756,52.79,ae301693-1228-4496-9f09-3dede6e84191
T.J. Warren,193,13.270,50.94,ff401666-89ef-11e6-b554-a45e60e298d3
Cody Williams,175,21.212,47.40,8b49e58d-df58-4e21-b984-2bda3ce246e6
Tyrese Martin,162,22.177,49.43,1d3ff68e-d714-4f70-b952-02cf2252e990
Issac McBride,174,26.570,48.70,e98d2d7d-61a8-42e6-9c79-f1c3d6667ec9
Isaiah Hawthorne,219,8.567,49.11,e186218b-ea58-4542-af85-ac121949c255
Rasheer Fleming,172,8.814,50.18,4639f41a-c88b-4cf0-91c2-c36d9d4c1e5c
Devin Carter,180,16.071,54.30,8a8e683b-3939-4208-b55c-bc9cefe13a54
Ethan Taylor,218,11.739,50.86,b4569bbc-b31d-4504-a59a-fe40691d1d00
Jackson Rowe,233,16.024,52.01,87777cd1-2099-4edd-8256-f29343fa0fd4
Will Riley,169,20.784,53.89,3fb6c927-c443-46a9-aecb-1105dfb05233
Justin Edwards,219,13.317,52.10,c2b8cc6a-c87c-4dc5-bfea-c4630c2b6f3e
Terry Taylor,187,13.564,52.72,0852ab90-243b-4951-bfb0-c536f151cba5
Yanic Konan Niederhauser,211,9.940,53.94,c4c0b9a3-5f7e-4611-977b-e0d73c08a29c
Nathan Mariano,186,13.624,47.19,6e090c81-2a42-43d1-9e4e-bd5a04f09b10
Marcus Bagley,195,11.442,50.57,a39bf7f9-11fd-434e-9673-4a184061ad7d
Jordan Bell,152,28.655,53.61,07a35d50-2dd1-4476-a9ac-b6e7154ce069
Dalen Terry,119,23.618,47.44,8fc64d15-1d47-47e1-bb04-d03f75dccc5a
Javon Small,100,31.429,58.58,6b98a36d-b1bc-4b68-bd5b-0671580d44c4
Rayan Rupert,128,20.561,51.03,f99ade9a-ec49-4d41-b7f8-7e1b16c9ed79
Zach Hicks,122,11.224,51.63,8e62f792-31da-4509-a4a8-d0bd4144b94a
Jacob Toppin,196,17.671,52.61,9e0abf37-2963-4f62-b8f7-104fefa58273
Chase Jeter,171,8.367,55.39,ea3ac175-ec80-45da-aa31-7c38b04c7657
Taylor Hendricks,142,9.856,50.20,91ee33ca-2f8a-421c-8a4d-b0f98d5bc54c
Derrin Boyd,108,12.462,57.25,6dfc6fb5-d921-403b-b590-c1c4c3e900a9
Lance Terry,128,9.726,50.07,2c5a45b8-029d-4556-9186-221becde7ae7
Cam Reddish,118,13.929,49.74,5cef3c95-c7c7-4206-b70c-41f647f9498b
Jared McCain,100,23.171,52.88,eb79ea6c-b337-448d-ac33-7e92219822ef
Caleb Stone-Carrawell,145,8.899,53.27,c0ac23b6-44cc-4fe7-8a81-560c7fc1003d
Garrett Denbow,126,9.343,50.18,13631116-cd60-4bc0-9a41-6fed5d44b41c
Esteban Ezequiel Roacho Amador,136,14.741,48.37,2d23e4fc-8b5f-4131-af0f-83b0ae3a2c69
Vinicius Da Silva,99,12.766,48.36,63049d09-0880-48ee-af08-c8f25b874237
Drake Powell,172,12.027,56.31,ed72fbc9-1066-46d8-872e-9a437c4e536e
Jean-Jacques Boissy,126,17.708,51.80,3cd15c37-c35d-4061-82f8-728bfefd34c9
Cam Young,209,8.134,47.95,f61521e8-e7f3-4526-a0fa-efedc3c820ca
Walter Clayton Jr.,84,25.373,48.88,ae81ff91-c142-4a68-b826-4ae75af6a94f
Nathan Missia-Dio,116,10.692,50.43,ef69e667-2cb2-4590-bb9e-561480e2abeb
Tylor Perry,106,21.053,52.96,0b9ca9bc-f567-4768-9cc5-5e42d6fc8dce
Branden Carlson,120,20.382,50.46,c401774b-397d-4c15-93a0-592eb4752dac
Noa Essengue,138,11.228,54.21,fe09888e-ef47-4152-a457-e6f4e04aee54
Geronimo Rubio De La Rosa,97,13.853,49.10,5bc79052-06fe-4165-bc0d-7121fc331302
Ariel Hukporti,141,9.451,58.45,91a10e2e-9784-440d-b0a4-83a8db044c1d
James Reese,83,29.293,54.40,26f760b4-f286-403c-ae5b-8c4a2f2810ff
Blaise Threatt,79,23.529,46.06,7bf581f6-845d-4d34-9460-f09f129eb841
Noah Penda,120,14.815,52.29,8257785f-b06f-4feb-a7c3-c58c4fbf99d7
Mohamed Diawara,108,17.089,49.12,cb172f69-5e77-4552-a43b-b2993cb7f689
Ray Harrison,103,12.560,48.85,57be9a58-9fec-4727-b978-d75c7e33e914
Cameron Tyson,76,13.089,50.17,18ede5d3-f2de-4f9f-a9c3-ffe37ac43566
Cam Christie,78,17.692,53.28,8a68ba44-d87b-41c9-94f3-c94e88cb37a0
Vance Jackson,120,10.360,49.37,2a70adf2-b7a5-4028-b567-a3b18585a709
Kobe Brown,76,17.188,54.57,751e59b1-45ae-45f0-bc03-01f6c87520a5
Christian Koloko,98,9.244,50.89,efbab460-ac97-49e1-aa9f-6e7da27ab2df
Jase Richardson,87,16.667,54.78,1cc4e557-6ed1-4db5-8816-1c00724e5554
Olivier-Maxence Prosper,86,13.253,54.77,28df8a9e-306a-47ee-bb0e-55b9ea87d542
Devon Higgs,75,8.148,54.38,72b7a0bc-f1b6-4996-89e8-8c6535bd71c0
Quenton Jackson,77,22.917,51.81,2916816a-1e08-43ef-953d-a81bfe3503ee
Eric Ayala,94,9.565,50.04,0ed3aa02-c44c-4b25-a16c-d448d88b92ea
Jermaine Couisnard,105,8.661,52.90,395250e2-3fc7-41ec-b3e5-be2b920a6458
Terrence Shannon Jr.,43,22.826,49.53,94d35dd4-a4fe-47ae-a856-cd0d5b1193a9
Joey Calcaterra,64,24.138,48.43,f07958e4-943d-41bd-add3-e75692af9566
Marquis Barnett,72,12.903,51.01,7edec21a-68b6-453a-b51f-2e3827a52d7d
Feron Hunt,85,15.873,51.31,5210db69-14a3-4c9b-ad2a-62c349f4ac65
William Hickey,62,26.667,48.34,5673cf85-4703-43f8-b541-dd3923d4c42b
Trayce Jackson-Davis,52,13.869,51.64,1991b894-8a5e-4744-a72d-9bd7cb7663c3
Dalton Knecht,74,8.962,48.59,b8da7ce7-11b7-4a94-acd4-f309bf4b6333
Michael Caicedo,79,12.676,45.68,315d7d14-0a97-43d5-bbf8-4b59a0938e21
Elijah Cain,58,9.239,53.72,2ce0583b-9426-44be-820b-de29934964ee
Alex Toohey,59,20.482,47.83,ac601971-3fa2-4aff-940d-0f5fa3745d0c
Vernon Carey Jr.,58,8.808,45.19,9dc84f16-116c-451e-a191-b54f210fecbe
Mason Madsen,70,11.039,46.53,d745163f-0ba1-4894-9467-cb7553e99081
Omer Yurtseven,77,8.466,55.87,6811ad75-3527-4bfc-b0bc-8fd46ec62535
Philip Alston,64,7.373,45.95,f05622f9-9133-4b26-8fce-07c056dbcf6c
Maxime Raynaud,49,20.833,54.11,31a1e47b-7784-4021-b7f2-31e4ef972892
Onno Steger,64,9.589,50.91,f033b782-7e16-4a10-b000-aff290ea4400
Cheikh Mbacke Diong,57,12.281,46.77,7efefdc5-c8ee-4221-ac12-a35549517aa2
Jamiya Neal,37,22.581,57.07,bd101cdc-8e04-424a-8c61-034c93ff6be7
Kalil Thomas,86,7.263,49.21,1e30df52-91e3-4394-8265-d813a892b8c7
Cameron Smith,50,11.504,51.54,bd762247-fb20-496c-af57-0abcde142d02
Jamison Battle,45,15.000,54.16,74f1f473-4fc6-4175-bf32-f1f99de73ef8
Elijah Pemberton,44,13.483,52.93,0fd95fbb-b175-40e4-a6c7-4864b5678d6f
Chandler Baker,48,7.500,49.76,db071247-1883-4852-b647-0b794ee7cdee
Jaden Seymour,30,15.385,53.65,667eabca-780b-45aa-8d74-a3418e732e81
Kario Oquendo,37,8.276,49.29,1ea004d3-81c8-428e-920e-2fde02ccf379
Marcus Sasser,29,26.087,52.03,5fc1833e-3993-49a8-8970-87ad09b61dff
Julian Phillips,48,8.000,50.73,76ada8a1-6ec8-4915-b57e-fa234b1f2788
Trevon Duval,32,25.000,47.53,94ca1f88-1f26-4d28-aeba-c686a5dde5e2
N'Faly Dante,44,16.418,46.61,d6eaf02a-27a0-4e40-8641-632e8d39f965
Josh Minott,50,6.944,55.61,3dafdc09-40d9-4934-b9c9-8be3bd3eb90a
Tyrese Proctor,32,18.182,59.97,27207fcd-251c-4d7b-8d11-48823d8dab1b
Jordan Forbes,32,23.077,53.40,d03f53e6-1f95-47b7-a843-dab2a10456f0
T.J. Weeks,34,7.563,44.59,7d91ff01-e290-4fe8-955f-093a15c1d3b5
Jace Carter,28,12.329,55.28,d6029d99-f377-4558-8061-e383e37d162d
Dwayne Cohill,41,25.714,47.90,28c78fcb-5cfa-4d69-bf2f-416eef831e04
Noah Starkey,22,19.048,41.80,f5063d15-52b4-45d8-9151-24339b9db9b3
Nique Clifford,39,10.448,61.48,329049aa-89c8-439b-a0c3-dc93d3609931
Josh Cohen,44,6.604,49.58,e74d5547-334a-49c7-b5e5-a33913f3596c
Carter Bryant,16,12.069,49.23,18dc7187-8fc5-47bf-9779-e7a7694c498c
Ray Spalding,43,6.731,55.76,ef25a4fc-8a16-4dd9-a1fa-e236cd842a32
Ray Williams, Jr.,35,4.615,45.75,5b0bdabe-6c41-4fef-bcc7-518987c7451a
Parker Van Dyke,10,17.647,43.05,b25395ca-26fc-4977-bf67-3b99e73e1048
Robert Woodard II,30,9.524,55.76,9bedc1b4-449c-42cb-b9a2-9b0cd3596329
Tony Carr,24,17.647,49.51,4eb5e112-86bc-45b5-a081-deb3f3aa0b67
Alejandro Vasquez,20,7.813,44.54,146e6f60-9f61-4669-902f-1f985d239c46
Isaiah Moore,9,31.250,58.40,ffd1ae3a-bd10-436e-a214-71a0761663e4
JP Pegues,25,13.514,50.84,dbabc9d0-e8c8-4399-92a9-047c7ffb580f
Jae'Sean Tate,21,11.905,52.98,80383c81-b671-4a11-b003-ae08fba34eb8
Adem Bona,28,7.463,59.92,df125bae-eba5-488c-b948-9767e7090d40
Caleb Mills,10,26.667,49.44,05febea3-f49a-42f6-8214-9cdb36006544
Ileri Ayo-Faleye,10,9.302,39.98,8419ad0c-1d1b-41ad-a04b-4d8bd3aff0a0
Isaiah Todd,15,6.780,78.99,1dbb419d-3008-45c5-aade-fb964248499e
Matt Becht,7,20.000,29.48,37e8858f-5f40-4a44-8f60-2f6e2316aae8
Fousseyni Drame,20,8.511,42.17,0870aa3a-22ad-4cf6-8f45-cbe6ca3f7e75
Jaden Bediako,22,8.333,54.76,d22cb3b8-91ce-4a2a-bae7-a358a426a9af
Leonard Miller,32,6.154,52.18,0eaefaeb-b40c-4fc7-9086-902dc1ab2254
Jaire Grayer,15,6.977,45.88,c641880b-c90c-465e-8564-f6a741fae84b
Davonte Gaines,19,5.556,46.11,6e74a308-26d0-4ebb-b5f2-5a0dbe334f86
Bryce Wills,11,23.077,50.97,1743e5fa-bc43-42e4-92c1-fa57e57d6312
Nana Appiah,2,10.000,63.91,7ad88c05-18d7-492e-9c41-30b2f77e3266
Kenan Blackshear,3,16.667,34.05,31c6650d-c76d-497a-a605-e6ab1a822212
Keylan Boone,5,7.143,60.54,57039dfd-7492-49c5-b3c3-30c8422fda2d
Josue Erazo,13,2.564,47.85,68813475-aec9-4124-948e-507895e853c7
P.J. Hayes,4,0.000,66.30,659ecb80-2665-4645-b890-ef69b738b5e3