Player,Points Scored Per Game,Usage Per 100 Chances,SSI Player ID
Tristen Newton,23.375,25.895,ea2c60f4-30d3-4154-b99e-b907b24658bf
Mac McClung,27.000,29.371,d9671fc0-754d-4cd1-b61d-2f6526c31497
Lester Quinones,21.213,26.646,e4c6a53d-37a8-4278-9230-5a9d9ccc6d02
Daishen Nix,18.729,26.252,06212573-e2e8-4bfa-98cd-4484063dead1
Jules Bernard,19.933,28.099,7c2fd9b6-9749-4ca1-8d58-b773ff9223dd
Dalano Banton,21.683,32.298,ccd8ec3b-3e5b-4f39-9b41-91882f179a73
James Bouknight,18.255,25.699,a4bca3d5-c8c6-408f-a4bf-22453062b4b9
Sean East II,17.160,25.836,673bd14c-085f-4173-9211-d62ae307b0e3
R.J. Davis,16.833,24.512,af3e4f66-d651-4875-9291-4ee32c6a65dd
Skal Labissiere,18.295,22.100,0943dbc8-178e-4cab-97d6-3f31747698ab
Curtis Jones,19.195,23.873,69489a71-b1eb-4fde-b687-6385e03c1e49
Sean Pedulla,18.619,29.087,6068f2de-9744-432d-b3f4-f73da0894927
Zhaire Smith,16.935,20.374,bf29165e-4d8e-4760-a070-5502dd6c2176
Jaden Shackelford,18.405,23.583,dfffb2fc-160c-41a4-9a75-af0a21d2ba76
RayJ Dennis,21.306,27.947,5c2a5944-cadb-4619-8b0d-04338c63a470
Jalen Crutcher,15.771,18.994,938ea26e-95ff-4f3b-a385-a965af8195b4
Tyler Burton,17.810,23.311,382afece-e02d-4ce2-92ac-92b1d2333d2c
Hunter Dickinson,16.955,22.878,00c80505-49a6-4ed4-ae3d-decf5a59b3a2
Trey Alexander,20.722,26.159,eae5a4b1-2701-4843-b7ed-ac8677e6446b
Kevin Knox II,19.395,23.641,868bf1ee-0aa9-4762-a685-b32801d25e6a
Dink Pate,15.313,23.502,dc8f2d40-88ec-44ef-b6ef-09404a5d49cd
DeAndre Williams,15.826,23.978,d240c74d-0376-4b1e-998d-190b778ced1b
Max Abmas,15.191,22.109,23961594-cb8d-4560-b709-2ace5a6b16a4
Jaylen Sims,14.875,22.406,4e475993-d453-43ef-a5dc-52e715e3e5db
Keion Brooks Jr.,14.771,22.959,088649fd-bea2-4353-a931-850c918b0337
Blake Hinson,22.094,24.991,64b12646-2555-4dd0-98eb-cb169b3ee58a
Josh Christopher,21.303,26.419,207daaca-464a-4e71-8c77-cae31615c0e3
John Tonje,16.326,22.201,5bfe6dcb-3da9-45f9-95c0-ed690168c7ba
Tristan Enaruna,18.973,22.688,998f2322-7dab-4353-99d7-b23e57eeb3ed
Dane Goodwin,14.265,17.557,83cf7787-d441-4c3a-b5de-a2b2a623350b
Kyle Mangas,16.209,20.720,509e10a3-69e7-41cc-a0b5-44de8eb4659f
DaQuan Jeffries,19.743,25.010,b969f906-aab2-4845-b038-70ec8482bed4
Malcolm Hill,16.732,18.516,99f046d4-e2fe-495e-92e9-472b6f6a9c22
Isaac Jones,18.053,22.793,a35d4b94-e6ff-4f4a-8f40-d64d70dd4c3a
Dexter Dennis,15.884,21.366,b9d78738-9b74-4fdb-9c3f-bce9cb72377a
Charlie Brown Jr.,15.523,21.926,dfa6209b-514d-438b-9c4c-bd6f1ff85613
Moses Brown,17.462,29.419,81ca845d-dae4-46b5-89e6-86d619acb3c8
Boo Buie III,15.814,22.050,2327ad6b-a87c-4b5c-8dbb-c64690426e98
A.J. Lawson,19.429,25.201,ed39e2d6-ce65-43e5-9ea9-d579d0526a1f
Damion Baugh,19.882,28.666,bcde43ef-a7dd-4d4d-9d7e-a0585052e0b9
Malik Williams,14.867,23.737,91d9d39e-7ed1-4320-80fc-4d487e79b1fa
Jahmir Young,22.828,27.890,dc80c41d-ab1d-4aa4-be9f-8830d7e0dd62
Trevor Keels,17.368,23.350,58189b84-2563-4034-984b-e61021022c4c
Jalen Bridges,13.469,17.403,1c7e1fdd-3a9d-4509-b079-a329c993e9d4
Jaden Akins,14.644,24.322,e6acbf72-2032-4b3f-9672-62f8052c1873
Teddy Allen,17.784,25.833,03318058-7f1e-4d54-a8b4-cbaf7e836a78
Javonte Smart,14.955,23.473,a340ee6f-51b2-400d-8c06-295617b4c779
Kennedy Chandler,15.500,21.482,90cef14e-ebcc-4a00-94e1-b06d8ca04701
Taevion Kinsey,14.705,18.591,b17e9b18-8167-47ec-b96c-1a1c88208376
Stanley Umude,16.050,22.174,73712bb9-3143-4176-8eb3-cef6d45e9f92
Alijah Martin,16.895,23.688,c1035422-a088-42e6-8ad3-db400bb52aa1
Jayden Nunn,14.133,21.171,174b4cc1-dd31-428b-97ad-093422ffe324
Alex Morales,14.767,18.605,21a9c7c7-f211-4710-9932-3ecfa2fd4256
Patrick Baldwin Jr.,19.719,25.970,45b328c0-b3b8-4a36-a0c1-28e39227ca85
Alondes Williams,20.323,26.122,e555cb48-990b-4ef7-8464-59adc6adf34d
Wade Taylor IV,12.796,21.724,d809ed56-e0c4-48ab-9cb2-e6e94a8c0842
Kendall Brown,14.558,19.451,84863ea4-7e22-4827-9c1e-091a16291b37
Tyreke Key,13.565,20.843,a9ab59d3-2f04-49b0-b4fd-a265d98af568
Norchad Omier,16.784,23.117,15c34e0c-e636-4bd1-a7db-6435d201f8c6
Marques Bolden,15.073,22.398,95b6d616-e911-4060-869d-7f633e7ec049
Keyontae Johnson,18.147,26.630,d5348336-15a5-416f-8312-bd7030a6277b
Nate Williams,17.514,21.587,3ab12c09-2aae-4bc0-a45e-0132e6751116
Killian Hayes,21.069,29.470,9a826fec-5df7-4a14-8637-3364dc9433c2
Stephen Thompson,14.548,20.946,41e105ed-f146-4aef-a65b-262abde1841e
Jahmyl Telfort,13.556,18.325,f7cdd34f-d626-4902-b05a-e39f9ae32dd4
Mouhamadou Gueye,13.422,20.135,cc3ddd0b-2be3-4043-a3e9-7ae15f6e1ab0
Miles Kelly,18.844,25.851,8e41f240-6f89-4f54-bcc5-534112efd3c2
Eric Dixon,13.977,23.295,11ec3e54-7b96-4e1f-856e-8933eb8de9c3
Josh Oduro,13.953,21.332,8356850f-e674-4868-8a3b-7cf5b6193dce
Zach Freemantle,12.766,20.819,aaa72835-bf87-4903-8432-953c82e91876
Alize Johnson,18.030,19.936,c97ec77d-b190-477c-8f04-2d8be4554830
Mark Sears,16.472,24.085,6af77143-6aac-4199-ac80-bfa704e2ca51
Keshon Gilbert,14.095,24.141,10762d58-0a4c-416e-8e01-0af744c29286
Emanuel Miller,15.500,18.259,9333d369-df08-4c59-9073-3164d584f481
Dillon Jones,14.366,19.219,7c13f8c0-55bf-46b9-a41e-cbaeea35c13b
CJ Huntley,13.976,19.155,a93dac29-3dee-4328-8787-673c2c4d207c
Harrison Ingram,15.421,20.038,289b86f4-5aea-4603-a5e7-54793e5eb584
Wendell Moore Jr.,17.606,23.998,96f746dd-7dfb-4ea4-a98c-39ed5d2a0fd5
Enrique Freeman,15.237,18.108,f838df3f-72c5-4cf1-a555-7182e3dccd13
Rocco Zikarsky,13.738,22.949,7a36a328-5e4b-42b6-a21b-39e9f97e0188
Riley Minix,17.394,20.554,d4332b50-b7fb-4429-9525-e10587f584d9
Donovan Williams,18.516,25.722,12136b74-23d8-49b4-b4de-98a320969c76
Cormac Ryan,19.483,25.615,f3f41cea-955b-4ff5-b6fc-69991789d721
Dain Dainja,11.688,23.117,3d560bd7-c964-492e-97b7-12c4feda4079
Daeqwon Plowden,19.310,22.561,daca4b6a-526f-49e8-a02e-ba59acb77846
Jalen Slawson,15.886,23.054,ee32b868-f2aa-47fd-bc12-e2df467173a0
Antonio Reeves,16.788,20.070,19004e0e-7982-4513-bdba-24e11e49d49d
LJ Figueroa,12.267,19.890,629382e8-fcc6-4974-b0a3-99fd67940f2d
Max Shulga,14.026,21.242,be819393-353e-4c46-b682-d2ee0d11e736
Koby Brea,16.059,20.723,e2c4bc9d-2cb8-49d6-962a-07bed124b6c8
Javante McCoy,13.846,23.061,fac10e71-d936-4a9b-b017-2e3b743f9833
Phillip Wheeler,12.488,21.630,3d20e735-543b-415b-835b-fa80295fa157
Darius Brown,11.565,16.515,b7ae8764-a482-4551-82ac-7a91c8292e4b
MarJon Beauchamp,22.083,24.013,a17b838f-efcd-4d85-adab-39e05d579e13
Efe Abogidi,12.045,18.719,2a962d8e-05d1-4d9c-ae45-e128f2ae9c81
Jon Elmore,11.191,19.012,65bebd10-aa65-48ec-845f-2efcb122287a
Kobe Bufkin,21.667,26.809,9e453254-b85d-43ba-a615-8bf683d94834
Mark Armstrong,11.283,26.373,3bc6f704-0fda-4f85-a681-a41d1178948b
Jayson Kent,11.511,15.499,dc854637-bbf4-4710-94b5-8c953db3ce27
Brice Williams,13.231,20.190,bc4eee96-6dec-4e4c-ac60-d467785926cb
John Poulakidas,12.214,16.280,12bf97f3-6476-4443-af11-5228771faf66
Anton Watson,10.449,15.730,8cb4b74b-84e9-40e3-9a3a-a7dd7be9767b
Caleb Houstan,15.000,19.763,0ac0ed6b-ebe7-4dcb-b924-c14e31262efc
Cameron Matthews,10.830,16.150,2b3321e5-dc2b-4c37-9ee5-36336690c3ec
PJ Hall,16.387,21.714,4af59bef-250a-46aa-a5d3-e448a55f61ad
Ruben Nembhard Jr.,13.316,24.426,27574eb5-d76b-4147-882e-38f3edc014b3
Johni Broome,19.385,27.853,12c34cc3-1005-4454-bcfa-a5332744fd4c
Alex Reese,12.293,18.641,1f6ef8b2-5d7a-4ca6-a9f2-cc8c06c032b8
Olivier Sarr,11.156,19.641,584a880d-84b9-40fd-876e-852044392606
Gabe McGlothan,14.343,19.489,32f54c28-47c6-4d3c-8364-c3956aef7190
Chris Livingston,16.700,23.045,f79d533e-f423-4752-a088-6d507d795bdb
Terrell Brown Jr.,10.417,20.137,0784aa6d-2f58-4e8f-8fd0-d3cb2fd08ff8
Arthur Kaluma,12.769,20.291,c7a03fd4-8ba5-4f9e-b62d-db9492da6f1c
Jaylin Williams,11.512,18.034,db384374-d594-45b6-a3de-9aa8a66dc226
Jarkel Joiner,10.292,20.174,994212e5-17be-4696-bd46-0efcd68787bc
Trevon Scott,11.762,18.412,fc067294-4b2b-42aa-bea6-88cda36ce6d2
RJ Melendez,11.227,22.294,090cc6af-edb2-4cf8-a374-9b90193c330d
Matthew Cleveland,14.970,20.045,45913c55-0376-4b4f-9935-00471ffb3033
Jaelen House,15.406,30.769,e14de0fe-50fa-4322-a5a2-55cb2137e6f2
Bryson Warren,18.222,24.211,de89d563-ec4f-4356-8cba-afd95b5a975a
Drew Peterson,14.848,19.175,b385f90c-bbc7-4346-8507-4d626e2c0c61
Giorgi Bezhanishvili,10.208,15.889,4d0b25c0-eb2c-423a-875e-ba9f74999bdf
Justin Harmon,10.844,19.551,4c8abee4-0270-4d98-b4ab-cff9969857fc
Sean McDermott,11.524,16.494,b5d46463-618d-4328-a3ac-31239ed7af7e
D.J. Carton,13.000,21.661,b902fc9f-4b1a-417f-8af7-bfa5c66c95a3
Andrew Carr,10.435,15.961,d2f39898-17d1-4d74-bfca-1719672b051a
John Ukomadu,10.000,16.747,b4f22d30-f720-4880-9fc3-a7a1f5679086
Jack Clark,10.213,17.210,baad4031-1f9b-4e88-9ac6-9c40ed79d7f3
Javonte Cooke,19.958,25.962,0c8af3e4-85bf-4c62-921b-d5cc21594198
Chance McMillian,15.900,22.680,d40fdb50-4ea9-488f-85e3-aa57164f9d0a
Chris Manon,10.556,17.452,5dde0a80-753d-41a6-9ffa-6193317a3a17
Nate Hinton,14.469,22.016,2827a99a-9a36-4b8d-8ca8-e77e9771b69c
Zyon Pullin,22.000,22.622,21f03dac-c84d-48c5-80ce-a54781f63914
Chaney Johnson,12.778,18.666,4007e9ee-5f46-4b39-9d77-0001aa54f1f4
Hayden Gray,9.479,17.434,e901ec95-f7cf-40c9-af32-8dabb981b3cd
Tolu Smith,17.462,25.275,dea8af5c-b86c-4445-b191-20c7806e6a4e
Isaiah Stevens,13.636,19.789,27b14c86-8f8d-4cd8-a8ec-bb051cd871bc
TyTy Washington Jr.,17.800,22.002,0b1c2f8c-380e-4f07-85b0-3b5ff4650d00
Gabe Madsen,9.271,13.660,7e84815b-7663-437b-8751-28d60ef2c65b
Malachi Smith,12.686,19.425,cf11631f-67ad-4f08-9466-e66859baa68e
Taylor Funk,11.205,16.928,951413b1-0a17-4edf-841a-5ca7b9a2c275
Basheer Jihad,9.644,19.948,bd9b1fa0-957f-4365-8af3-a545d525965b
Cameron Hildreth,12.028,21.298,2c4cbc5a-83fe-4562-afdd-859499b77aa5
Jeremiah Robinson-Earl,15.926,17.300,1a9ac6bd-8b02-4fe8-8096-c435a2a90100
Malevy Leons,13.030,17.783,a6b91d1a-7a93-4bda-8562-d762d1f5ad47
Saint Thomas,9.533,15.939,9ac60fc8-a677-4c67-8b1a-92c61ac71eec
Chris Youngblood,18.565,25.292,35206de4-a3c1-415a-b596-126c0ab7b44a
Tyson Etienne,15.214,20.829,316deed2-3f6a-4c1c-9508-2dd0c937cd4c
Ron Harper Jr.,23.556,30.451,0fc9db0f-ca5e-49e9-a003-973fa4fd8839
Kira Lewis Jr.,10.872,19.462,ce287780-67de-44fa-86c2-d87dec5a1e28
Tosan Evbuomwan,15.143,21.663,3836af33-7171-4f6b-b4e3-7dc129d8efa6
Matthew Murrell,9.860,16.592,42aff9d8-9839-4949-ac9d-97663c8eae23
DeJon Jarreau,13.419,27.233,3cd02b89-3d2f-46ff-b392-29215f6825b4
Sheldon Edwards,10.641,19.548,8d385c74-6c2b-4704-ad41-8e5519b11012
David Roddy,11.857,19.142,ab0a4d97-fd7b-40d9-a72f-b2a862039584
Tyler Smith,13.226,20.117,b701694c-6da2-49de-b9a7-ae092466ce67
John Butler Jr.,8.826,13.055,16110c22-e5e0-4925-94a9-959285132aeb
Isaih Moore,10.410,17.060,ea2cbcac-0b28-454f-a3f7-a30bb1d6fbb1
Drew Timme,20.200,27.907,30998b89-18c0-4086-ae61-1830056bb1b7
Jaden Springer,12.968,21.695,8a1c8d1a-13c8-487e-b85e-6b10ecc1d39f
James Akinjo,14.357,24.465,889010b1-1e41-4488-97c5-030be0d70083
Reece Beekman,8.911,16.018,a419b920-f119-41d8-af53-47d3b49ea811
Hunter Sallis,11.794,19.546,6d6c60fb-827b-4b00-9033-8fb8a4fb0f32
Anthony Pritchard,10.838,18.524,58d7789a-e4bc-46cd-91d5-01526491d417
Kobe Johnson,13.793,18.439,9f123592-d747-4a41-b903-ad6bcb6ac751
DaRon Holmes II,18.136,21.882,33ee598f-dbec-467d-982c-9722af3b3261
Christian Shumate,10.205,18.054,40ebb929-1947-4008-9cdc-046aa3a4bd87
Sean McNeil,9.000,14.042,4f71e857-f644-4dfc-9ae8-65416c90df71
Hason Ward,9.000,19.663,99828648-af70-4757-ac4f-8f3e6c8364f5
Nate Santos,9.634,17.716,5d98e4d9-9d4c-416e-896e-662ef6de036b
Tevian Jones,10.649,20.083,1d44afa0-7106-441c-b8ed-cc5e216e866b
Isaiah Roby,11.879,20.626,19602b62-cfbe-4d35-81f5-bc244327960e
Amari Williams,13.964,21.389,7f8f2047-20da-4fde-b1c4-e046ef5d94f1
Tyson Degenhart,7.939,14.369,7ce310e3-5034-435f-85fd-9db70356ed75
Felipe Haase,9.415,19.973,a03683d7-864f-4a20-ba32-5a8d3263c1fa
Damari Monsanto,8.977,21.571,63a42b38-d8f6-4214-aa03-cb4263b02a9a
Kessler Edwards,12.867,15.658,0dbaa8bb-491d-40b7-ad09-f4605dda699c
E.J. Liddell,16.042,21.609,f76c835b-10f6-42aa-aafe-3c87b5be8866
Charles Bassey,19.150,24.859,089bae1f-5cd7-438c-8ebb-061918727a25
Bryce Thompson,17.364,27.481,cc61028a-3c21-4917-a6fe-607bb4085636
Marcus Garrett,10.583,19.336,723b0c0c-ac5b-4b0c-b84c-01da7be6c705
Johnny O'Neil,8.659,15.765,266b9ca1-6596-4d2a-947a-0f602c0af725
Andersson Garcia,9.842,16.939,9b93509f-b8d1-4066-ba4c-6338fed2a84f
Orlando Robinson,19.684,25.067,e58d10b8-dbfa-46bc-9b80-d078501bcce7
Mitchell Mascari,8.130,15.759,fdc935b9-0c73-4ca7-ba6b-f3b5aa1f2205
LJ Cryer,20.667,25.489,51c89cc1-c192-4e07-878a-436ad5c2c70a
Kyle Guy,18.600,21.719,9eed3d99-6049-4cd0-96bb-4fabb8ad8ddd
Jaxson Robinson,8.833,19.274,e7e970a3-7025-4ccc-b0f7-271f94238ee5
David Jones Garcia,23.063,33.934,8207e744-783c-4fac-8d78-52acb829f00c
William Baker,9.175,19.056,dc9d21e3-68f0-4270-a358-8e68da5bbafc
Johnny Davis,14.077,23.543,bd507dbb-cb87-4e45-ad2e-1990df07ac20
Ethan Thompson,22.875,25.964,e303b1cc-a268-4f85-8063-e447c757ede6
Pacome Dadiet,19.211,25.142,810fd8fe-5999-4962-9441-004f4a25fea2
DaJuan Gordon,11.406,18.932,b7cd24eb-bd7e-4dcc-99a2-7236606d1541
AJ Hoggard,8.829,22.961,91fbbfa3-eabc-4c5d-b0d0-b2fc674c84bb
Dwight Murray, Jr.,8.205,18.322,7880b823-77c5-4925-a287-1af2424a923b
D'Moi Hodge,8.182,15.992,4fca8d39-a522-46f0-b222-226b8180e35a
Justin Minaya,8.571,14.718,8a534421-7dd1-49c4-a304-7b5a2341f904
Nick Jourdain,8.159,15.835,1faa4121-7c60-4b48-91c7-217d64555324
Dereon Seabron,14.958,23.840,9cd83bc4-5c2c-4f4d-ba20-8fc69a4cfa8a
Jameer Nelson Jr.,15.609,28.488,55218f5a-96d0-455d-953e-1af096389bc1
John Knight III,7.617,11.511,534e334e-2adb-4b8c-9614-8552f0dc5f6d
Chaz Lanier,17.850,20.165,3ff2c55c-8857-4cde-85eb-a42b87da7dcd
Caleb Grill,9.368,14.781,bbae8544-616e-4d08-9a98-a20e5d47e694
Leaky Black,9.806,12.513,baf1b89d-5bf9-44d8-ae08-43b643b89914
Isaiah Crawford,17.550,19.473,cc5a020f-5862-494b-a997-26288b4f4f12
Zeke Mayo,7.587,17.418,2aa9c687-ca9d-4478-a2c7-8f2797b308b2
RJ Felton,8.923,19.179,a593fa2b-cb79-4f8a-8139-bba7a2133f2c
Brooks Barnhizer,16.571,21.668,6b9ff8ac-a24a-46b2-8a4a-4f4015c6b353
Mo Bamba,15.727,21.142,ee761e41-d0d2-4a56-84cf-353e2ae5a961
Kadary Richmond,10.118,18.650,5f0c2302-aaca-4ac1-b70f-f25abbe14186
Nolan Hickman,8.795,15.361,b8b01afe-00df-407e-b0ee-229eacce163c
Coleman Hawkins,7.255,13.632,769be316-e69b-4438-a859-7fbbad08accf
Jonathan Mogbo,12.923,19.129,12f2cb53-d3a1-4a42-b6ed-9238a8eab4f7
Dariq Whitehead,10.121,22.271,9f8b2ee3-8cc5-4a92-aeb9-c8c52d6e37a2
Nick Smith Jr.,19.588,28.221,b2d1fbf7-72be-4469-b0c2-db6677a145bd
Javan Johnson,11.448,18.557,5bf3dc6a-f0bf-4146-9233-0714a95538e5
Elijah Harkless,20.625,30.220,629588b6-9560-45b9-ae52-ff90c299fc4d
Vladislav Goldin,11.310,18.998,0d1efd50-8b55-402c-af4a-3400a0ecf19e
Liam McNeeley,17.263,23.311,ba22d012-f7ce-4a1a-873e-d6c3ccf7ae5a
Jaylen Martin,8.605,17.320,70021baf-68ca-4b04-a865-fe10b1450b62
M.J. Iraldi,8.605,20.760,bc70e8c9-c8ff-44fc-b539-10f863d5efec
Ahmad Caver,9.588,17.613,b37bbd3b-102d-42c2-9bfe-7874d64e9068
Au'Diese Toney,10.800,14.925,a127ee52-bbec-46b6-990c-93a2c3d57b87
Cameron McGriff,11.172,18.374,55ec130c-b918-4d9b-9fe5-9b79a5f370f2
Jacksen Moni,8.526,17.811,b16076ab-b7f1-4f61-b1ce-87471a1be027
Evan Gilyard,8.075,21.774,0f656aa8-c62c-4fad-ad9f-3442cdc15e50
Chris Mantis,7.465,14.352,d2d320cb-de1d-4f2f-b238-9697f02b41ff
Bobi Klintman,12.346,20.856,61c18542-cf37-49c7-b486-337bb809d326
Tyrese Samuel,7.829,18.187,f4159312-f59d-46f6-a72d-afb990d1e80a
Victor Oladipo,12.800,24.587,ff415fa8-89ef-11e6-bc85-a45e60e298d3
Alex Schumacher,8.889,22.070,74b58589-0ca1-4a71-ac83-93c57a2e8b83
Julian Reese,7.756,19.150,9f1b6ada-6f2a-4683-9f79-e98b06d24f06
Lachlan Olbrich,17.611,21.478,684950fe-3bcb-47f2-8bfa-a9941e216b28
Steve Settle III,7.114,15.857,f52af8fd-29ee-4aa7-9c70-e211a5d73a12
Chase Hunter,7.091,19.481,50fd1b80-b17c-4168-9cd8-b67adeef9040
Colin Castleton,15.550,23.007,cb160212-66c3-46cf-8728-c0d6612456f8
Miller Kopp,10.655,15.817,817c559a-6812-42ce-8373-1e8132f3b917
Ja'Vier Francis,6.733,17.050,426de6ba-834c-455a-8c94-9656ad089275
MJ Walker,8.912,18.172,2733a0f6-5816-47e9-9972-a4f253f15038
Terrence Hargrove Jr.,6.711,15.411,06c40ea5-9150-470e-8f6a-7cde4a102ef6
Kobe Stewart,6.953,16.953,9c8748fc-6d1c-4911-99a0-94e1cf486b48
Lucas Williamson,6.795,14.424,f0ae386a-6794-4f37-b447-84822aa60c4b
Derek Ogbeide,6.167,17.499,4f5b0cc7-0740-4ebb-8b37-c464b1f421f3
Samson Johnson,8.588,15.915,68596e1c-c815-41b9-ae9b-a8179fee1f36
KJ Simpson,16.111,22.818,1287087b-e6ba-41f9-b2b5-a3d2d1c8d682
Quincy Olivari,11.480,23.820,cbbbce73-763b-4e1d-820b-1b8f62857eaa
Paul Zilinskas,7.553,13.607,fb3799f7-55e6-46cd-8dba-16e86ee83d37
Asa Newell,20.429,23.258,eb38ea24-c68c-4f72-9a55-2e397b4f0124
Romeo Weems,6.878,14.215,9920a386-699e-42ad-90ac-8fb89d78d1f9
Deivon Smith,10.000,23.423,9ffb6f28-8fa0-4650-bd30-47f8aa7235a2
Toby Okani,6.087,15.322,a6c4645d-9238-44cf-92aa-fd318ebb8ebf
Ben Saraf,13.286,26.339,f92bdf23-732f-412f-9b84-9c088cd9474b
Marcus Burk,6.643,11.388,017ced69-5d96-4160-b064-3a051a5c9efe
Yang Hansen,15.333,22.428,c6156c46-4275-4470-bed6-6c382811ef91
Oscar Tshiebwe,12.500,17.774,9234048a-d7a7-4f77-8d48-3b95b6365ae0
Alex Fudge,6.850,17.658,1f5a0d41-0c51-4353-9d7a-503196852e33
Kameron Warrens,6.850,17.068,14a1175f-1e82-4a12-9edf-f9445dc58270
Akoldah Gak,6.326,17.101,e6e552fd-83e6-4bb7-b80a-9b0bae80ad1c
Viktor Lakhin,9.067,21.080,386162d7-b5e6-4aca-9174-cfba1382d491
Jamarion Sharp,7.472,10.411,02b5523f-9555-42f2-b2a7-3ba79ce5e959
Abou Ousmane,5.956,15.427,585d08a6-4aa1-45ad-81f0-76cb2c579ab1
JaQuori McLaughlin,11.042,19.173,a05930e9-6846-4c42-b5d6-f859b92d97fd
Buddy Boeheim,15.588,19.423,b19737e4-2806-4548-b14b-2062175fb05e
Taelon Peter,13.895,18.257,c870f7e6-686b-40b6-859c-ced3b397cbd8
Jordan Hall,10.560,23.853,4b98be48-a61f-4372-8f5d-25f914555a83
Trey Galloway,8.767,19.976,8303a10f-1748-43ee-9c4c-59abdffdaf87
Donte Ingram,6.167,12.587,1034b6f9-7fc5-4f5f-94fa-2ab920658dd3
Stefan Todorovic,6.789,21.094,a0dbe31a-75c6-4777-a920-d506c5633bdf
Cam Carter,7.818,22.581,a183c842-9603-4691-9abd-612235152ad2
Aaron Scott,6.400,14.983,800b6f8d-e4b2-40c8-9891-40fa3f84efc3
Caleb McConnell,9.808,18.600,9ea29be6-8741-4b28-9a3f-b73d1919c900
Manny Obaseki,7.286,21.240,e4cdd91f-718d-4c35-95d1-b3aa28ef79b5
DJ Rodman,6.730,13.802,18ec54f9-3c06-457d-a0c8-04f2aa513754
Trey McGowens,6.861,18.734,a17cb8d2-4fe7-49a1-b4b9-e56f6316d694
Zack Austin,12.200,18.053,cdb9a6bd-2259-43bc-9209-03da5b72234b
Kaleb Johnson,6.100,12.430,51e2e08f-d07e-4dbd-a05f-bba8e5c69f96
Bez Mbeng,6.100,11.154,117522bd-3f51-4ef9-99ae-8cf060df132b
Tomas Chapero,4.939,10.899,5909ae5b-81cc-4f42-adb1-912f0c19edfc
Gabe Levin,6.914,13.069,154a9e91-a046-4e1d-bd25-0fdf6dc87f45
Kendall Munson,6.368,17.280,11a2c3b6-617d-4889-ac4c-dc3821c6375a
Payton Sandfort,10.042,16.550,54f7a3fd-6e94-4630-9ca3-e05af980008d
Liam Robbins,7.742,20.057,831eb28e-7713-4fbe-bf6b-dd0e1e20b1f5
Dennis Smith Jr.,7.742,18.593,4a0f330a-e571-48c4-a685-f82c9436c964
Cameron Parker,6.289,14.112,15e3cffa-aed2-4d74-a8e0-ec06dfea63c6
Nolan Traore,17.071,25.703,4b2dd1ee-169e-4af4-9877-1e600ccc1ac5
Luke Travers,15.800,25.207,ef24e628-6674-47d2-8fea-a8ceb61e0fb6
Trhae Mitchell,5.043,10.334,d98ecec8-9937-426e-ba9a-e019ec88d94f
Bronny James,12.474,19.953,ec9d7a06-798b-45e0-8eae-a5bfdd92f0ba
Paul Watson,9.115,14.488,1aae577a-f08a-437b-81ed-160d66e586b9
Kylor Kelley,7.613,12.074,08d8e7a7-6e98-43fb-808a-803728ffe738
Igor Milicic, Jr.,5.488,15.484,96e51137-1852-4b4b-8809-7d07d81b22a8
Pete Nance,21.273,23.014,a9d51846-7123-4773-be70-de509c877a08
Hunter Cattoor,7.767,15.033,3b01bc5d-08ef-4a1a-afff-52c5c9f81849
Tidjane Salaun,16.571,21.978,abc5b21b-f2eb-40cb-a9e6-6eb5abeafe60
Jordan Minor,7.030,16.984,ec389395-e86e-494f-ae34-b2b08a74437b
Luke Goode,5.610,14.210,4144db18-4210-42b8-af58-fd1dd83e87c6
Warith Alatishe,5.476,13.440,ef3f7448-40b8-4701-8feb-456aaa4d1c6e
Caleb Love,22.600,33.457,163d0a85-fc13-4c76-8e98-93aae28417d2
Kevin McCullar Jr.,15.643,24.426,1ebb0958-b242-4b10-a0cb-cc3182f35814
Keon Johnson,14.533,29.609,7cfacef2-8c7b-41e7-9df3-4a570a6de468
Tamar Bates,16.769,19.580,4e132a3e-20b7-4058-9b69-c71ed0bfd654
AJ Johnson,16.692,28.894,2b0ac9c2-0fa5-4ee6-9881-03b737e11dc3
David Muoka,5.400,12.986,c5a7468d-b9c2-4814-a823-b9bf4a58358f
Zhuric Phelps,10.238,23.739,cbddda95-fa69-4ae6-b6b0-247f5c669b7f
Trey Jemison III,7.167,12.814,48e06536-9d6f-4027-9d17-ec477a9ae3a2
Grant Nelson,10.700,23.043,c4012fed-7c3d-4171-a8c7-3432c061c9d7
Jabri Abdur-Rahim,9.304,17.576,5ba18e46-b710-44bf-8369-1185adf0ce77
Erik Reynolds II,6.903,17.484,f3572151-dba9-4dc4-a48a-792e17a3180b
Tyler Polley,5.048,11.570,e48e99e8-0b78-493c-9d6f-15b65e7869c6
Quincy Guerrier,8.154,19.684,e7a09800-4dd6-4745-8dc3-2bb848800f9e
Ryan Woolridge,6.176,14.068,a4f5f591-7988-4761-b96d-5efb627bd420
Franco Miller, Jr.,7.741,21.679,d681a7cd-c0ad-4497-975c-f750b762a74e
Nikola Topic,17.333,25.468,deb86c8a-aaa2-472e-a66d-a1cbace2c797
Josiah Allick,5.256,11.811,46de8a99-497a-49cd-a9ec-347e787439e3
Jason Preston,12.813,20.268,b609ade3-6177-4d12-8f4d-e717beb97f97
Matt Cross,6.029,10.259,8b71b1ce-93f8-4cf0-9099-64c91af44202
Chucky Hepburn,11.389,18.660,4ac4a0ab-ea85-4870-8bd5-9670073a3df4
Tre King,6.581,20.018,2928912b-dd61-4f60-aa20-a01d295e03d6
Justyn Hamilton,5.771,23.201,7be325aa-4951-4bc9-948d-d4177d4cbb1c
Alex Antetokounmpo,4.591,13.861,34a56ad4-cc65-4406-9566-ff884e10c7af
Adam Flagler,13.467,20.674,60b1ff6f-7e65-4d93-8b0b-fe76747cb0db
Keyshawn Bryant,10.100,20.618,8bfb0e3f-2c04-4dd5-ab0d-c7bf453b1ed5
Lawson Lovering,6.931,12.178,ee296dd9-8d26-420c-9aa1-271f6b6a2222
James Banks III,4.444,13.032,f4a998d1-4507-43b9-91e3-832dde032d54
Desmond Cambridge,6.030,17.806,5f4ae0bb-b9a5-4c83-8441-1e627500c265
Augustas Marciulionis,6.793,18.126,89ff2dfc-818b-4d2a-beba-efe0422f6d4c
Sharife Cooper,15.077,24.577,2d470912-d9ac-4456-916c-372fc4c84cdc
D'Andre Davis,5.909,20.883,93c1ccb9-a43d-42a7-a037-b8d2057acc02
Adama Bal,6.857,18.771,3559f9a3-9132-409e-a701-a4c5757cb325
Jarron Cumberland,4.465,13.560,46d86ca8-8056-40c4-8024-2ba83293aa17
Dakota Mathias,21.111,19.804,9f1f34c6-66d2-4093-9328-d2fffffb97d5
Micah Potter,14.538,18.942,1e89c60d-b20e-4499-aba4-b13dba295a52
Kyle Rose,6.889,14.118,c7fe17cb-17b0-4fe5-bfde-60cdce624f03
Steven Crowl,5.000,8.879,ee193c16-33d6-4aac-9688-7dde65cf6671
Jonathan Pierre,5.719,17.331,94306db4-8243-44b3-9f3e-eb1dd9e258b7
Nojel Eastern,5.324,17.409,b2251f82-7770-4e0b-994d-c33ff4a1b39d
Yuki Kawamura,16.273,26.024,3d921f8a-1119-4e42-be46-c22ae84d5f58
Reynan dos Santos,9.368,19.250,e3cdc093-14ad-4686-ade9-7fc70c5a5a88
Drew Cisse,4.917,10.668,4943e7dd-a830-4c29-bd39-a8b168bf00b9
Cody Martin,12.643,20.921,0000b397-3cf4-4dd4-a910-000000000131
Elfrid Payton,6.034,15.159,ff4126dc-89ef-11e6-a96d-a45e60e298d3
Nikola Djurisic,8.190,21.798,0e381936-04ed-49fd-87b0-400686b3e145
Khaman Maluach,15.545,23.047,d4dcccfe-9470-4fef-bac2-e9f6aa1cfd32
Terry Roberts,6.071,20.953,6b0963ac-b00e-46cd-94e8-e60dc3238718
Steven Ashworth,9.333,16.651,63e0883f-eae7-4a6c-ad8f-c7670247241e
Aminu Mohammed,4.771,14.759,6abaacf2-5a3c-4c72-b19c-2a645dd84022
Hank Morgan,5.156,13.693,29d938d7-ce0a-4aba-9b2e-b17b2e8d8ee5
Moussa Cisse,11.786,19.760,b4769ff6-6ae9-446a-a262-0b849da72338
Craig Randall II,11.714,29.880,57c94d1b-101e-4b0a-afc5-d9716233e92d
JD Davison,23.286,27.508,833b573b-1366-463c-92ea-56e7718c0dc6
Matt Allocco,4.025,8.629,1542fce4-02f8-434c-8e0b-c655313fea33
Dylan Cardwell,10.000,15.364,fb79aa4f-8468-454c-80db-1768d95b4e42
Cameron Brown,10.600,18.146,c2df5312-12de-4f83-9d1a-3f3c2ab6148f
KJ Jones II,4.389,14.266,b34e01c3-fde9-402e-a381-1abc45ea21fb
Ben Coupet Jr.,5.379,14.208,8c1d8070-eb6a-44ee-bc37-0a07ad5267fb
Jahmai Mashack,10.333,18.926,f851dd8e-83fb-42a9-8b76-cc5afe5350fa
Trentyn Flowers,11.071,16.116,c917a1b8-8537-4dbe-91bb-c8e376d71ee4
Martez Brown,3.683,12.836,15a40435-a0cb-41f5-8680-120339364fa1
Emoni Bates,16.778,24.068,9f1d3f5e-1bf4-4a41-81f4-516081353643
Joan Beringer,13.636,17.216,325d465a-ead8-4773-875c-a3fd83d18f23
Jamal Cain,18.625,22.542,f42a8b63-1ab4-447f-b74f-be293fc58e99
Jeremiah Tilmon,5.034,13.735,285400dc-29c2-4d6a-83a0-5b87049c14f0
Johnell Davis,4.710,19.259,7ddd09bd-a98c-468f-ac39-239c33fe8d79
GG Jackson,17.875,25.000,de22ebf7-4f76-48b4-805b-b5f87858922f
Stephen Mitchell,6.174,13.005,1d1c157c-d6cd-492c-8ac1-aca3b6d6c04f
Jonas Aidoo,5.036,16.974,18e9a256-6619-4a10-a5dd-2c89bb7cfb0a
Osayi Osifo,5.423,13.533,c1f25993-dd81-43fd-a710-d7b67b6bd974
Antoine Davis,7.050,26.095,cc05d44b-5260-48a3-b9b6-61ce282a67c0
Yuri Collins,8.688,15.861,7a58adf5-73d4-4f5e-b042-6ab0d8862313
Adou Thiero,13.900,24.308,9b945fc0-d3bb-405d-bf43-95c6e7d7e87b
Colby Jones,12.455,27.346,80ea0675-30db-4ebf-b37f-eb50552e8d0e
Kevon Harris,17.125,22.880,8190d885-1fd0-4dad-99d7-2431cc018492
Ibrahima Diallo,4.219,13.441,505bb488-33f9-485b-9cce-e0533d462cf1
Keshad Johnson,16.875,17.665,c5cb7e86-5c88-4bd2-bf14-22a65e7bd094
Rasheer Fleming,14.889,18.663,4639f41a-c88b-4cf0-91c2-c36d9d4c1e5c
Danny Wolf,18.857,24.744,0b1b2334-050a-4f4e-bae7-3865147c950f
Tyrese Hunter,5.000,19.512,4f89702e-6e19-48ef-9be1-8da8a0837a2f
Garrison Brooks,4.962,13.271,146c7c56-b7ad-4925-8a9e-93d2c5db55bc
Kalib Boone,4.267,11.616,57657681-6e1c-4701-8298-93f30846effc
Max Klesmit,4.000,12.398,ce1fc58a-6a2f-40f5-a83b-c0acdcdf2e01
Sy Chatman,8.857,17.329,ea9cdbe0-fa96-437f-99d0-f1c67185f3e7
Chase Jeter,6.150,20.067,ea3ac175-ec80-45da-aa31-7c38b04c7657
Ryan Nembhard,20.500,31.846,f43050bf-10e7-4919-95a0-272b4c616687
Michael O'Connell,10.250,17.348,e4133038-cf2f-4227-a6d5-566eb968a245
Ibou Badji,4.357,11.708,9e3a3a92-a664-48f7-97d2-0f8f27735dbd
Myron Gardner,13.333,20.470,8de6d5bf-730c-4c48-8f00-7f9da72e979e
Kasparas Jakucionis,14.875,24.829,f4881a74-343b-4005-b701-3f53c512aba6
Makhi Mitchell,4.069,13.279,fec781d1-53e1-4e5e-baf1-7937603be356
Brandon Slater,5.619,16.667,eb81af0f-e8c9-4a55-a018-bb56cbc130ff
T.J. Warren,16.714,21.704,ff401666-89ef-11e6-b554-a45e60e298d3
Jamaree Bouyea,19.333,23.438,e35aa016-05af-4a0b-92b3-b0d987d11892
Yanic Konan Niederhauser,12.778,20.713,c4c0b9a3-5f7e-4611-977b-e0d73c08a29c
Justin Edwards,23.000,25.499,c2b8cc6a-c87c-4dc5-bfea-c4630c2b6f3e
Isaiah Hawthorne,4.480,18.675,e186218b-ea58-4542-af85-ac121949c255
Malaki Branham,18.667,30.882,13030bd6-e3d6-4e2a-9685-88300bc4ec5f
Kaden Anderson,6.167,17.500,d3403310-4ad2-4ea2-9072-623f9adefc8d
Jamal Mashburn, Jr.,7.857,23.519,e2dcfe4a-9e16-4ab8-8eee-e15ca0db6eb5
Wooga Poplar,7.714,19.788,b3aaee9c-4272-479b-9fdc-7b99458903ea
Devin Carter,21.200,31.169,8a8e683b-3939-4208-b55c-bc9cefe13a54
Pierre Crockrell II,5.000,14.839,1a254905-e1db-43b8-9f5c-b1bf4e663150
Matthew Moncrieffe,4.038,12.974,3d0d89b4-df1e-43a9-9870-4329d5e8161c
Trey Townsend,4.333,10.707,32735ab8-9eea-40c1-93be-395428840de8
Will Riley,25.750,33.893,3fb6c927-c443-46a9-aecb-1105dfb05233
Jamir Watkins,12.875,20.064,84ba6ce6-9c37-4225-8f84-14a5cbacea65
Jazian Gortman,14.429,30.445,dd6ea48a-5adc-4411-bead-f2cf2861a9ce
Pedro Bradshaw,5.500,15.965,881e8c41-f4cb-44fa-9caa-782d1e294daf
Justin Jackson,4.304,13.468,0867f70d-4848-4664-82fb-db397233e78f
Ariel Hukporti,16.500,27.747,91a10e2e-9784-440d-b0a4-83a8db044c1d
Ricky Council IV,12.000,18.882,9027d4b5-4d3d-4ee2-98cd-3d105aa7044b
Tyrese Martin,31.000,26.148,1d3ff68e-d714-4f70-b952-02cf2252e990
Kam Jones,12.714,23.374,93ff04cb-5390-4709-a521-c7ce58713f31
O'Mar Stanley,3.071,13.459,c35585ea-5c0e-4c72-bd00-07eceb71ee47
Daniel Batcho,2.966,13.688,72e13ad0-9840-41e7-b88f-ab295ef762fb
Omar El-Sheikh,4.778,19.027,bdfadf82-2b4c-44e8-ae46-a6e3c9957744
Lacey James,5.000,15.833,04c6579b-6a42-4b88-944b-6cc896241e84
Micah Parrish,2.964,14.209,a233b4d2-746c-48be-9d0d-ce655385c605
Dawson Garcia,5.533,17.028,4aa2ea37-df6a-43f3-9838-5bb4d2e13186
Noa Essengue,20.750,25.758,fe09888e-ef47-4152-a457-e6f4e04aee54
Riley Grigsby,4.150,11.268,5b7fafbf-2163-4b93-a29d-fc83e9946914
Taylor Hendricks,11.714,18.697,91ee33ca-2f8a-421c-8a4d-b0f98d5bc54c
Brian Taylor,3.200,9.487,ef62751a-0816-46fa-9160-054ef9ec64e4
Symir Torrence,3.810,9.884,6779419d-662d-4a38-b2ea-cb8e012eed8f
Tyler Kolek,19.250,26.361,40faa5df-7ced-449d-bd12-300a2938370a
Steven Richardson,4.167,11.512,1baa93ad-ae20-4faf-b428-11c4aac33778
Lahat Thioune,3.571,14.123,81875c9a-a727-4662-bd59-5ce020b80d6a
Jay Scrubb,5.214,18.033,8488ec31-e9a6-4535-a007-3b6fb6c5f1bd
Seth Maxwell,2.483,13.439,12d95e3f-d714-4300-978c-245c9d0f302c
Lance Terry,7.889,14.381,2c5a45b8-029d-4556-9186-221becde7ae7
Charles Bediako,4.438,14.309,40e03646-000c-4ccf-a366-50f9477583e5
Jacob Toppin,17.500,24.407,9e0abf37-2963-4f62-b8f7-104fefa58273
Patrick McCaw,2.913,8.760,ff42a38f-89ef-11e6-bb23-a45e60e298d3
Cam Reddish,9.571,21.173,5cef3c95-c7c7-4206-b70c-41f647f9498b
Eli John Ndiaye,7.333,17.148,541d7cbf-04ae-40eb-9401-fc9f1fffdcf2
Dajuan Harris,2.444,10.130,51b4a0a5-880c-48d7-a342-2b25ec6cc206
Omer Yurtseven,21.667,27.149,6811ad75-3527-4bfc-b0bc-8fd46ec62535
Dalton Knecht,21.333,24.138,b8da7ce7-11b7-4a94-acd4-f309bf4b6333
Giddy Potts,4.571,12.387,7ac29d25-418d-4bf3-b302-cda0f4aa7cae
Terry Taylor,8.857,16.253,0852ab90-243b-4951-bfb0-c536f151cba5
Cam Young,5.167,13.895,f61521e8-e7f3-4526-a0fa-efedc3c820ca
Jackson Rowe,12.400,19.072,87777cd1-2099-4edd-8256-f29343fa0fd4
Javon Freeman-Liberty,12.000,18.207,a28cdf29-f659-4646-b964-87ec3c295ae4
Garrett Denbow,4.615,16.372,13631116-cd60-4bc0-9a41-6fed5d44b41c
Jaykwon Walton,3.278,16.636,59731b4a-481f-4699-a3fe-f39676cc079b
Cody Williams,11.800,21.242,8b49e58d-df58-4e21-b984-2bda3ce246e6
Jahlil White,4.833,12.676,e21b31ea-a8e5-41ad-89b1-72a56bdf59e1
Dalen Terry,19.333,25.551,8fc64d15-1d47-47e1-bb04-d03f75dccc5a
Julian Phillips,28.500,32.203,76ada8a1-6ec8-4915-b57e-fa234b1f2788
Caleb Stone-Carrawell,2.591,14.784,c0ac23b6-44cc-4fe7-8a81-560c7fc1003d
Markelle Fultz,9.167,23.301,1114f266-df53-4313-b425-0021dd87864b
Rahsool Diggins,3.056,20.040,6404e275-f55f-42e5-8d36-cddd1661c335
Cameron Martin,5.500,15.106,99e062a8-b28c-47b0-9682-92a5d2461cd1
Drake Powell,10.800,17.028,ed72fbc9-1066-46d8-872e-9a437c4e536e
Marcus Bagley,5.556,12.826,a39bf7f9-11fd-434e-9673-4a184061ad7d
Vernon Carey Jr.,7.143,23.077,9dc84f16-116c-451e-a191-b54f210fecbe
Olivier-Maxence Prosper,16.333,26.804,28df8a9e-306a-47ee-bb0e-55b9ea87d542
Jamal Bieniemy,2.667,9.453,5659992f-2487-47ce-83f7-baedce2a090e
Branden Carlson,16.000,23.464,c401774b-397d-4c15-93a0-592eb4752dac
Trayce Jackson-Davis,23.500,28.477,1991b894-8a5e-4744-a72d-9bd7cb7663c3
Devon Higgs,7.000,14.423,72b7a0bc-f1b6-4996-89e8-8c6535bd71c0
Zach Hicks,2.800,10.984,8e62f792-31da-4509-a4a8-d0bd4144b94a
Jordan Bell,14.000,22.632,07a35d50-2dd1-4476-a9ac-b6e7154ce069
Terrence Shannon Jr.,20.500,37.500,94d35dd4-a4fe-47ae-a856-cd0d5b1193a9
Derrin Boyd,5.000,15.320,6dfc6fb5-d921-403b-b590-c1c4c3e900a9
Javon Small,13.333,27.607,6b98a36d-b1bc-4b68-bd5b-0671580d44c4
Walter Clayton Jr.,20.000,31.169,ae81ff91-c142-4a68-b826-4ae75af6a94f
Ebenezer Dowuona,2.105,8.682,d435507a-b78e-4251-8feb-ad8c5d01dcb1
Ace Baldwin,1.444,12.220,6ab19369-4aa1-4aa6-8274-b595ac8902be
CJ Fulton,1.773,8.219,e2d1008a-5cc8-4a4d-9f54-0bacfbd083be
Geronimo Rubio De La Rosa,3.545,17.986,5bc79052-06fe-4165-bc0d-7121fc331302
Jase Richardson,19.000,24.161,1cc4e557-6ed1-4db5-8816-1c00724e5554
Vance Jackson,2.846,14.754,2a70adf2-b7a5-4028-b567-a3b18585a709
Cameron Tyson,6.167,18.182,18ede5d3-f2de-4f9f-a9c3-ffe37ac43566
Marquis Barnett,7.200,21.965,7edec21a-68b6-453a-b51f-2e3827a52d7d
Jared McCain,12.000,29.534,eb79ea6c-b337-448d-ac33-7e92219822ef
Obadiah Noel,5.143,17.089,ae301693-1228-4496-9f09-3dede6e84191
Esteban Ezequiel Roacho Amador,1.385,13.907,2d23e4fc-8b5f-4131-af0f-83b0ae3a2c69
Christian Koloko,7.000,15.038,efbab460-ac97-49e1-aa9f-6e7da27ab2df
Rayan Rupert,11.667,21.757,f99ade9a-ec49-4d41-b7f8-7e1b16c9ed79
Ethan Taylor,1.842,12.663,b4569bbc-b31d-4504-a59a-fe40691d1d00
Nathan Mariano,2.188,11.779,6e090c81-2a42-43d1-9e4e-bd5a04f09b10
Noah Penda,11.667,21.918,8257785f-b06f-4feb-a7c3-c58c4fbf99d7
Chandler Baker,4.857,18.033,db071247-1883-4852-b647-0b794ee7cdee
Jack Gohlke,4.250,13.506,20e6b7dc-2172-4ce5-a2c7-f61c3c89d703
Kellen Tynes,1.700,10.180,83a05254-611e-4587-a927-613bde48b6ba
Feron Hunt,17.000,30.769,5210db69-14a3-4c9b-ad2a-62c349f4ac65
Quenton Jackson,16.500,31.776,2916816a-1e08-43ef-953d-a81bfe3503ee
Issac McBride,8.250,23.045,e98d2d7d-61a8-42e6-9c79-f1c3d6667ec9
Josh Minott,10.000,18.343,3dafdc09-40d9-4934-b9c9-8be3bd3eb90a
Kalil Thomas,7.500,14.428,1e30df52-91e3-4394-8265-d813a892b8c7
Philip Alston,3.333,15.638,f05622f9-9133-4b26-8fce-07c056dbcf6c
Vinicius Da Silva,3.333,11.411,63049d09-0880-48ee-af08-c8f25b874237
Mohamed Diawara,9.667,16.043,cb172f69-5e77-4552-a43b-b2993cb7f689
Cameron Smith,5.800,19.355,bd762247-fb20-496c-af57-0abcde142d02
Jermaine Couisnard,3.222,18.506,395250e2-3fc7-41ec-b3e5-be2b920a6458
Kobe Brown,14.000,24.648,751e59b1-45ae-45f0-bc03-01f6c87520a5
Elijah Cain,4.000,14.141,2ce0583b-9426-44be-820b-de29934964ee
Tyrese Proctor,28.000,34.375,27207fcd-251c-4d7b-8d11-48823d8dab1b
Nathan Missia-Dio,1.647,10.028,ef69e667-2cb2-4590-bb9e-561480e2abeb
Tommy Bruner,4.167,13.359,9819211d-c92e-4802-8be4-018f1efe7932
Jean-Jacques Boissy,2.667,22.124,3cd15c37-c35d-4061-82f8-728bfefd34c9
Kario Oquendo,3.286,15.789,1ea004d3-81c8-428e-920e-2fde02ccf379
Mason Madsen,3.833,15.642,d745163f-0ba1-4894-9467-cb7553e99081
Eric Ayala,1.769,11.328,0ed3aa02-c44c-4b25-a16c-d448d88b92ea
Jamison Battle,22.000,22.340,74f1f473-4fc6-4175-bf32-f1f99de73ef8
Cam Christie,10.000,19.444,8a68ba44-d87b-41c9-94f3-c94e88cb37a0
Marcus Sasser,19.000,33.333,5fc1833e-3993-49a8-8970-87ad09b61dff
Elijah Pemberton,2.250,15.464,0fd95fbb-b175-40e4-a6c7-4864b5678d6f
Ray Harrison,2.000,12.236,57be9a58-9fec-4727-b978-d75c7e33e914
Jae'Sean Tate,18.000,36.538,80383c81-b671-4a11-b003-ae08fba34eb8
Maxime Raynaud,17.000,21.429,31a1e47b-7784-4021-b7f2-31e4ef972892
T.J. Weeks,8.500,11.940,7d91ff01-e290-4fe8-955f-093a15c1d3b5
Leonard Miller,16.000,13.514,0eaefaeb-b40c-4fc7-9086-902dc1ab2254
Nique Clifford,15.000,24.359,329049aa-89c8-439b-a0c3-dc93d3609931
Carter Bryant,14.000,23.288,18dc7187-8fc5-47bf-9779-e7a7694c498c
Ray Spalding,3.500,25.641,ef25a4fc-8a16-4dd9-a1fa-e236cd842a32
Cheikh Mbacke Diong,1.273,12.676,7efefdc5-c8ee-4221-ac12-a35549517aa2
James Reese,4.667,17.757,26f760b4-f286-403c-ae5b-8c4a2f2810ff
Alex Toohey,7.000,18.557,ac601971-3fa2-4aff-940d-0f5fa3745d0c
Trae Hannibal,1.182,13.110,636fef85-a117-4abd-96b9-a45df0f16b53
Alejandro Vasquez,4.333,16.456,146e6f60-9f61-4669-902f-1f985d239c46
N'Faly Dante,4.333,15.584,d6eaf02a-27a0-4e40-8641-632e8d39f965
Tylor Perry,1.500,14.124,0b9ca9bc-f567-4768-9cc5-5e42d6fc8dce
Adem Bona,12.000,18.571,df125bae-eba5-488c-b948-9767e7090d40
Onno Steger,1.100,12.270,f033b782-7e16-4a10-b000-aff290ea4400
Blaise Threatt,1.375,18.056,7bf581f6-845d-4d34-9460-f09f129eb841
Jaden Seymour,1.111,12.088,667eabca-780b-45aa-8d74-a3418e732e81
Joey Calcaterra,5.000,12.903,f07958e4-943d-41bd-add3-e75692af9566
Jamiya Neal,1.800,17.910,bd101cdc-8e04-424a-8c61-034c93ff6be7
William Hickey,2.333,15.663,5673cf85-4703-43f8-b541-dd3923d4c42b
Isaiah Moore,3.500,21.053,ffd1ae3a-bd10-436e-a214-71a0761663e4
Michael Caicedo,0.700,9.494,315d7d14-0a97-43d5-bbf8-4b59a0938e21
Josh Cohen,0.500,11.570,e74d5547-334a-49c7-b5e5-a33913f3596c
Ray Williams, Jr.,1.200,8.219,5b0bdabe-6c41-4fef-bcc7-518987c7451a
Trevon Duval,3.000,16.000,94ca1f88-1f26-4d28-aeba-c686a5dde5e2
Parker Van Dyke,6.000,5.714,b25395ca-26fc-4977-bf67-3b99e73e1048
Isaiah Todd,3.000,15.625,1dbb419d-3008-45c5-aade-fb964248499e
Keylan Boone,6.000,18.750,57039dfd-7492-49c5-b3c3-30c8422fda2d
JP Pegues,5.000,15.909,dbabc9d0-e8c8-4399-92a9-047c7ffb580f
Jaire Grayer,1.000,6.000,c641880b-c90c-465e-8564-f6a741fae84b
Jaden Bediako,0.444,14.754,d22cb3b8-91ce-4a2a-bae7-a358a426a9af
Tony Carr,1.333,19.444,4eb5e112-86bc-45b5-a081-deb3f3aa0b67
Davonte Gaines,2.000,10.000,6e74a308-26d0-4ebb-b5f2-5a0dbe334f86
Robert Woodard II,1.000,14.085,9bedc1b4-449c-42cb-b9a2-9b0cd3596329
P.J. Hayes,3.000,20.000,659ecb80-2665-4645-b890-ef69b738b5e3
Dwayne Cohill,1.500,14.286,28c78fcb-5cfa-4d69-bf2f-416eef831e04
Caleb Mills,0.667,23.529,05febea3-f49a-42f6-8214-9cdb36006544
Fousseyni Drame,2.000,15.000,0870aa3a-22ad-4cf6-8f45-cbe6ca3f7e75
Jordan Forbes,0.000,15.217,d03f53e6-1f95-47b7-a843-dab2a10456f0
Ileri Ayo-Faleye,0.000,6.122,8419ad0c-1d1b-41ad-a04b-4d8bd3aff0a0
Jace Carter,0.000,11.111,d6029d99-f377-4558-8061-e383e37d162d
Matt Becht,0.000,4.545,37e8858f-5f40-4a44-8f60-2f6e2316aae8
Kenan Blackshear,0.000,25.000,31c6650d-c76d-497a-a605-e6ab1a822212
Noah Starkey,0.000,2.174,f5063d15-52b4-45d8-9151-24339b9db9b3
Josue Erazo,0.000,4.255,68813475-aec9-4124-948e-507895e853c7
Bryce Wills,0.000,15.385,1743e5fa-bc43-42e4-92c1-fa57e57d6312
Nana Appiah,0.000,5.000,7ad88c05-18d7-492e-9c41-30b2f77e3266