Shooter,Shots Attempted,qSI (sum),% Self-Created,Points Per Possession,SSI Player ID
Tristen Newton,665,6243.39,61.80,1.287,ea2c60f4-30d3-4154-b99e-b907b24658bf
Lester Quinones,544,5765.23,54.96,1.364,e4c6a53d-37a8-4278-9230-5a9d9ccc6d02
R.J. Davis,492,5374.95,77.64,1.347,af3e4f66-d651-4875-9291-4ee32c6a65dd
John Poulakidas,318,5324.65,28.93,1.497,12bf97f3-6476-4443-af11-5228771faf66
Mac McClung,623,5274.93,70.14,1.370,d9671fc0-754d-4cd1-b61d-2f6526c31497
Skal Labissiere,488,5245.73,23.36,1.449,0943dbc8-178e-4cab-97d6-3f31747698ab
DaQuan Jeffries,439,4737.73,49.43,1.436,b969f906-aab2-4845-b038-70ec8482bed4
James Bouknight,496,4679.24,49.40,1.396,a4bca3d5-c8c6-408f-a4bf-22453062b4b9
Jalen Crutcher,468,4352.36,57.05,1.431,938ea26e-95ff-4f3b-a385-a965af8195b4
Sean East II,526,4350.34,82.32,1.285,673bd14c-085f-4173-9211-d62ae307b0e3
Hunter Dickinson,434,4155.57,22.35,1.353,00c80505-49a6-4ed4-ae3d-decf5a59b3a2
Isaac Jones,342,4099.49,50.58,1.481,a35d4b94-e6ff-4f4a-8f40-d64d70dd4c3a
Riley Minix,325,3924.32,35.69,1.487,d4332b50-b7fb-4429-9525-e10587f584d9
Blake Hinson,402,3787.05,31.09,1.391,64b12646-2555-4dd0-98eb-cb169b3ee58a
Jaden Shackelford,518,3776.78,53.67,1.325,dfffb2fc-160c-41a4-9a75-af0a21d2ba76
Daeqwon Plowden,337,3658.64,44.81,1.468,daca4b6a-526f-49e8-a02e-ba59acb77846
Brice Williams,360,3614.48,38.61,1.382,bc4eee96-6dec-4e4c-ac60-d467785926cb
Mitchell Mascari,246,3199.82,11.79,1.448,fdc935b9-0c73-4ca7-ba6b-f3b5aa1f2205
Trevor Keels,418,3173.01,46.65,1.346,58189b84-2563-4034-984b-e61021022c4c
Trey Alexander,500,3033.66,76.40,1.291,eae5a4b1-2701-4843-b7ed-ac8677e6446b
Wade Taylor IV,380,3004.72,60.00,1.375,d809ed56-e0c4-48ab-9cb2-e6e94a8c0842
TyTy Washington Jr.,299,2993.91,74.25,1.319,0b1c2f8c-380e-4f07-85b0-3b5ff4650d00
Tristan Enaruna,349,2693.02,32.66,1.501,998f2322-7dab-4353-99d7-b23e57eeb3ed
Kevin Knox II,458,2682.93,46.51,1.328,868bf1ee-0aa9-4762-a685-b32801d25e6a
Kobe Bufkin,274,2635.91,67.88,1.393,9e453254-b85d-43ba-a615-8bf683d94834
Stephen Thompson,395,2616.55,54.18,1.256,41e105ed-f146-4aef-a65b-262abde1841e
Chris Mantis,198,2585.49,15.66,1.505,d2d320cb-de1d-4f2f-b238-9697f02b41ff
Wendell Moore Jr.,320,2573.44,63.44,1.423,96f746dd-7dfb-4ea4-a98c-39ed5d2a0fd5
LJ Cryer,230,2549.14,66.09,1.322,51c89cc1-c192-4e07-878a-436ad5c2c70a
Arthur Kaluma,256,2491.25,41.41,1.441,c7a03fd4-8ba5-4f9e-b62d-db9492da6f1c
Boo Buie III,475,2484.65,58.74,1.268,2327ad6b-a87c-4b5c-8dbb-c64690426e98
Zyon Pullin,216,2456.49,76.85,1.451,21f03dac-c84d-48c5-80ce-a54781f63914
Dane Goodwin,448,2436.31,27.46,1.345,83cf7787-d441-4c3a-b5de-a2b2a623350b
Marques Bolden,382,2386.75,19.90,1.409,95b6d616-e911-4060-869d-7f633e7ec049
Chance McMillian,331,2307.73,60.73,1.412,d40fdb50-4ea9-488f-85e3-aa57164f9d0a
Jayden Nunn,375,2294.40,74.13,1.392,174b4cc1-dd31-428b-97ad-093422ffe324
Max Abmas,465,2293.30,51.40,1.280,23961594-cb8d-4560-b709-2ace5a6b16a4
Sean Pedulla,496,2220.79,65.93,1.251,6068f2de-9744-432d-b3f4-f73da0894927
Lachlan Olbrich,166,2209.37,51.81,1.512,684950fe-3bcb-47f2-8bfa-a9941e216b28
RayJ Dennis,547,2156.23,71.48,1.259,5c2a5944-cadb-4619-8b0d-04338c63a470
Javonte Cooke,319,2154.15,55.80,1.345,0c8af3e4-85bf-4c62-921b-d5cc21594198
Malachi Smith,253,2130.20,66.40,1.398,cf11631f-67ad-4f08-9466-e66859baa68e
Javonte Smart,439,2113.11,64.92,1.332,a340ee6f-51b2-400d-8c06-295617b4c779
Zhaire Smith,390,2107.78,51.79,1.392,bf29165e-4d8e-4760-a070-5502dd6c2176
John Tonje,420,2088.50,45.95,1.405,5bfe6dcb-3da9-45f9-95c0-ed690168c7ba
Kyle Guy,243,2072.65,50.21,1.361,9eed3d99-6049-4cd0-96bb-4fabb8ad8ddd
Alijah Martin,392,2063.74,55.61,1.427,c1035422-a088-42e6-8ad3-db400bb52aa1
Koby Brea,398,2056.40,56.28,1.286,e2c4bc9d-2cb8-49d6-962a-07bed124b6c8
Hunter Cattoor,137,2049.63,21.90,1.460,3b01bc5d-08ef-4a1a-afff-52c5c9f81849
Jahmir Young,427,2038.26,73.30,1.306,dc80c41d-ab1d-4aa4-be9f-8830d7e0dd62
Tyler Burton,448,2000.53,43.75,1.254,382afece-e02d-4ce2-92ac-92b1d2333d2c
Teddy Allen,365,1969.50,55.89,1.333,03318058-7f1e-4d54-a8b4-cbaf7e836a78
Tyreke Key,329,1954.52,41.64,1.411,a9ab59d3-2f04-49b0-b4fd-a265d98af568
Matthew Cleveland,232,1914.03,47.84,1.411,45913c55-0376-4b4f-9935-00471ffb3033
Cormac Ryan,320,1880.35,45.31,1.327,f3f41cea-955b-4ff5-b6fc-69991789d721
DeAndre Williams,386,1864.97,41.45,1.333,d240c74d-0376-4b1e-998d-190b778ced1b
Jaylin Williams,303,1862.24,27.72,1.319,db384374-d594-45b6-a3de-9aa8a66dc226
Javante McCoy,371,1825.54,71.43,1.346,fac10e71-d936-4a9b-b017-2e3b743f9833
Bryson Warren,343,1800.34,55.98,1.354,de89d563-ec4f-4356-8cba-afd95b5a975a
Jon Elmore,359,1780.07,54.60,1.322,65bebd10-aa65-48ec-845f-2efcb122287a
Nick Smith Jr.,220,1774.30,75.91,1.282,b2d1fbf7-72be-4469-b0c2-db6677a145bd
Curtis Jones,598,1769.26,58.70,1.225,69489a71-b1eb-4fde-b687-6385e03c1e49
Keyontae Johnson,349,1747.65,72.21,1.364,d5348336-15a5-416f-8312-bd7030a6277b
Sean McNeil,224,1744.00,29.02,1.464,4f71e857-f644-4dfc-9ae8-65416c90df71
PJ Hall,253,1719.69,26.88,1.368,4af59bef-250a-46aa-a5d3-e448a55f61ad
William Baker,189,1684.59,46.56,1.439,dc9d21e3-68f0-4270-a358-8e68da5bbafc
Damari Monsanto,230,1680.33,26.52,1.386,63a42b38-d8f6-4214-aa03-cb4263b02a9a
Rocco Zikarsky,334,1642.55,20.36,1.321,7a36a328-5e4b-42b6-a21b-39e9f97e0188
Miles Kelly,396,1642.23,47.98,1.233,8e41f240-6f89-4f54-bcc5-534112efd3c2
Killian Hayes,419,1615.95,71.12,1.315,9a826fec-5df7-4a14-8637-3364dc9433c2
Johnny O'Neil,269,1614.13,21.56,1.316,266b9ca1-6596-4d2a-947a-0f602c0af725
Jayson Kent,271,1613.86,19.19,1.485,dc854637-bbf4-4710-94b5-8c953db3ce27
Jaylen Sims,418,1613.21,46.65,1.318,4e475993-d453-43ef-a5dc-52e715e3e5db
Dakota Mathias,121,1609.08,30.58,1.283,9f1f34c6-66d2-4093-9328-d2fffffb97d5
Pete Nance,128,1602.39,41.41,1.484,a9d51846-7123-4773-be70-de509c877a08
Giorgi Bezhanishvili,262,1602.17,20.23,1.315,4d0b25c0-eb2c-423a-875e-ba9f74999bdf
DJ Rodman,131,1600.73,25.19,1.527,18ec54f9-3c06-457d-a0c8-04f2aa513754
Tamar Bates,114,1566.07,59.65,1.504,4e132a3e-20b7-4058-9b69-c71ed0bfd654
Isaiah Crawford,183,1534.06,34.97,1.368,cc5a020f-5862-494b-a997-26288b4f4f12
David Roddy,255,1500.47,45.88,1.377,ab0a4d97-fd7b-40d9-a72f-b2a862039584
Moses Brown,325,1497.43,44.92,1.383,81ca845d-dae4-46b5-89e6-86d619acb3c8
Mark Sears,404,1467.26,69.31,1.185,6af77143-6aac-4199-ac80-bfa704e2ca51
Josh Oduro,343,1466.84,43.44,1.349,8356850f-e674-4868-8a3b-7cf5b6193dce
Nikola Topic,118,1453.79,79.66,1.356,deb86c8a-aaa2-472e-a66d-a1cbace2c797
Dain Dainja,263,1434.42,57.41,1.345,3d560bd7-c964-492e-97b7-12c4feda4079
Nolan Traore,149,1432.40,64.43,1.329,4b2dd1ee-169e-4af4-9877-1e600ccc1ac5
Cameron Hildreth,263,1401.42,66.54,1.352,2c4cbc5a-83fe-4562-afdd-859499b77aa5
Alize Johnson,293,1365.04,46.08,1.339,c97ec77d-b190-477c-8f04-2d8be4554830
A.J. Lawson,363,1352.08,29.20,1.315,ed39e2d6-ce65-43e5-9ea9-d579d0526a1f
Antoine Davis,107,1345.09,48.60,1.400,cc05d44b-5260-48a3-b9b6-61ce282a67c0
CJ Huntley,284,1311.70,13.73,1.431,a93dac29-3dee-4328-8787-673c2c4d207c
Emanuel Miller,302,1306.04,39.07,1.321,9333d369-df08-4c59-9073-3164d584f481
Chaney Johnson,231,1285.61,39.39,1.443,4007e9ee-5f46-4b39-9d77-0001aa54f1f4
Gabe McGlothan,288,1249.06,26.04,1.338,32f54c28-47c6-4d3c-8364-c3956aef7190
Dillon Jones,376,1243.07,60.37,1.302,7c13f8c0-55bf-46b9-a41e-cbaeea35c13b
Ethan Thompson,200,1210.45,50.50,1.349,e303b1cc-a268-4f85-8063-e447c757ede6
Cameron Parker,131,1203.34,78.63,1.214,15e3cffa-aed2-4d74-a8e0-ec06dfea63c6
Harrison Ingram,352,1200.14,57.95,1.253,289b86f4-5aea-4603-a5e7-54793e5eb584
Steven Ashworth,94,1198.83,43.62,1.330,63e0883f-eae7-4a6c-ad8f-c7670247241e
Jalen Bridges,432,1172.83,24.77,1.248,1c7e1fdd-3a9d-4509-b079-a329c993e9d4
Kyle Mangas,411,1165.91,52.07,1.312,509e10a3-69e7-41cc-a0b5-44de8eb4659f
Tyson Etienne,270,1165.34,20.37,1.355,316deed2-3f6a-4c1c-9508-2dd0c937cd4c
Darius Brown,327,1153.50,67.58,1.406,b7ae8764-a482-4551-82ac-7a91c8292e4b
Tyrese Martin,46,1135.27,65.22,1.652,1d3ff68e-d714-4f70-b952-02cf2252e990
Jaylen Martin,180,1131.18,57.22,1.443,70021baf-68ca-4b04-a865-fe10b1450b62
Tolu Smith,185,1127.06,51.89,1.422,dea8af5c-b86c-4445-b191-20c7806e6a4e
RJ Felton,222,1121.79,44.59,1.308,a593fa2b-cb79-4f8a-8139-bba7a2133f2c
Malcolm Hill,379,1116.48,32.19,1.270,99f046d4-e2fe-495e-92e9-472b6f6a9c22
Charles Bassey,208,1104.53,25.48,1.391,089bae1f-5cd7-438c-8ebb-061918727a25
Drew Peterson,318,1083.76,65.41,1.379,b385f90c-bbc7-4346-8507-4d626e2c0c61
Josh Christopher,407,1078.62,42.51,1.268,207daaca-464a-4e71-8c77-cae31615c0e3
Orlando Robinson,193,1071.34,44.04,1.370,e58d10b8-dbfa-46bc-9b80-d078501bcce7
Amari Williams,175,1071.29,52.00,1.370,7f8f2047-20da-4fde-b1c4-e046ef5d94f1
Ron Harper Jr.,261,1055.90,49.81,1.373,0fc9db0f-ca5e-49e9-a003-973fa4fd8839
Payton Sandfort,175,1033.67,14.29,1.302,54f7a3fd-6e94-4630-9ca3-e05af980008d
Julian Reese,143,1018.51,34.27,1.415,9f1b6ada-6f2a-4683-9f79-e98b06d24f06
Zack Austin,140,994.94,17.86,1.449,cdb9a6bd-2259-43bc-9209-03da5b72234b
Tevian Jones,221,988.96,52.94,1.271,1d44afa0-7106-441c-b8ed-cc5e216e866b
Marcus Garrett,283,986.03,79.51,1.344,723b0c0c-ac5b-4b0c-b84c-01da7be6c705
Jamaree Bouyea,59,979.02,86.44,1.525,e35aa016-05af-4a0b-92b3-b0d987d11892
Olivier Sarr,261,978.92,6.90,1.421,584a880d-84b9-40fd-876e-852044392606
Patrick Baldwin Jr.,377,958.21,45.09,1.233,45b328c0-b3b8-4a36-a0c1-28e39227ca85
Dalano Banton,587,957.25,84.67,1.199,ccd8ec3b-3e5b-4f39-9b41-91882f179a73
Justin Harmon,280,956.80,46.43,1.286,4c8abee4-0270-4d98-b4ab-cff9969857fc
Bryce Thompson,235,955.63,59.57,1.178,cc61028a-3c21-4917-a6fe-607bb4085636
Au'Diese Toney,166,943.60,28.92,1.451,a127ee52-bbec-46b6-990c-93a2c3d57b87
Eric Dixon,382,899.94,50.00,1.218,11ec3e54-7b96-4e1f-856e-8933eb8de9c3
Asa Newell,149,897.47,30.20,1.426,eb38ea24-c68c-4f72-9a55-2e397b4f0124
Kessler Edwards,230,897.21,32.17,1.344,0dbaa8bb-491d-40b7-ad09-f4605dda699c
Jules Bernard,609,896.41,64.86,1.240,7c2fd9b6-9749-4ca1-8d58-b773ff9223dd
Malevy Leons,243,892.69,44.86,1.241,a6b91d1a-7a93-4bda-8562-d762d1f5ad47
Cameron McGriff,185,890.26,35.68,1.306,55ec130c-b918-4d9b-9fe5-9b79a5f370f2
E.J. Liddell,201,874.03,36.82,1.395,f76c835b-10f6-42aa-aafe-3c87b5be8866
Mo Bamba,174,853.09,20.11,1.398,ee761e41-d0d2-4a56-84cf-353e2ae5a961
Paul Zilinskas,176,837.49,13.07,1.374,fb3799f7-55e6-46cd-8dba-16e86ee83d37
Zeke Mayo,223,835.22,54.26,1.342,2aa9c687-ca9d-4478-a2c7-8f2797b308b2
Elijah Harkless,188,834.14,68.09,1.416,629588b6-9560-45b9-ae52-ff90c299fc4d
Chris Youngblood,264,821.96,38.64,1.205,35206de4-a3c1-415a-b596-126c0ab7b44a
Antonio Reeves,290,820.18,51.38,1.370,19004e0e-7982-4513-bdba-24e11e49d49d
AJ Hoggard,236,792.67,63.14,1.267,91fbbfa3-eabc-4c5d-b0d0-b2fc674c84bb
Chaz Lanier,237,739.63,42.62,1.204,3ff2c55c-8857-4cde-85eb-a42b87da7dcd
Bronny James,153,729.76,70.59,1.344,ec9d7a06-798b-45e0-8eae-a5bfdd92f0ba
Dink Pate,546,708.27,53.66,1.258,dc8f2d40-88ec-44ef-b6ef-09404a5d49cd
Buddy Boeheim,185,697.88,16.22,1.239,b19737e4-2806-4548-b14b-2062175fb05e
Tidjane Salaun,123,687.63,44.72,1.402,abc5b21b-f2eb-40cb-a9e6-6eb5abeafe60
Marcus Burk,159,683.49,20.75,1.361,017ced69-5d96-4160-b064-3a051a5c9efe
Alex Reese,343,683.31,16.91,1.312,1f6ef8b2-5d7a-4ca6-a9f2-cc8c06c032b8
MarJon Beauchamp,298,682.96,51.01,1.329,a17b838f-efcd-4d85-adab-39e05d579e13
Yang Hansen,154,675.70,42.86,1.429,c6156c46-4275-4470-bed6-6c382811ef91
Keshon Gilbert,357,665.24,82.35,1.236,10762d58-0a4c-416e-8e01-0af744c29286
Kaleb Johnson,101,656.67,42.57,1.376,51e2e08f-d07e-4dbd-a05f-bba8e5c69f96
Max Shulga,409,654.84,64.06,1.237,be819393-353e-4c46-b682-d2ee0d11e736
Brooks Barnhizer,163,652.98,63.80,1.220,6b9ff8ac-a24a-46b2-8a4a-4f4015c6b353
Liam McNeeley,192,639.36,55.21,1.393,ba22d012-f7ce-4a1a-873e-d6c3ccf7ae5a
Enrique Freeman,291,635.90,31.27,1.322,f838df3f-72c5-4cf1-a555-7182e3dccd13
LJ Figueroa,252,621.89,53.57,1.313,629382e8-fcc6-4974-b0a3-99fd67940f2d
Leaky Black,215,607.74,33.95,1.262,baf1b89d-5bf9-44d8-ae08-43b643b89914
Nolan Hickman,228,604.67,36.40,1.311,b8b01afe-00df-407e-b0ee-229eacce163c
Keshad Johnson,76,599.50,32.89,1.360,c5cb7e86-5c88-4bd2-bf14-22a65e7bd094
Nate Santos,233,582.99,28.33,1.442,5d98e4d9-9d4c-416e-896e-662ef6de036b
Emoni Bates,101,567.84,36.63,1.190,9f1d3f5e-1bf4-4a41-81f4-516081353643
Phillip Wheeler,275,563.55,36.36,1.377,3d20e735-543b-415b-835b-fa80295fa157
Makhi Mitchell,49,561.06,22.45,1.735,fec781d1-53e1-4e5e-baf1-7937603be356
Caleb Grill,221,560.96,4.52,1.293,bbae8544-616e-4d08-9a98-a20e5d47e694
Dalton Knecht,36,558.23,55.56,1.361,b8da7ce7-11b7-4a94-acd4-f309bf4b6333
Tomas Chapero,123,554.41,8.13,1.561,5909ae5b-81cc-4f42-adb1-912f0c19edfc
DaJuan Gordon,193,553.33,40.93,1.335,b7cd24eb-bd7e-4dcc-99a2-7236606d1541
Donovan Williams,354,547.45,52.82,1.230,12136b74-23d8-49b4-b4de-98a320969c76
Stephen Mitchell,90,547.37,40.00,1.364,1d1c157c-d6cd-492c-8ac1-aca3b6d6c04f
Jalen Slawson,328,527.80,43.60,1.266,ee32b868-f2aa-47fd-bc12-e2df467173a0
Kaden Anderson,64,526.04,43.75,1.603,d3403310-4ad2-4ea2-9072-623f9adefc8d
Branden Carlson,23,500.71,4.35,1.696,c401774b-397d-4c15-93a0-592eb4752dac
Pacome Dadiet,235,499.57,44.68,1.325,810fd8fe-5999-4962-9441-004f4a25fea2
Osayi Osifo,49,493.13,36.73,1.531,c1f25993-dd81-43fd-a710-d7b67b6bd974
Malaki Branham,68,489.28,64.71,1.364,13030bd6-e3d6-4e2a-9685-88300bc4ec5f
Cameron Smith,12,480.79,16.67,1.917,bd762247-fb20-496c-af57-0abcde142d02
Vance Jackson,20,471.19,25.00,1.650,2a70adf2-b7a5-4028-b567-a3b18585a709
Drew Timme,220,463.68,54.55,1.225,30998b89-18c0-4086-ae61-1830056bb1b7
Sy Chatman,57,461.56,14.04,1.571,ea9cdbe0-fa96-437f-99d0-f1c67185f3e7
CJ Fulton,21,460.29,14.29,1.524,e2d1008a-5cc8-4a4d-9f54-0bacfbd083be
Warith Alatishe,96,456.75,19.79,1.594,ef3f7448-40b8-4701-8feb-456aaa4d1c6e
Chucky Hepburn,145,452.81,66.90,1.294,4ac4a0ab-ea85-4870-8bd5-9670073a3df4
Bobi Klintman,202,451.75,31.68,1.254,61c18542-cf37-49c7-b486-337bb809d326
Luke Goode,157,447.74,12.74,1.167,4144db18-4210-42b8-af58-fd1dd83e87c6
Jaelen House,339,446.67,74.93,1.182,e14de0fe-50fa-4322-a5a2-55cb2137e6f2
Tyler Kolek,51,439.25,68.63,1.260,40faa5df-7ced-449d-bd12-300a2938370a
Dexter Dennis,443,436.35,39.73,1.268,b9d78738-9b74-4fdb-9c3f-bce9cb72377a
Max Klesmit,86,433.09,24.42,1.212,ce1fc58a-6a2f-40f5-a83b-c0acdcdf2e01
Quincy Olivari,167,411.61,52.69,1.247,cbbbce73-763b-4e1d-820b-1b8f62857eaa
Khaman Maluach,84,410.74,22.62,1.381,d4dcccfe-9470-4fef-bac2-e9f6aa1cfd32
Justin Edwards,68,410.59,55.88,1.388,c2b8cc6a-c87c-4dc5-bfea-c4630c2b6f3e
Craig Randall II,132,401.34,59.85,1.162,57c94d1b-101e-4b0a-afc5-d9716233e92d
T.J. Warren,65,401.15,33.85,1.313,ff401666-89ef-11e6-b554-a45e60e298d3
Taevion Kinsey,382,397.90,60.73,1.221,b17e9b18-8167-47ec-b96c-1a1c88208376
Steven Crowl,90,392.11,11.11,1.556,ee193c16-33d6-4aac-9688-7dde65cf6671
Trentyn Flowers,70,389.89,42.86,1.329,c917a1b8-8537-4dbe-91bb-c8e376d71ee4
Aaron Scott,146,386.10,10.27,1.368,800b6f8d-e4b2-40c8-9891-40fa3f84efc3
Sharife Cooper,129,381.46,72.87,1.273,2d470912-d9ac-4456-916c-372fc4c84cdc
Sean McDermott,324,380.56,23.77,1.242,b5d46463-618d-4328-a3ac-31239ed7af7e
Akoldah Gak,159,371.39,21.38,1.338,e6e552fd-83e6-4bb7-b80a-9b0bae80ad1c
Chandler Baker,18,371.20,0.00,1.889,db071247-1883-4852-b647-0b794ee7cdee
Paul Watson,168,368.48,38.10,1.313,1aae577a-f08a-437b-81ed-160d66e586b9
Jase Richardson,23,357.81,65.22,1.348,1cc4e557-6ed1-4db5-8816-1c00724e5554
Quincy Guerrier,114,351.39,36.84,1.333,e7a09800-4dd6-4745-8dc3-2bb848800f9e
John Butler Jr.,250,350.47,6.80,1.456,16110c22-e5e0-4925-94a9-959285132aeb
Myron Gardner,65,349.03,56.92,1.359,8de6d5bf-730c-4c48-8f00-7f9da72e979e
Jahmyl Telfort,428,348.63,45.56,1.192,f7cdd34f-d626-4902-b05a-e39f9ae32dd4
Alex Morales,319,341.82,42.95,1.328,21a9c7c7-f211-4710-9932-3ecfa2fd4256
Norchad Omier,309,334.37,28.16,1.379,15c34e0c-e636-4bd1-a7db-6435d201f8c6
Felipe Haase,306,331.54,16.67,1.151,a03683d7-864f-4a20-ba32-5a8d3263c1fa
Elijah Pemberton,7,329.62,28.57,2.429,0fd95fbb-b175-40e4-a6c7-4864b5678d6f
Hank Morgan,96,324.04,28.13,1.323,29d938d7-ce0a-4aba-9b2e-b17b2e8d8ee5
Kario Oquendo,15,310.42,33.33,1.267,1ea004d3-81c8-428e-920e-2fde02ccf379
Kam Jones,73,310.19,72.60,1.151,93ff04cb-5390-4709-a521-c7ce58713f31
Jaden Springer,279,305.75,62.01,1.245,8a1c8d1a-13c8-487e-b85e-6b10ecc1d39f
Javan Johnson,218,304.90,35.32,1.227,5bf3dc6a-f0bf-4146-9233-0714a95538e5
Wooga Poplar,58,304.83,63.79,1.466,b3aaee9c-4272-479b-9fdc-7b99458903ea
Jonathan Mogbo,166,303.52,45.78,1.398,12f2cb53-d3a1-4a42-b6ed-9238a8eab4f7
Matt Cross,114,303.10,18.42,1.456,8b71b1ce-93f8-4cf0-9099-64c91af44202
Alondes Williams,388,295.13,49.74,1.303,e555cb48-990b-4ef7-8464-59adc6adf34d
Cam Reddish,44,294.52,70.45,1.256,5cef3c95-c7c7-4206-b70c-41f647f9498b
Tre King,139,291.94,21.58,1.336,2928912b-dd61-4f60-aa20-a01d295e03d6
Andrew Carr,256,290.73,22.27,1.366,d2f39898-17d1-4d74-bfca-1719672b051a
Saint Thomas,266,289.86,47.37,1.303,9ac60fc8-a677-4c67-8b1a-92c61ac71eec
Vladislav Goldin,169,286.24,18.93,1.281,0d1efd50-8b55-402c-af4a-3400a0ecf19e
Jabri Abdur-Rahim,153,285.66,29.41,1.167,5ba18e46-b710-44bf-8369-1185adf0ce77
Josh Minott,21,277.92,23.81,1.667,3dafdc09-40d9-4934-b9c9-8be3bd3eb90a
Dereon Seabron,227,276.08,74.01,1.342,9cd83bc4-5c2c-4f4d-ba20-8fc69a4cfa8a
JD Davison,95,266.95,73.68,1.232,833b573b-1366-463c-92ea-56e7718c0dc6
Tyler Polley,125,265.92,22.40,1.323,e48e99e8-0b78-493c-9d6f-15b65e7869c6
Trey McGowens,126,265.52,80.16,1.183,a17cb8d2-4fe7-49a1-b4b9-e56f6316d694
Samson Johnson,120,258.42,16.67,1.558,68596e1c-c815-41b9-ae9b-a8179fee1f36
Tyson Degenhart,216,246.76,31.48,1.429,7ce310e3-5034-435f-85fd-9db70356ed75
Kevon Harris,73,240.42,56.16,1.431,8190d885-1fd0-4dad-99d7-2431cc018492
Will Riley,51,237.02,76.47,1.122,3fb6c927-c443-46a9-aecb-1105dfb05233
Julian Phillips,26,235.02,50.00,1.538,76ada8a1-6ec8-4915-b57e-fa234b1f2788
Taylor Hendricks,52,234.20,36.54,1.365,91ee33ca-2f8a-421c-8a4d-b0f98d5bc54c
Taylor Funk,254,225.75,19.69,1.243,951413b1-0a17-4edf-841a-5ca7b9a2c275
Jamison Battle,16,225.48,18.75,1.750,74f1f473-4fc6-4175-bf32-f1f99de73ef8
Javon Small,28,219.99,89.29,1.464,6b98a36d-b1bc-4b68-bd5b-0671580d44c4
Steve Settle III,202,217.82,31.68,1.284,f52af8fd-29ee-4aa7-9c70-e211a5d73a12
Colin Castleton,138,215.50,34.06,1.394,cb160212-66c3-46cf-8728-c0d6612456f8
Symir Torrence,52,214.26,51.92,1.250,6779419d-662d-4a38-b2ea-cb8e012eed8f
Jacob Toppin,40,210.14,35.00,1.475,9e0abf37-2963-4f62-b8f7-104fefa58273
Danny Wolf,81,204.93,41.98,1.218,0b1b2334-050a-4f4e-bae7-3865147c950f
Jamarion Sharp,98,200.48,4.08,1.663,02b5523f-9555-42f2-b2a7-3ba79ce5e959
Elijah Cain,21,195.49,42.86,1.429,2ce0583b-9426-44be-820b-de29934964ee
Jahlil White,40,193.08,45.00,1.425,e21b31ea-a8e5-41ad-89b1-72a56bdf59e1
Terrence Shannon Jr.,21,192.89,76.19,1.500,94d35dd4-a4fe-47ae-a856-cd0d5b1193a9
Ja'Vier Francis,131,190.85,33.59,1.438,426de6ba-834c-455a-8c94-9656ad089275
Keion Brooks Jr.,428,190.01,43.22,1.233,088649fd-bea2-4353-a931-850c918b0337
Yuri Collins,102,188.33,64.71,1.118,7a58adf5-73d4-4f5e-b042-6ab0d8862313
Marcus Sasser,16,186.23,75.00,1.400,5fc1833e-3993-49a8-8970-87ad09b61dff
Zach Hicks,29,185.29,6.90,1.276,8e62f792-31da-4509-a4a8-d0bd4144b94a
Reynan dos Santos,116,181.77,49.14,1.272,e3cdc093-14ad-4686-ade9-7fc70c5a5a88
Dwight Murray, Jr.,245,177.25,71.02,1.231,7880b823-77c5-4925-a287-1af2424a923b
Ricky Council IV,67,174.85,38.81,1.308,9027d4b5-4d3d-4ee2-98cd-3d105aa7044b
Zhuric Phelps,152,173.78,73.03,1.184,cbddda95-fa69-4ae6-b6b0-247f5c669b7f
Pedro Bradshaw,48,172.61,22.92,1.340,881e8c41-f4cb-44fa-9caa-782d1e294daf
Ryan Nembhard,101,164.66,89.11,1.163,f43050bf-10e7-4919-95a0-272b4c616687
Trey Townsend,76,156.71,42.11,1.171,32735ab8-9eea-40c1-93be-395428840de8
Matt Allocco,97,154.83,39.18,1.196,1542fce4-02f8-434c-8e0b-c655313fea33
Keylan Boone,3,152.88,33.33,2.000,57039dfd-7492-49c5-b3c3-30c8422fda2d
Jazian Gortman,86,152.31,93.02,1.119,dd6ea48a-5adc-4411-bead-f2cf2861a9ce
Chase Jeter,66,147.79,25.76,1.308,ea3ac175-ec80-45da-aa31-7c38b04c7657
Ebenezer Dowuona,21,147.22,23.81,1.476,d435507a-b78e-4251-8feb-ad8c5d01dcb1
Damion Baugh,481,146.52,70.69,1.194,bcde43ef-a7dd-4d4d-9d7e-a0585052e0b9
Jamal Cain,68,138.88,41.18,1.471,f42a8b63-1ab4-447f-b74f-be293fc58e99
Chris Manon,240,136.31,43.75,1.251,5dde0a80-753d-41a6-9ffa-6193317a3a17
KJ Simpson,209,133.25,74.16,1.206,1287087b-e6ba-41f9-b2b5-a3d2d1c8d682
Matthew Moncrieffe,41,128.28,34.15,1.244,3d0d89b4-df1e-43a9-9870-4329d5e8161c
Marquis Barnett,17,126.65,41.18,1.353,7edec21a-68b6-453a-b51f-2e3827a52d7d
Ibou Badji,46,124.40,15.22,1.609,9e3a3a92-a664-48f7-97d2-0f8f27735dbd
Ray Williams, Jr.,5,122.78,100.00,1.200,5b0bdabe-6c41-4fef-bcc7-518987c7451a
Augustas Marciulionis,149,121.99,76.51,1.255,89ff2dfc-818b-4d2a-beba-efe0422f6d4c
Dalen Terry,26,121.42,65.38,1.346,8fc64d15-1d47-47e1-bb04-d03f75dccc5a
Jeremiah Robinson-Earl,227,118.95,33.04,1.200,1a9ac6bd-8b02-4fe8-8096-c435a2a90100
Adam Flagler,159,113.73,72.96,1.161,60b1ff6f-7e65-4d93-8b0b-fe76747cb0db
Jaire Grayer,3,112.95,33.33,1.667,c641880b-c90c-465e-8564-f6a741fae84b
Riley Grigsby,52,111.68,9.62,1.412,5b7fafbf-2163-4b93-a29d-fc83e9946914
Isaiah Stevens,330,102.30,75.15,1.140,27b14c86-8f8d-4cd8-a8ec-bb051cd871bc
Garrison Brooks,92,98.21,31.52,1.174,146c7c56-b7ad-4925-8a9e-93d2c5db55bc
Tyrese Proctor,14,93.17,64.29,1.429,27207fcd-251c-4d7b-8d11-48823d8dab1b
N'Faly Dante,3,90.64,66.67,2.000,d6eaf02a-27a0-4e40-8641-632e8d39f965
Micah Potter,110,89.98,24.55,1.296,1e89c60d-b20e-4499-aba4-b13dba295a52
Jamal Mashburn, Jr.,90,85.91,70.00,1.182,e2dcfe4a-9e16-4ab8-8eee-e15ca0db6eb5
Isaiah Roby,264,83.71,34.85,1.341,19602b62-cfbe-4d35-81f5-bc244327960e
Adou Thiero,60,83.50,53.33,1.276,9b945fc0-d3bb-405d-bf43-95c6e7d7e87b
Cameron Martin,34,76.97,20.59,1.029,99e062a8-b28c-47b0-9682-92a5d2461cd1
Jaxson Robinson,241,71.79,20.75,1.321,e7e970a3-7025-4ccc-b0f7-271f94238ee5
Jaden Seymour,6,69.43,33.33,1.167,667eabca-780b-45aa-8d74-a3418e732e81
Cheikh Mbacke Diong,9,67.54,33.33,1.500,7efefdc5-c8ee-4221-ac12-a35549517aa2
Miller Kopp,181,66.69,20.99,1.180,817c559a-6812-42ce-8373-1e8132f3b917
Tommy Bruner,18,65.03,38.89,1.333,9819211d-c92e-4802-8be4-018f1efe7932
Jason Preston,136,64.42,69.12,1.182,b609ade3-6177-4d12-8f4d-e717beb97f97
Walter Clayton Jr.,26,57.69,80.77,1.120,ae81ff91-c142-4a68-b826-4ae75af6a94f
Philip Alston,16,55.88,31.25,1.063,f05622f9-9133-4b26-8fce-07c056dbcf6c
Jordan Bell,26,52.67,76.92,1.500,07a35d50-2dd1-4476-a9ac-b6e7154ce069
Ariel Hukporti,62,48.42,19.35,1.328,91a10e2e-9784-440d-b0a4-83a8db044c1d
Jamiya Neal,6,47.81,50.00,1.400,bd101cdc-8e04-424a-8c61-034c93ff6be7
Caleb Mills,2,45.35,100.00,1.000,05febea3-f49a-42f6-8214-9cdb36006544
Manny Obaseki,188,44.72,81.38,1.022,e4cdd91f-718d-4c35-95d1-b3aa28ef79b5
William Hickey,5,42.36,80.00,1.200,5673cf85-4703-43f8-b541-dd3923d4c42b
Leonard Miller,3,42.24,66.67,1.000,0eaefaeb-b40c-4fc7-9086-902dc1ab2254
Tyler Smith,224,42.13,15.63,1.276,b701694c-6da2-49de-b9a7-ae092466ce67
Hason Ward,226,40.08,34.96,1.204,99828648-af70-4757-ac4f-8f3e6c8364f5
T.J. Weeks,10,38.87,20.00,1.100,7d91ff01-e290-4fe8-955f-093a15c1d3b5
Isaiah Moore,2,33.59,100.00,1.000,ffd1ae3a-bd10-436e-a214-71a0761663e4
JP Pegues,5,27.79,60.00,1.400,dbabc9d0-e8c8-4399-92a9-047c7ffb580f
Jae'Sean Tate,11,25.28,72.73,1.273,80383c81-b671-4a11-b003-ae08fba34eb8
David Jones Garcia,249,24.02,82.73,1.150,8207e744-783c-4fac-8d78-52acb829f00c
Noah Penda,21,15.77,57.14,1.048,8257785f-b06f-4feb-a7c3-c58c4fbf99d7
Joey Calcaterra,7,11.13,14.29,1.000,f07958e4-943d-41bd-add3-e75692af9566
Carter Bryant,10,10.97,40.00,1.300,18dc7187-8fc5-47bf-9779-e7a7694c498c
Viktor Lakhin,172,6.46,22.67,1.243,386162d7-b5e6-4aca-9174-cfba1382d491
Alejandro Vasquez,7,5.93,14.29,1.857,146e6f60-9f61-4669-902f-1f985d239c46
Alex Toohey,13,4.36,53.85,1.154,ac601971-3fa2-4aff-940d-0f5fa3745d0c
Jarkel Joiner,353,0.61,68.84,1.177,994212e5-17be-4696-bd46-0efcd68787bc
Vernon Carey Jr.,30,-2.95,20.00,1.367,9dc84f16-116c-451e-a191-b54f210fecbe
Mohamed Diawara,12,-3.68,25.00,1.500,cb172f69-5e77-4552-a43b-b2993cb7f689
Trevon Duval,5,-8.17,60.00,0.800,94ca1f88-1f26-4d28-aeba-c686a5dde5e2
Nana Appiah,1,-9.89,100.00,0.000,7ad88c05-18d7-492e-9c41-30b2f77e3266
Kalil Thomas,24,-12.10,8.33,1.091,1e30df52-91e3-4394-8265-d813a892b8c7
Donte Ingram,178,-12.56,30.34,1.351,1034b6f9-7fc5-4f5f-94fa-2ab920658dd3
Maxime Raynaud,11,-20.05,36.36,1.273,31a1e47b-7784-4021-b7f2-31e4ef972892
Nique Clifford,9,-28.21,44.44,1.222,329049aa-89c8-439b-a0c3-dc93d3609931
Anthony Pritchard,263,-28.36,78.33,1.284,58d7789a-e4bc-46cd-91d5-01526491d417
Christian Shumate,209,-32.32,49.76,1.351,40ebb929-1947-4008-9cdc-046aa3a4bd87
Trayce Jackson-Davis,18,-35.39,61.11,1.333,1991b894-8a5e-4744-a72d-9bd7cb7663c3
Terrell Brown Jr.,380,-36.59,73.68,1.254,0784aa6d-2f58-4e8f-8fd0-d3cb2fd08ff8
Kadary Richmond,233,-41.32,66.09,1.216,5f0c2302-aaca-4ac1-b70f-f25abbe14186
Cody Williams,37,-41.60,56.76,1.027,8b49e58d-df58-4e21-b984-2bda3ce246e6
Omer Yurtseven,29,-42.30,20.69,1.393,6811ad75-3527-4bfc-b0bc-8fd46ec62535
Garrett Denbow,52,-44.45,13.46,1.294,13631116-cd60-4bc0-9a41-6fed5d44b41c
Jameer Nelson Jr.,228,-47.13,69.30,1.284,55218f5a-96d0-455d-953e-1af096389bc1
Matt Becht,1,-47.26,0.00,0.000,37e8858f-5f40-4a44-8f60-2f6e2316aae8
Cameron Tyson,28,-48.98,32.14,1.107,18ede5d3-f2de-4f9f-a9c3-ffe37ac43566
Gabe Madsen,249,-49.58,16.47,1.235,7e84815b-7663-437b-8751-28d60ef2c65b
P.J. Hayes,1,-50.72,0.00,0.000,659ecb80-2665-4645-b890-ef69b738b5e3
Ahmad Caver,258,-50.98,67.05,1.225,b37bbd3b-102d-42c2-9bfe-7874d64e9068
Oscar Tshiebwe,111,-53.57,32.43,1.324,9234048a-d7a7-4f77-8d48-3b95b6365ae0
Jackson Rowe,39,-54.52,43.59,1.162,87777cd1-2099-4edd-8256-f29343fa0fd4
Davonte Gaines,4,-56.10,25.00,1.000,6e74a308-26d0-4ebb-b5f2-5a0dbe334f86
Ibrahima Diallo,51,-57.82,25.49,1.392,505bb488-33f9-485b-9cce-e0533d462cf1
James Reese,9,-65.23,11.11,1.556,26f760b4-f286-403c-ae5b-8c4a2f2810ff
Omar El-Sheikh,45,-66.62,20.00,1.267,bdfadf82-2b4c-44e8-ae46-a6e3c9957744
Johni Broome,346,-68.89,41.62,1.229,12c34cc3-1005-4454-bcfa-a5332744fd4c
Tyrese Samuel,146,-69.34,30.14,1.497,f4159312-f59d-46f6-a72d-afb990d1e80a
Mason Madsen,17,-70.81,47.06,1.000,d745163f-0ba1-4894-9467-cb7553e99081
Kobe Johnson,229,-74.28,34.93,1.299,9f123592-d747-4a41-b903-ad6bcb6ac751
Kenan Blackshear,2,-77.97,100.00,0.000,31c6650d-c76d-497a-a605-e6ab1a822212
Isaiah Hawthorne,85,-80.65,28.24,1.232,e186218b-ea58-4542-af85-ac121949c255
Ileri Ayo-Faleye,2,-80.73,0.00,0.000,8419ad0c-1d1b-41ad-a04b-4d8bd3aff0a0
Devon Higgs,21,-90.18,42.86,1.333,72b7a0bc-f1b6-4996-89e8-8c6535bd71c0
Quenton Jackson,21,-94.65,76.19,1.000,2916816a-1e08-43ef-953d-a81bfe3503ee
Josue Erazo,2,-97.53,0.00,0.000,68813475-aec9-4124-948e-507895e853c7
M.J. Iraldi,168,-99.94,54.76,1.192,bc70e8c9-c8ff-44fc-b539-10f863d5efec
Isaiah Todd,7,-100.73,0.00,0.857,1dbb419d-3008-45c5-aade-fb964248499e
Brandon Slater,77,-102.75,31.17,1.368,eb81af0f-e8c9-4a55-a018-bb56cbc130ff
Pierre Crockrell II,82,-113.81,78.05,1.195,1a254905-e1db-43b8-9f5c-b1bf4e663150
Rayan Rupert,21,-120.35,66.67,1.048,f99ade9a-ec49-4d41-b7f8-7e1b16c9ed79
Lance Terry,31,-131.62,38.71,1.400,2c5a45b8-029d-4556-9186-221becde7ae7
Markelle Fultz,48,-132.00,79.17,1.104,1114f266-df53-4313-b425-0021dd87864b
Robert Woodard II,4,-134.94,50.00,0.000,9bedc1b4-449c-42cb-b9a2-9b0cd3596329
Jaden Bediako,3,-135.98,33.33,0.000,d22cb3b8-91ce-4a2a-bae7-a358a426a9af
Dwayne Cohill,4,-136.64,75.00,0.500,28c78fcb-5cfa-4d69-bf2f-416eef831e04
Caleb Stone-Carrawell,34,-137.32,26.47,1.147,c0ac23b6-44cc-4fe7-8a81-560c7fc1003d
Cam Young,40,-139.33,30.00,1.075,f61521e8-e7f3-4526-a0fa-efedc3c820ca
Hayden Gray,328,-145.48,61.89,1.178,e901ec95-f7cf-40c9-af32-8dabb981b3cd
Fousseyni Drame,4,-147.21,25.00,0.667,0870aa3a-22ad-4cf6-8f45-cbe6ca3f7e75
Drake Powell,35,-148.46,60.00,1.086,ed72fbc9-1066-46d8-872e-9a437c4e536e
Justin Jackson,67,-150.60,10.45,1.328,0867f70d-4848-4664-82fb-db397233e78f
Terry Taylor,43,-157.22,44.19,1.047,0852ab90-243b-4951-bfb0-c536f151cba5
Adem Bona,6,-167.46,33.33,1.000,df125bae-eba5-488c-b948-9767e7090d40
John Ukomadu,277,-173.47,28.16,1.212,b4f22d30-f720-4880-9fc3-a7a1f5679086
Nathan Missia-Dio,12,-175.39,8.33,0.917,ef69e667-2cb2-4590-bb9e-561480e2abeb
Stanley Umude,462,-178.64,31.82,1.242,73712bb9-3143-4176-8eb3-cef6d45e9f92
Marcus Bagley,33,-179.77,15.15,1.219,a39bf7f9-11fd-434e-9673-4a184061ad7d
Jordan Forbes,4,-181.23,75.00,0.750,d03f53e6-1f95-47b7-a843-dab2a10456f0
Joan Beringer,61,-182.85,26.23,1.475,325d465a-ead8-4773-875c-a3fd83d18f23
Tyrese Hunter,87,-187.29,65.52,1.299,4f89702e-6e19-48ef-9be1-8da8a0837a2f
Lacey James,58,-187.60,25.86,1.069,04c6579b-6a42-4b88-944b-6cc896241e84
Tony Carr,4,-187.70,75.00,0.750,4eb5e112-86bc-45b5-a081-deb3f3aa0b67
Lahat Thioune,44,-189.10,27.27,1.091,81875c9a-a727-4662-bd59-5ce020b80d6a
Jonas Aidoo,71,-191.51,16.90,1.225,18e9a256-6619-4a10-a5dd-2c89bb7cfb0a
O'Mar Stanley,51,-192.83,35.29,1.078,c35585ea-5c0e-4c72-bd00-07eceb71ee47
Colby Jones,94,-193.62,57.45,1.181,80ea0675-30db-4ebf-b37f-eb50552e8d0e
Trey Jemison III,122,-194.33,43.44,1.254,48e06536-9d6f-4027-9d17-ec477a9ae3a2
Vinicius Da Silva,9,-195.65,11.11,0.667,63049d09-0880-48ee-af08-c8f25b874237
Kyle Rose,123,-200.48,42.28,1.213,c7fe17cb-17b0-4fe5-bfde-60cdce624f03
Jeremiah Tilmon,71,-205.12,18.31,1.229,285400dc-29c2-4d6a-83a0-5b87049c14f0
Josh Cohen,6,-205.98,50.00,0.667,e74d5547-334a-49c7-b5e5-a33913f3596c
Michael Caicedo,8,-206.73,25.00,0.750,315d7d14-0a97-43d5-bbf8-4b59a0938e21
Cody Martin,128,-207.34,60.16,1.135,0000b397-3cf4-4dd4-a910-000000000131
Efe Abogidi,303,-210.46,7.26,1.457,2a962d8e-05d1-4d9c-ae45-e128f2ae9c81
Chase Hunter,211,-210.54,52.61,1.267,50fd1b80-b17c-4168-9cd8-b67adeef9040
Jaden Akins,517,-212.76,76.60,1.173,e6acbf72-2032-4b3f-9672-62f8052c1873
Jace Carter,4,-223.64,0.00,0.000,d6029d99-f377-4558-8061-e383e37d162d
Kira Lewis Jr.,297,-225.04,51.85,1.172,ce287780-67de-44fa-86c2-d87dec5a1e28
Charlie Brown Jr.,390,-226.67,42.56,1.134,dfa6209b-514d-438b-9c4c-bd6f1ff85613
Onno Steger,11,-228.95,45.45,0.909,f033b782-7e16-4a10-b000-aff290ea4400
Kobe Brown,18,-234.62,44.44,1.056,751e59b1-45ae-45f0-bc03-01f6c87520a5
Christian Koloko,18,-236.16,11.11,1.056,efbab460-ac97-49e1-aa9f-6e7da27ab2df
Jay Scrubb,46,-236.76,50.00,1.023,8488ec31-e9a6-4535-a007-3b6fb6c5f1bd
Eric Ayala,14,-244.07,7.14,0.786,0ed3aa02-c44c-4b25-a16c-d448d88b92ea
Rasheer Fleming,73,-244.49,24.66,1.282,4639f41a-c88b-4cf0-91c2-c36d9d4c1e5c
Ray Harrison,20,-244.66,40.00,1.050,57be9a58-9fec-4727-b978-d75c7e33e914
Micah Parrish,59,-248.36,44.07,1.069,a233b4d2-746c-48be-9d0d-ce655385c605
Isaih Moore,174,-249.14,8.62,1.422,ea2cbcac-0b28-454f-a3f7-a30bb1d6fbb1
Blaise Threatt,19,-250.54,89.47,0.684,7bf581f6-845d-4d34-9460-f09f129eb841
Caleb McConnell,148,-263.58,43.24,1.199,9ea29be6-8741-4b28-9a3f-b73d1919c900
JaQuori McLaughlin,194,-270.88,61.34,1.140,a05930e9-6846-4c42-b5d6-f859b92d97fd
Ace Baldwin,21,-271.61,52.38,1.190,6ab19369-4aa1-4aa6-8274-b595ac8902be
Moussa Cisse,60,-282.03,25.00,1.583,b4769ff6-6ae9-446a-a262-0b849da72338
Trhae Mitchell,158,-302.65,15.82,1.325,d98ecec8-9937-426e-ba9a-e019ec88d94f
Kevin McCullar Jr.,160,-305.17,55.63,1.206,1ebb0958-b242-4b10-a0cb-cc3182f35814
Jamir Watkins,70,-305.33,32.86,1.087,84ba6ce6-9c37-4225-8f84-14a5cbacea65
Elfrid Payton,133,-308.62,72.18,1.212,ff4126dc-89ef-11e6-a96d-a45e60e298d3
Nick Jourdain,206,-309.30,24.76,1.360,1faa4121-7c60-4b48-91c7-217d64555324
Cam Christie,17,-310.86,47.06,0.875,8a68ba44-d87b-41c9-94f3-c94e88cb37a0
Kasparas Jakucionis,71,-317.59,64.79,1.129,f4881a74-343b-4005-b701-3f53c512aba6
Kennedy Chandler,444,-318.66,68.47,1.218,90cef14e-ebcc-4a00-94e1-b06d8ca04701
John Knight III,215,-321.11,50.23,1.311,534e334e-2adb-4b8c-9614-8552f0dc5f6d
Noa Essengue,43,-321.24,34.88,1.233,fe09888e-ef47-4152-a457-e6f4e04aee54
Jacksen Moni,241,-321.39,21.16,1.277,b16076ab-b7f1-4f61-b1ce-87471a1be027
Eli John Ndiaye,46,-324.23,17.39,1.091,541d7cbf-04ae-40eb-9401-fc9f1fffdcf2
Geronimo Rubio De La Rosa,38,-330.11,39.47,1.143,5bc79052-06fe-4165-bc0d-7121fc331302
Dawson Garcia,62,-331.83,45.16,1.049,4aa2ea37-df6a-43f3-9838-5bb4d2e13186
Basheer Jihad,245,-333.71,32.65,1.382,bd9b1fa0-957f-4365-8af3-a545d525965b
Olivier-Maxence Prosper,20,-338.22,75.00,0.850,28df8a9e-306a-47ee-bb0e-55b9ea87d542
Issac McBride,36,-339.04,58.33,1.029,e98d2d7d-61a8-42e6-9c79-f1c3d6667ec9
Charles Bediako,38,-341.23,23.68,1.297,40e03646-000c-4ccf-a366-50f9477583e5
Adama Bal,158,-343.03,37.34,1.268,3559f9a3-9132-409e-a701-a4c5757cb325
Kameron Warrens,178,-344.43,45.51,1.206,14a1175f-1e82-4a12-9edf-f9445dc58270
Ray Spalding,17,-344.95,23.53,0.938,ef25a4fc-8a16-4dd9-a1fa-e236cd842a32
Derek Ogbeide,154,-347.08,28.57,1.281,4f5b0cc7-0740-4ebb-8b37-c464b1f421f3
Jared McCain,29,-347.74,82.76,0.724,eb79ea6c-b337-448d-ac33-7e92219822ef
Josiah Allick,79,-351.01,18.99,1.304,46de8a99-497a-49cd-a9ec-347e787439e3
Tylor Perry,15,-351.87,33.33,0.800,0b9ca9bc-f567-4768-9cc5-5e42d6fc8dce
Evan Gilyard,269,-354.43,71.75,1.128,0f656aa8-c62c-4fad-ad9f-3442cdc15e50
Keon Johnson,150,-354.89,72.67,1.224,7cfacef2-8c7b-41e7-9df3-4a570a6de468
Deivon Smith,171,-358.04,73.10,1.206,9ffb6f28-8fa0-4650-bd30-47f8aa7235a2
Obadiah Noel,26,-365.10,65.38,0.846,ae301693-1228-4496-9f09-3dede6e84191
AJ Johnson,154,-368.15,72.73,1.082,2b0ac9c2-0fa5-4ee6-9881-03b737e11dc3
Giddy Potts,58,-374.57,34.48,1.175,7ac29d25-418d-4bf3-b302-cda0f4aa7cae
Cam Carter,158,-376.20,62.66,1.205,a183c842-9603-4691-9abd-612235152ad2
GG Jackson,95,-385.97,67.37,1.253,de22ebf7-4f76-48b4-805b-b5f87858922f
James Akinjo,352,-387.27,86.36,1.124,889010b1-1e41-4488-97c5-030be0d70083
Esteban Ezequiel Roacho Amador,22,-391.53,31.82,1.095,2d23e4fc-8b5f-4131-af0f-83b0ae3a2c69
Dylan Cardwell,83,-392.17,18.07,1.337,fb79aa4f-8468-454c-80db-1768d95b4e42
Yanic Konan Niederhauser,61,-392.34,16.39,1.311,c4c0b9a3-5f7e-4611-977b-e0d73c08a29c
Derrin Boyd,33,-419.46,27.27,0.906,6dfc6fb5-d921-403b-b590-c1c4c3e900a9
Michael O'Connell,88,-427.86,57.95,1.159,e4133038-cf2f-4227-a6d5-566eb968a245
Nathan Mariano,37,-432.94,16.22,0.861,6e090c81-2a42-43d1-9e4e-bd5a04f09b10
Jamal Bieniemy,35,-433.44,42.86,0.971,5659992f-2487-47ce-83f7-baedce2a090e
Jonathan Pierre,132,-442.11,25.00,1.132,94306db4-8243-44b3-9f3e-eb1dd9e258b7
MJ Walker,207,-455.89,43.48,1.162,2733a0f6-5816-47e9-9972-a4f253f15038
Javon Freeman-Liberty,48,-460.10,35.42,1.304,a28cdf29-f659-4646-b964-87ec3c295ae4
Coleman Hawkins,219,-462.72,43.84,1.190,769be316-e69b-4438-a859-7fbbad08accf
Lawson Lovering,102,-466.00,18.63,1.382,ee296dd9-8d26-420c-9aa1-271f6b6a2222
Yuki Kawamura,139,-469.96,87.05,1.139,3d921f8a-1119-4e42-be46-c22ae84d5f58
Feron Hunt,25,-471.59,68.00,0.880,5210db69-14a3-4c9b-ad2a-62c349f4ac65
Nojel Eastern,113,-489.25,35.40,1.191,b2251f82-7770-4e0b-994d-c33ff4a1b39d
Brian Taylor,49,-501.98,44.90,1.163,ef62751a-0816-46fa-9160-054ef9ec64e4
Trae Hannibal,19,-512.96,63.16,0.579,636fef85-a117-4abd-96b9-a45df0f16b53
Anton Watson,299,-530.53,23.41,1.315,8cb4b74b-84e9-40e3-9a3a-a7dd7be9767b
Grant Nelson,119,-541.04,31.09,1.359,c4012fed-7c3d-4171-a8c7-3432c061c9d7
Lucas Williamson,217,-542.44,21.66,1.179,f0ae386a-6794-4f37-b447-84822aa60c4b
Martez Brown,84,-542.95,20.24,1.345,15a40435-a0cb-41f5-8680-120339364fa1
Kylor Kelley,123,-543.78,4.07,1.455,08d8e7a7-6e98-43fb-808a-803728ffe738
Ben Coupet Jr.,105,-544.38,41.90,1.097,8c1d8070-eb6a-44ee-bc37-0a07ad5267fb
Trey Galloway,217,-545.49,54.38,1.198,8303a10f-1748-43ee-9c4c-59abdffdaf87
Jack Gohlke,41,-545.81,12.20,1.000,20e6b7dc-2172-4ce5-a2c7-f61c3c89d703
KJ Jones II,98,-549.39,34.69,1.219,b34e01c3-fde9-402e-a381-1abc45ea21fb
Kellen Tynes,31,-562.31,77.42,0.800,83a05254-611e-4587-a927-613bde48b6ba
Seth Maxwell,53,-562.45,5.66,1.212,12d95e3f-d714-4300-978c-245c9d0f302c
DeJon Jarreau,276,-587.72,79.35,1.166,3cd02b89-3d2f-46ff-b392-29215f6825b4
Kendall Munson,148,-598.54,32.43,1.200,11a2c3b6-617d-4889-ac4c-dc3821c6375a
Drew Cisse,65,-605.48,13.85,1.476,4943e7dd-a830-4c29-bd39-a8b168bf00b9
Jean-Jacques Boissy,30,-607.15,63.33,0.633,3cd15c37-c35d-4061-82f8-728bfefd34c9
Jordan Minor,89,-618.73,26.97,1.250,ec389395-e86e-494f-ae34-b2b08a74437b
Erik Reynolds II,183,-624.95,38.25,1.192,f3572151-dba9-4dc4-a48a-792e17a3180b
Tosan Evbuomwan,280,-627.61,55.36,1.199,3836af33-7171-4f6b-b4e3-7dc129d8efa6
Rahsool Diggins,63,-639.71,55.56,1.129,6404e275-f55f-42e5-8d36-cddd1661c335
Devin Carter,74,-643.57,60.81,1.153,8a8e683b-3939-4208-b55c-bc9cefe13a54
James Banks III,81,-644.09,19.75,1.296,f4a998d1-4507-43b9-91e3-832dde032d54
Hunter Sallis,267,-645.76,59.18,1.244,6d6c60fb-827b-4b00-9033-8fb8a4fb0f32
Alex Fudge,130,-648.99,29.23,1.233,1f5a0d41-0c51-4353-9d7a-503196852e33
David Muoka,114,-655.23,24.56,1.333,c5a7468d-b9c2-4814-a823-b9bf4a58358f
Gabe Levin,106,-655.92,12.26,1.400,154a9e91-a046-4e1d-bd25-0fdf6dc87f45
Taelon Peter,157,-676.14,24.84,1.232,c870f7e6-686b-40b6-859c-ced3b397cbd8
Sheldon Edwards,318,-696.74,31.76,1.153,8d385c74-6c2b-4704-ad41-8e5519b11012
D.J. Carton,300,-698.20,61.67,1.282,b902fc9f-4b1a-417f-8af7-bfa5c66c95a3
Desmond Cambridge,149,-700.12,32.21,1.212,5f4ae0bb-b9a5-4c83-8441-1e627500c265
Cameron Brown,129,-702.45,43.41,1.264,c2df5312-12de-4f83-9d1a-3f3c2ab6148f
Aminu Mohammed,98,-708.95,40.82,1.258,6abaacf2-5a3c-4c72-b19c-2a645dd84022
Daniel Batcho,52,-724.10,7.69,1.137,72e13ad0-9840-41e7-b88f-ab295ef762fb
Steven Richardson,61,-730.77,32.79,1.000,1baa93ad-ae20-4faf-b428-11c4aac33778
Jarron Cumberland,156,-737.47,39.10,1.230,46d86ca8-8056-40c4-8024-2ba83293aa17
Johnell Davis,106,-771.93,32.08,1.068,7ddd09bd-a98c-468f-ac39-239c33fe8d79
Stefan Todorovic,165,-776.46,33.33,1.137,a0dbe31a-75c6-4777-a920-d506c5633bdf
Jaykwon Walton,48,-780.82,29.17,0.957,59731b4a-481f-4699-a3fe-f39676cc079b
Liam Robbins,145,-787.19,13.79,1.160,831eb28e-7713-4fbe-bf6b-dd0e1e20b1f5
Kalib Boone,57,-803.25,10.53,1.246,57657681-6e1c-4701-8298-93f30846effc
Dajuan Harris,55,-810.37,36.36,1.182,51b4a0a5-880c-48d7-a342-2b25ec6cc206
D'Andre Davis,122,-820.83,36.07,1.008,93c1ccb9-a43d-42a7-a037-b8d2057acc02
Trevon Scott,326,-829.49,19.33,1.238,fc067294-4b2b-42aa-bea6-88cda36ce6d2
Jermaine Couisnard,30,-842.96,26.67,0.667,395250e2-3fc7-41ec-b3e5-be2b920a6458
Kobe Stewart,151,-846.77,31.13,1.020,9c8748fc-6d1c-4911-99a0-94e1cf486b48
Malik Williams,453,-858.64,19.65,1.183,91d9d39e-7ed1-4320-80fc-4d487e79b1fa
Nate Williams,353,-870.75,42.21,1.210,3ab12c09-2aae-4bc0-a45e-0132e6751116
Reece Beekman,280,-883.31,73.57,1.178,a419b920-f119-41d8-af53-47d3b49ea811
Keyshawn Bryant,111,-884.18,32.43,1.027,8bfb0e3f-2c04-4dd5-ab0d-c7bf453b1ed5
Caleb Houstan,318,-890.75,24.84,1.210,0ac0ed6b-ebe7-4dcb-b924-c14e31262efc
Bez Mbeng,121,-917.31,36.36,1.092,117522bd-3f51-4ef9-99ae-8cf060df132b
DaRon Holmes II,257,-921.48,34.63,1.295,33ee598f-dbec-467d-982c-9722af3b3261
Mouhamadou Gueye,310,-942.85,34.19,1.298,cc3ddd0b-2be3-4043-a3e9-7ae15f6e1ab0
Kendall Brown,326,-947.33,44.48,1.184,84863ea4-7e22-4827-9c1e-091a16291b37
Nate Hinton,256,-968.33,34.38,1.155,2827a99a-9a36-4b8d-8ca8-e77e9771b69c
Ben Saraf,200,-970.54,72.50,1.134,f92bdf23-732f-412f-9b84-9c088cd9474b
Nikola Djurisic,122,-985.62,64.75,1.025,0e381936-04ed-49fd-87b0-400686b3e145
Ryan Woolridge,125,-988.90,64.00,1.024,a4f5f591-7988-4761-b96d-5efb627bd420
Luke Travers,164,-1019.10,41.46,1.194,ef24e628-6674-47d2-8fea-a8ceb61e0fb6
Dariq Whitehead,273,-1025.50,34.80,1.113,9f8b2ee3-8cc5-4a92-aeb9-c8c52d6e37a2
Andersson Garcia,165,-1035.63,26.67,1.302,9b93509f-b8d1-4066-ba4c-6338fed2a84f
Igor Milicic, Jr.,153,-1078.95,22.22,1.167,96e51137-1852-4b4b-8809-7d07d81b22a8
Ethan Taylor,40,-1088.95,25.00,0.725,b4569bbc-b31d-4504-a59a-fe40691d1d00
Caleb Love,180,-1121.56,77.22,1.185,163d0a85-fc13-4c76-8e98-93aae28417d2
Zach Freemantle,381,-1159.63,24.67,1.105,aaa72835-bf87-4903-8432-953c82e91876
Johnny Davis,218,-1163.40,51.38,1.089,bd507dbb-cb87-4e45-ad2e-1990df07ac20
Justyn Hamilton,155,-1164.73,29.68,1.006,7be325aa-4951-4bc9-948d-d4177d4cbb1c
Franco Miller, Jr.,174,-1177.81,60.34,1.076,d681a7cd-c0ad-4497-975c-f750b762a74e
Terrence Hargrove Jr.,195,-1201.06,13.85,1.196,06c40ea5-9150-470e-8f6a-7cde4a102ef6
RJ Melendez,298,-1213.39,31.88,1.279,090cc6af-edb2-4cf8-a374-9b90193c330d
Chris Livingston,233,-1220.95,42.49,1.313,f79d533e-f423-4752-a088-6d507d795bdb
Patrick McCaw,53,-1226.00,16.98,0.962,ff42a38f-89ef-11e6-bb23-a45e60e298d3
Alex Schumacher,254,-1226.13,71.26,1.174,74b58589-0ca1-4a71-ac83-93c57a2e8b83
Terry Roberts,145,-1226.41,76.55,1.007,6b0963ac-b00e-46cd-94e8-e60dc3238718
Jahmai Mashack,122,-1232.29,75.41,0.983,f851dd8e-83fb-42a9-8b76-cc5afe5350fa
D'Moi Hodge,216,-1252.98,20.83,1.257,4fca8d39-a522-46f0-b222-226b8180e35a
Alex Antetokounmpo,150,-1282.51,21.33,1.055,34a56ad4-cc65-4406-9566-ff884e10c7af
Mark Armstrong,409,-1323.81,81.91,1.172,3bc6f704-0fda-4f85-a681-a41d1178948b
Romeo Weems,202,-1403.83,15.35,1.229,9920a386-699e-42ad-90ac-8fb89d78d1f9
Justin Minaya,215,-1547.91,20.93,1.141,8a534421-7dd1-49c4-a304-7b5a2341f904
Abou Ousmane,141,-1555.27,22.70,1.101,585d08a6-4aa1-45ad-81f0-76cb2c579ab1
Dennis Smith Jr.,208,-1681.30,67.79,0.995,4a0f330a-e571-48c4-a685-f82c9436c964
Toby Okani,193,-1686.72,38.86,1.142,a6c4645d-9238-44cf-92aa-fd318ebb8ebf
Matthew Murrell,287,-1711.96,31.01,1.129,42aff9d8-9839-4949-ac9d-97663c8eae23
Jordan Hall,250,-1737.91,71.20,0.988,4b98be48-a61f-4372-8f5d-25f914555a83
Victor Oladipo,232,-1751.27,61.21,0.991,ff415fa8-89ef-11e6-bc85-a45e60e298d3
Ruben Nembhard Jr.,325,-2210.12,69.23,1.102,27574eb5-d76b-4147-882e-38f3edc014b3
Daishen Nix,564,-2224.74,72.52,1.155,06212573-e2e8-4bfa-98cd-4484063dead1
Jack Clark,334,-2354.55,20.06,1.135,baad4031-1f9b-4e88-9ac6-9c40ed79d7f3
Cameron Matthews,305,-2484.13,41.64,1.168,2b3321e5-dc2b-4c37-9ee5-36336690c3ec