Ballhandler,Drives,Drives Per 36 Minutes,qSI,SSI Player ID
Dalano Banton,720,22.537,4.52,ccd8ec3b-3e5b-4f39-9b41-91882f179a73
Mac McClung,699,20.601,4.69,d9671fc0-754d-4cd1-b61d-2f6526c31497
RayJ Dennis,687,22.327,3.92,5c2a5944-cadb-4619-8b0d-04338c63a470
Keshon Gilbert,664,21.908,2.15,10762d58-0a4c-416e-8e01-0af744c29286
Daishen Nix,653,15.241,-0.03,06212573-e2e8-4bfa-98cd-4484063dead1
Jules Bernard,639,17.314,6.15,7c2fd9b6-9749-4ca1-8d58-b773ff9223dd
Reece Beekman,619,18.734,2.70,a419b920-f119-41d8-af53-47d3b49ea811
Trey Alexander,584,17.986,3.89,eae5a4b1-2701-4843-b7ed-ac8677e6446b
Tristen Newton,567,13.518,10.50,ea2c60f4-30d3-4154-b99e-b907b24658bf
Jahmir Young,555,22.323,3.68,dc80c41d-ab1d-4aa4-be9f-8830d7e0dd62
Damion Baugh,546,18.947,6.90,bcde43ef-a7dd-4d4d-9d7e-a0585052e0b9
Kennedy Chandler,532,15.379,2.69,90cef14e-ebcc-4a00-94e1-b06d8ca04701
R.J. Davis,508,14.734,10.47,af3e4f66-d651-4875-9291-4ee32c6a65dd
Sean East II,504,14.534,9.75,673bd14c-085f-4173-9211-d62ae307b0e3
Ruben Nembhard Jr.,501,19.053,2.66,27574eb5-d76b-4147-882e-38f3edc014b3
Anthony Pritchard,496,19.045,3.33,58d7789a-e4bc-46cd-91d5-01526491d417
Sean Pedulla,494,17.207,2.88,6068f2de-9744-432d-b3f4-f73da0894927
Isaiah Stevens,494,18.537,4.63,27b14c86-8f8d-4cd8-a8ec-bb051cd871bc
Jaden Akins,484,14.321,3.14,e6acbf72-2032-4b3f-9672-62f8052c1873
Mark Armstrong,477,20.856,3.32,3bc6f704-0fda-4f85-a681-a41d1178948b
Mark Sears,475,16.428,0.54,6af77143-6aac-4199-ac80-bfa704e2ca51
Darius Brown,470,12.937,-1.93,b7ae8764-a482-4551-82ac-7a91c8292e4b
Boo Buie III,465,13.686,5.11,2327ad6b-a87c-4b5c-8dbb-c64690426e98
Jalen Crutcher,462,11.949,4.35,938ea26e-95ff-4f3b-a385-a965af8195b4
Jaelen House,461,23.952,4.15,e14de0fe-50fa-4322-a5a2-55cb2137e6f2
James Akinjo,445,21.743,-0.15,889010b1-1e41-4488-97c5-030be0d70083
Lester Quinones,440,12.413,8.92,e4c6a53d-37a8-4278-9230-5a9d9ccc6d02
Alijah Martin,435,15.388,12.35,c1035422-a088-42e6-8ad3-db400bb52aa1
Max Shulga,432,13.771,7.31,be819393-353e-4c46-b682-d2ee0d11e736
Curtis Jones,425,12.114,4.02,69489a71-b1eb-4fde-b687-6385e03c1e49
Terrell Brown Jr.,421,14.182,3.76,0784aa6d-2f58-4e8f-8fd0-d3cb2fd08ff8
Dink Pate,417,11.319,-0.46,dc8f2d40-88ec-44ef-b6ef-09404a5d49cd
Malachi Smith,412,17.219,3.79,cf11631f-67ad-4f08-9466-e66859baa68e
Jayden Nunn,405,12.869,5.52,174b4cc1-dd31-428b-97ad-093422ffe324
Dillon Jones,402,11.419,5.75,7c13f8c0-55bf-46b9-a41e-cbaeea35c13b
Taevion Kinsey,399,10.725,3.40,b17e9b18-8167-47ec-b96c-1a1c88208376
Tyler Burton,390,11.617,-0.22,382afece-e02d-4ce2-92ac-92b1d2333d2c
Marcus Garrett,389,17.595,5.52,723b0c0c-ac5b-4b0c-b84c-01da7be6c705
Zhaire Smith,389,10.194,3.34,bf29165e-4d8e-4760-a070-5502dd6c2176
Dwight Murray, Jr.,386,15.676,1.78,7880b823-77c5-4925-a287-1af2424a923b
DeJon Jarreau,386,21.814,1.12,3cd02b89-3d2f-46ff-b392-29215f6825b4
Harrison Ingram,380,12.128,2.41,289b86f4-5aea-4603-a5e7-54793e5eb584
Javante McCoy,378,16.423,3.40,fac10e71-d936-4a9b-b017-2e3b743f9833
Killian Hayes,370,17.114,8.21,9a826fec-5df7-4a14-8637-3364dc9433c2
Jaden Shackelford,365,10.453,8.28,dfffb2fc-160c-41a4-9a75-af0a21d2ba76
Kyle Mangas,364,10.847,2.65,509e10a3-69e7-41cc-a0b5-44de8eb4659f
Jon Elmore,363,11.515,6.80,65bebd10-aa65-48ec-845f-2efcb122287a
Dereon Seabron,361,20.176,2.84,9cd83bc4-5c2c-4f4d-ba20-8fc69a4cfa8a
Hayden Gray,359,11.022,5.54,e901ec95-f7cf-40c9-af32-8dabb981b3cd
Max Abmas,354,10.678,0.46,23961594-cb8d-4560-b709-2ace5a6b16a4
Cameron Hildreth,352,15.241,8.51,2c4cbc5a-83fe-4562-afdd-859499b77aa5
Keyontae Johnson,342,14.880,6.59,d5348336-15a5-416f-8312-bd7030a6277b
D.J. Carton,339,12.788,5.07,b902fc9f-4b1a-417f-8af7-bfa5c66c95a3
Cameron Parker,331,18.661,0.10,15e3cffa-aed2-4d74-a8e0-ec06dfea63c6
Stephen Thompson,330,10.266,7.87,41e105ed-f146-4aef-a65b-262abde1841e
Alex Morales,329,9.367,3.78,21a9c7c7-f211-4710-9932-3ecfa2fd4256
AJ Hoggard,328,16.277,4.12,91fbbfa3-eabc-4c5d-b0d0-b2fc674c84bb
Trevor Keels,326,11.393,7.50,58189b84-2563-4034-984b-e61021022c4c
James Bouknight,323,9.162,1.89,a4bca3d5-c8c6-408f-a4bf-22453062b4b9
Jalen Slawson,321,11.493,0.34,ee32b868-f2aa-47fd-bc12-e2df467173a0
Wade Taylor IV,318,9.690,6.38,d809ed56-e0c4-48ab-9cb2-e6e94a8c0842
Javonte Smart,317,11.027,5.10,a340ee6f-51b2-400d-8c06-295617b4c779
Zyon Pullin,315,17.742,10.07,21f03dac-c84d-48c5-80ce-a54781f63914
Jaden Springer,314,13.938,4.37,8a1c8d1a-13c8-487e-b85e-6b10ecc1d39f
Alondes Williams,313,11.445,-1.65,e555cb48-990b-4ef7-8464-59adc6adf34d
Jarkel Joiner,310,11.166,1.52,994212e5-17be-4696-bd46-0efcd68787bc
Jahmyl Telfort,304,8.140,2.85,f7cdd34f-d626-4902-b05a-e39f9ae32dd4
Nate Williams,303,10.760,-0.61,3ab12c09-2aae-4bc0-a45e-0132e6751116
John Tonje,300,9.467,5.41,5bfe6dcb-3da9-45f9-95c0-ed690168c7ba
Jaylen Sims,299,9.142,0.81,4e475993-d453-43ef-a5dc-52e715e3e5db
Wendell Moore Jr.,292,12.408,8.02,96f746dd-7dfb-4ea4-a98c-39ed5d2a0fd5
Josh Christopher,290,11.193,2.60,207daaca-464a-4e71-8c77-cae31615c0e3
TyTy Washington Jr.,288,13.897,7.12,0b1c2f8c-380e-4f07-85b0-3b5ff4650d00
Tosan Evbuomwan,285,12.608,6.34,3836af33-7171-4f6b-b4e3-7dc129d8efa6
Kadary Richmond,284,13.427,9.46,5f0c2302-aaca-4ac1-b70f-f25abbe14186
Evan Gilyard,279,14.958,-4.74,0f656aa8-c62c-4fad-ad9f-3442cdc15e50
Kendall Brown,268,8.153,6.27,84863ea4-7e22-4827-9c1e-091a16291b37
Cormac Ryan,267,12.182,6.49,f3f41cea-955b-4ff5-b6fc-69991789d721
Keion Brooks Jr.,266,7.616,0.73,088649fd-bea2-4353-a931-850c918b0337
Kobe Bufkin,264,14.019,6.14,9e453254-b85d-43ba-a615-8bf683d94834
Ben Saraf,261,19.477,-8.38,f92bdf23-732f-412f-9b84-9c088cd9474b
Teddy Allen,261,10.218,4.73,03318058-7f1e-4d54-a8b4-cbaf7e836a78
Daeqwon Plowden,260,10.192,4.74,daca4b6a-526f-49e8-a02e-ba59acb77846
Hunter Sallis,257,11.074,1.71,6d6c60fb-827b-4b00-9033-8fb8a4fb0f32
Drew Peterson,256,9.505,8.09,b385f90c-bbc7-4346-8507-4d626e2c0c61
Dexter Dennis,255,7.304,2.87,b9d78738-9b74-4fdb-9c3f-bce9cb72377a
Kevin Knox II,254,8.567,2.27,868bf1ee-0aa9-4762-a685-b32801d25e6a
Terry Roberts,249,20.185,-2.55,6b0963ac-b00e-46cd-94e8-e60dc3238718
Augustas Marciulionis,247,18.106,-7.21,89ff2dfc-818b-4d2a-beba-efe0422f6d4c
Ahmad Caver,246,10.205,-3.52,b37bbd3b-102d-42c2-9bfe-7874d64e9068
Patrick Baldwin Jr.,245,9.440,3.42,45b328c0-b3b8-4a36-a0c1-28e39227ca85
John Knight III,244,7.020,-5.17,534e334e-2adb-4b8c-9614-8552f0dc5f6d
Trey McGowens,243,15.412,5.17,a17cb8d2-4fe7-49a1-b4b9-e56f6316d694
Chance McMillian,241,11.166,9.71,d40fdb50-4ea9-488f-85e3-aa57164f9d0a
Emanuel Miller,240,7.777,6.25,9333d369-df08-4c59-9073-3164d584f481
Miles Kelly,240,9.900,0.93,8e41f240-6f89-4f54-bcc5-534112efd3c2
Dennis Smith Jr.,239,12.739,-4.29,4a0f330a-e571-48c4-a685-f82c9436c964
Manny Obaseki,239,14.914,-0.84,e4cdd91f-718d-4c35-95d1-b3aa28ef79b5
Chris Manon,238,8.044,9.63,5dde0a80-753d-41a6-9ffa-6193317a3a17
Isaac Jones,237,8.533,15.35,a35d4b94-e6ff-4f4a-8f40-d64d70dd4c3a
Jameer Nelson Jr.,237,17.637,3.78,55218f5a-96d0-455d-953e-1af096389bc1
Charlie Brown Jr.,236,6.930,6.46,dfa6209b-514d-438b-9c4c-bd6f1ff85613
Chucky Hepburn,235,18.361,-0.36,4ac4a0ab-ea85-4870-8bd5-9670073a3df4
Donovan Williams,233,10.243,5.99,12136b74-23d8-49b4-b4de-98a320969c76
Jaylen Martin,231,12.573,10.70,70021baf-68ca-4b04-a865-fe10b1450b62
M.J. Iraldi,225,11.860,-1.31,bc70e8c9-c8ff-44fc-b539-10f863d5efec
Elfrid Payton,224,14.276,-3.49,ff4126dc-89ef-11e6-a96d-a45e60e298d3
Kira Lewis Jr.,224,8.990,2.01,ce287780-67de-44fa-86c2-d87dec5a1e28
Stanley Umude,223,6.938,0.00,73712bb9-3143-4176-8eb3-cef6d45e9f92
Tyreke Key,221,8.042,12.74,a9ab59d3-2f04-49b0-b4fd-a265d98af568
David Roddy,220,9.210,2.17,ab0a4d97-fd7b-40d9-a72f-b2a862039584
Javonte Cooke,220,11.375,7.11,0c8af3e4-85bf-4c62-921b-d5cc21594198
Cameron Matthews,218,6.110,-2.39,2b3321e5-dc2b-4c37-9ee5-36336690c3ec
Mouhamadou Gueye,217,6.876,-5.10,cc3ddd0b-2be3-4043-a3e9-7ae15f6e1ab0
Deivon Smith,217,14.884,0.52,9ffb6f28-8fa0-4650-bd30-47f8aa7235a2
Dain Dainja,215,8.779,2.97,3d560bd7-c964-492e-97b7-12c4feda4079
A.J. Lawson,215,7.931,-1.44,ed39e2d6-ce65-43e5-9ea9-d579d0526a1f
Christian Shumate,214,8.525,-4.20,40ebb929-1947-4008-9cdc-046aa3a4bd87
Coleman Hawkins,214,6.874,5.91,769be316-e69b-4438-a859-7fbbad08accf
Justin Harmon,212,8.372,-1.02,4c8abee4-0270-4d98-b4ab-cff9969857fc
JaQuori McLaughlin,212,12.453,3.12,a05930e9-6846-4c42-b5d6-f859b92d97fd
Nolan Traore,211,20.631,5.52,4b2dd1ee-169e-4af4-9877-1e600ccc1ac5
Jordan Hall,210,13.529,-3.86,4b98be48-a61f-4372-8f5d-25f914555a83
Malevy Leons,210,7.781,6.78,a6b91d1a-7a93-4bda-8562-d762d1f5ad47
Ethan Thompson,206,15.867,2.28,e303b1cc-a268-4f85-8063-e447c757ede6
Saint Thomas,205,7.217,-3.86,9ac60fc8-a677-4c67-8b1a-92c61ac71eec
LJ Figueroa,203,7.693,2.40,629382e8-fcc6-4974-b0a3-99fd67940f2d
Franco Miller, Jr.,202,14.913,-4.96,d681a7cd-c0ad-4497-975c-f750b762a74e
DaQuan Jeffries,200,7.456,12.41,b969f906-aab2-4845-b038-70ec8482bed4
Kyle Guy,199,11.146,5.61,9eed3d99-6049-4cd0-96bb-4fabb8ad8ddd
Zhuric Phelps,198,16.746,1.60,cbddda95-fa69-4ae6-b6b0-247f5c669b7f
Trey Galloway,198,12.126,1.65,8303a10f-1748-43ee-9c4c-59abdffdaf87
Sharife Cooper,197,20.454,-2.10,2d470912-d9ac-4456-916c-372fc4c84cdc
Victor Oladipo,196,11.257,-7.78,ff415fa8-89ef-11e6-bc85-a45e60e298d3
Alex Schumacher,194,10.710,7.34,74b58589-0ca1-4a71-ac83-93c57a2e8b83
Ryan Woolridge,193,9.139,-1.66,a4f5f591-7988-4761-b96d-5efb627bd420
Nick Smith Jr.,193,15.783,13.03,b2d1fbf7-72be-4469-b0c2-db6677a145bd
Brooks Barnhizer,191,11.376,-2.14,6b9ff8ac-a24a-46b2-8a4a-4f4015c6b353
Tristan Enaruna,190,6.793,7.62,998f2322-7dab-4353-99d7-b23e57eeb3ed
Tyson Etienne,188,9.116,4.10,316deed2-3f6a-4c1c-9508-2dd0c937cd4c
Dane Goodwin,187,5.113,0.75,83cf7787-d441-4c3a-b5de-a2b2a623350b
Liam McNeeley,185,12.635,7.83,ba22d012-f7ce-4a1a-873e-d6c3ccf7ae5a
Gabe Madsen,184,5.676,-0.98,7e84815b-7663-437b-8751-28d60ef2c65b
Justin Minaya,181,6.240,-2.33,8a534421-7dd1-49c4-a304-7b5a2341f904
Bryson Warren,181,8.863,1.12,de89d563-ec4f-4356-8cba-afd95b5a975a
Toby Okani,179,7.610,5.02,a6c4645d-9238-44cf-92aa-fd318ebb8ebf
Cam Carter,177,14.005,-3.21,a183c842-9603-4691-9abd-612235152ad2
Blake Hinson,176,6.823,4.79,64b12646-2555-4dd0-98eb-cb169b3ee58a
David Jones Garcia,175,13.848,10.04,8207e744-783c-4fac-8d78-52acb829f00c
Caleb Love,174,20.970,6.14,163d0a85-fc13-4c76-8e98-93aae28417d2
LJ Cryer,173,12.878,4.33,51c89cc1-c192-4e07-878a-436ad5c2c70a
Elijah Harkless,173,16.202,2.29,629588b6-9560-45b9-ae52-ff90c299fc4d
DaJuan Gordon,173,8.586,6.74,b7cd24eb-bd7e-4dcc-99a2-7236606d1541
Bez Mbeng,173,6.660,1.19,117522bd-3f51-4ef9-99ae-8cf060df132b
Nikola Topic,172,21.435,7.13,deb86c8a-aaa2-472e-a66d-a1cbace2c797
Alize Johnson,172,6.247,1.57,c97ec77d-b190-477c-8f04-2d8be4554830
KJ Simpson,171,11.928,0.73,1287087b-e6ba-41f9-b2b5-a3d2d1c8d682
Phillip Wheeler,170,7.074,1.26,3d20e735-543b-415b-835b-fa80295fa157
Caleb Houstan,170,6.197,-5.20,0ac0ed6b-ebe7-4dcb-b924-c14e31262efc
Keon Johnson,168,18.751,0.96,7cfacef2-8c7b-41e7-9df3-4a570a6de468
Nate Hinton,167,7.379,-3.83,2827a99a-9a36-4b8d-8ca8-e77e9771b69c
Matthew Cleveland,165,7.466,9.29,45913c55-0376-4b4f-9935-00471ffb3033
Matthew Murrell,164,5.708,-8.14,42aff9d8-9839-4949-ac9d-97663c8eae23
Malcolm Hill,163,4.677,-0.67,99f046d4-e2fe-495e-92e9-472b6f6a9c22
Riley Minix,161,6.260,5.66,d4332b50-b7fb-4429-9525-e10587f584d9
MarJon Beauchamp,160,7.614,5.08,a17b838f-efcd-4d85-adab-39e05d579e13
Chris Livingston,158,7.379,-4.18,f79d533e-f423-4752-a088-6d507d795bdb
Antonio Reeves,158,6.253,0.57,19004e0e-7982-4513-bdba-24e11e49d49d
Jahmai Mashack,158,13.643,-0.80,f851dd8e-83fb-42a9-8b76-cc5afe5350fa
Eric Dixon,158,6.153,6.89,11ec3e54-7b96-4e1f-856e-8933eb8de9c3
Arthur Kaluma,158,6.819,11.09,c7a03fd4-8ba5-4f9e-b62d-db9492da6f1c
Yuki Kawamura,157,17.542,1.66,3d921f8a-1119-4e42-be46-c22ae84d5f58
AJ Johnson,157,16.792,1.80,2b0ac9c2-0fa5-4ee6-9881-03b737e11dc3
Brice Williams,156,6.106,1.43,bc4eee96-6dec-4e4c-ac60-d467785926cb
DeAndre Williams,156,5.408,3.47,d240c74d-0376-4b1e-998d-190b778ced1b
Ron Harper Jr.,155,11.515,4.03,0fc9db0f-ca5e-49e9-a003-973fa4fd8839
Steve Settle III,153,6.772,-3.69,f52af8fd-29ee-4aa7-9c70-e211a5d73a12
Chaney Johnson,152,6.611,13.34,4007e9ee-5f46-4b39-9d77-0001aa54f1f4
Enrique Freeman,151,4.963,11.14,f838df3f-72c5-4cf1-a555-7182e3dccd13
Lachlan Olbrich,151,11.059,4.96,684950fe-3bcb-47f2-8bfa-a9941e216b28
Nolan Hickman,150,6.064,1.59,b8b01afe-00df-407e-b0ee-229eacce163c
Anton Watson,149,4.585,12.96,8cb4b74b-84e9-40e3-9a3a-a7dd7be9767b
Quincy Olivari,148,10.806,6.75,cbbbce73-763b-4e1d-820b-1b8f62857eaa
Zeke Mayo,148,6.761,11.11,2aa9c687-ca9d-4478-a2c7-8f2797b308b2
Caleb McConnell,147,9.418,0.32,9ea29be6-8741-4b28-9a3f-b73d1919c900
Koby Brea,147,5.329,8.56,e2c4bc9d-2cb8-49d6-962a-07bed124b6c8
Pierre Crockrell II,146,13.706,-3.01,1a254905-e1db-43b8-9f5c-b1bf4e663150
Bryce Thompson,146,9.525,-0.50,cc61028a-3c21-4917-a6fe-607bb4085636
Pacome Dadiet,145,9.423,10.27,810fd8fe-5999-4962-9441-004f4a25fea2
Adam Flagler,144,12.888,9.40,60b1ff6f-7e65-4d93-8b0b-fe76747cb0db
Josh Oduro,143,4.663,13.78,8356850f-e674-4868-8a3b-7cf5b6193dce
Ryan Nembhard,142,28.332,6.89,f43050bf-10e7-4919-95a0-272b4c616687
Kobe Johnson,141,6.722,3.60,9f123592-d747-4a41-b903-ad6bcb6ac751
RJ Felton,141,7.410,7.71,a593fa2b-cb79-4f8a-8139-bba7a2133f2c
Drew Timme,138,9.057,4.26,30998b89-18c0-4086-ae61-1830056bb1b7
MJ Walker,137,7.209,5.27,2733a0f6-5816-47e9-9972-a4f253f15038
Johnny Davis,136,7.903,-12.20,bd507dbb-cb87-4e45-ad2e-1990df07ac20
Yuri Collins,136,11.215,1.80,7a58adf5-73d4-4f5e-b042-6ab0d8862313
Chris Youngblood,135,7.339,9.75,35206de4-a3c1-415a-b596-126c0ab7b44a
Gabe McGlothan,134,5.496,7.92,32f54c28-47c6-4d3c-8364-c3956aef7190
Johni Broome,134,6.667,2.62,12c34cc3-1005-4454-bcfa-a5332744fd4c
JD Davison,133,21.532,7.68,833b573b-1366-463c-92ea-56e7718c0dc6
Jalen Bridges,132,3.432,-3.97,1c7e1fdd-3a9d-4509-b079-a329c993e9d4
Steven Ashworth,131,11.733,7.96,63e0883f-eae7-4a6c-ad8f-c7670247241e
Jason Preston,129,11.437,3.13,b609ade3-6177-4d12-8f4d-e717beb97f97
Jazian Gortman,129,30.050,4.69,dd6ea48a-5adc-4411-bead-f2cf2861a9ce
Leaky Black,129,4.187,0.67,baf1b89d-5bf9-44d8-ae08-43b643b89914
John Ukomadu,126,4.305,-1.66,b4f22d30-f720-4880-9fc3-a7a1f5679086
Chase Hunter,126,6.079,-4.06,50fd1b80-b17c-4168-9cd8-b67adeef9040
Nikola Djurisic,125,11.755,0.30,0e381936-04ed-49fd-87b0-400686b3e145
Sean McDermott,124,4.002,0.78,b5d46463-618d-4328-a3ac-31239ed7af7e
Isaiah Roby,124,5.859,6.14,19602b62-cfbe-4d35-81f5-bc244327960e
Kameron Warrens,123,6.648,-0.93,14a1175f-1e82-4a12-9edf-f9445dc58270
Nick Jourdain,122,4.987,8.08,1faa4121-7c60-4b48-91c7-217d64555324
Bronny James,122,9.064,5.70,ec9d7a06-798b-45e0-8eae-a5bfdd92f0ba
Luke Travers,121,10.658,-2.43,ef24e628-6674-47d2-8fea-a8ceb61e0fb6
Moses Brown,120,5.245,6.54,81ca845d-dae4-46b5-89e6-86d619acb3c8
RJ Melendez,120,4.936,1.72,090cc6af-edb2-4cf8-a374-9b90193c330d
Jarron Cumberland,118,6.001,-0.96,46d86ca8-8056-40c4-8024-2ba83293aa17
KJ Jones II,117,7.821,6.08,b34e01c3-fde9-402e-a381-1abc45ea21fb
Jonathan Mogbo,117,6.697,1.77,12f2cb53-d3a1-4a42-b6ed-9238a8eab4f7
Lucas Williamson,115,4.581,-5.09,f0ae386a-6794-4f37-b447-84822aa60c4b
Kobe Stewart,113,5.383,2.67,9c8748fc-6d1c-4911-99a0-94e1cf486b48
Andrew Carr,110,3.825,2.08,d2f39898-17d1-4d74-bfca-1719672b051a
Aminu Mohammed,110,8.530,-1.95,6abaacf2-5a3c-4c72-b19c-2a645dd84022
Nate Santos,110,4.776,-3.87,5d98e4d9-9d4c-416e-896e-662ef6de036b
D'Andre Davis,106,8.516,4.34,93c1ccb9-a43d-42a7-a037-b8d2057acc02
Stephen Mitchell,104,8.951,0.88,1d1c157c-d6cd-492c-8ac1-aca3b6d6c04f
Kevin McCullar Jr.,103,9.743,4.20,1ebb0958-b242-4b10-a0cb-cc3182f35814
Amari Williams,102,5.141,6.99,7f8f2047-20da-4fde-b1c4-e046ef5d94f1
Jaylin Williams,102,3.684,-1.44,db384374-d594-45b6-a3de-9aa8a66dc226
DaRon Holmes II,102,5.577,6.67,33ee598f-dbec-467d-982c-9722af3b3261
Tyson Degenhart,101,4.077,10.83,7ce310e3-5034-435f-85fd-9db70356ed75
Javan Johnson,101,5.541,1.71,5bf3dc6a-f0bf-4146-9233-0714a95538e5
Dariq Whitehead,99,5.411,-5.36,9f8b2ee3-8cc5-4a92-aeb9-c8c52d6e37a2
Kam Jones,99,19.739,14.66,93ff04cb-5390-4709-a521-c7ce58713f31
Tevian Jones,98,4.901,6.69,1d44afa0-7106-441c-b8ed-cc5e216e866b
Norchad Omier,97,3.701,1.82,15c34e0c-e636-4bd1-a7db-6435d201f8c6
Kasparas Jakucionis,95,18.496,-0.06,f4881a74-343b-4005-b701-3f53c512aba6
Tolu Smith,94,5.204,12.13,dea8af5c-b86c-4445-b191-20c7806e6a4e
Basheer Jihad,94,4.105,-0.86,bd9b1fa0-957f-4365-8af3-a545d525965b
Hason Ward,94,3.982,5.82,99828648-af70-4757-ac4f-8f3e6c8364f5
Cameron McGriff,94,5.297,1.60,55ec130c-b918-4d9b-9fe5-9b79a5f370f2
Tidjane Salaun,94,8.715,2.38,abc5b21b-f2eb-40cb-a9e6-6eb5abeafe60
Johnny O'Neil,94,3.499,-0.14,266b9ca1-6596-4d2a-947a-0f602c0af725
Cody Martin,94,9.042,5.25,0000b397-3cf4-4dd4-a910-000000000131
E.J. Liddell,93,5.373,3.44,f76c835b-10f6-42aa-aafe-3c87b5be8866
Orlando Robinson,93,6.240,13.47,e58d10b8-dbfa-46bc-9b80-d078501bcce7
Colby Jones,92,15.107,1.08,80ea0675-30db-4ebf-b37f-eb50552e8d0e
Reynan dos Santos,92,8.131,6.65,e3cdc093-14ad-4686-ade9-7fc70c5a5a88
Malik Williams,91,3.012,2.03,91d9d39e-7ed1-4320-80fc-4d487e79b1fa
Craig Randall II,91,13.024,-0.39,57c94d1b-101e-4b0a-afc5-d9716233e92d
Jayson Kent,91,3.003,6.10,dc854637-bbf4-4710-94b5-8c953db3ce27
Zach Freemantle,91,2.872,2.34,aaa72835-bf87-4903-8432-953c82e91876
Kaleb Johnson,88,4.837,7.39,51e2e08f-d07e-4dbd-a05f-bba8e5c69f96
Marcus Burk,87,3.630,0.48,017ced69-5d96-4160-b064-3a051a5c9efe
Stefan Todorovic,86,5.985,0.72,a0dbe31a-75c6-4777-a920-d506c5633bdf
Au'Diese Toney,86,3.995,-6.52,a127ee52-bbec-46b6-990c-93a2c3d57b87
Donte Ingram,86,4.008,8.11,1034b6f9-7fc5-4f5f-94fa-2ab920658dd3
William Baker,86,4.636,14.91,dc9d21e3-68f0-4270-a358-8e68da5bbafc
Kyle Rose,84,5.543,2.19,c7fe17cb-17b0-4fe5-bfde-60cdce624f03
D'Moi Hodge,84,3.336,-2.53,4fca8d39-a522-46f0-b222-226b8180e35a
Quincy Guerrier,84,6.563,5.34,e7a09800-4dd6-4745-8dc3-2bb848800f9e
Adama Bal,83,6.775,-5.35,3559f9a3-9132-409e-a701-a4c5757cb325
Isaiah Crawford,82,4.991,20.02,cc5a020f-5862-494b-a997-26288b4f4f12
Kessler Edwards,82,3.503,7.01,0dbaa8bb-491d-40b7-ad09-f4605dda699c
Sheldon Edwards,82,3.603,2.43,8d385c74-6c2b-4704-ad41-8e5519b11012
Taelon Peter,81,5.405,-9.40,c870f7e6-686b-40b6-859c-ced3b397cbd8
Jack Clark,81,2.450,-3.87,baad4031-1f9b-4e88-9ac6-9c40ed79d7f3
Michael O'Connell,81,9.924,-0.69,e4133038-cf2f-4227-a6d5-566eb968a245
Paul Zilinskas,80,3.965,8.09,fb3799f7-55e6-46cd-8dba-16e86ee83d37
Taylor Funk,80,3.181,12.69,951413b1-0a17-4edf-841a-5ca7b9a2c275
Bobi Klintman,80,4.871,-7.15,61c18542-cf37-49c7-b486-337bb809d326
Cameron Brown,79,7.578,-4.05,c2df5312-12de-4f83-9d1a-3f3c2ab6148f
GG Jackson,78,12.389,5.19,de22ebf7-4f76-48b4-805b-b5f87858922f
Jacksen Moni,78,3.714,-7.02,b16076ab-b7f1-4f61-b1ce-87471a1be027
Dajuan Harris,77,7.411,14.17,51b4a0a5-880c-48d7-a342-2b25ec6cc206
Chaz Lanier,77,4.823,-5.83,3ff2c55c-8857-4cde-85eb-a42b87da7dcd
Matt Allocco,76,3.545,-11.31,1542fce4-02f8-434c-8e0b-c655313fea33
Rocco Zikarsky,76,3.006,9.02,7a36a328-5e4b-42b6-a21b-39e9f97e0188
John Poulakidas,76,2.714,-5.93,12bf97f3-6476-4443-af11-5228771faf66
Jamaree Bouyea,76,16.228,20.41,e35aa016-05af-4a0b-92b3-b0d987d11892
Jeremiah Robinson-Earl,75,3.345,1.95,1a9ac6bd-8b02-4fe8-8096-c435a2a90100
Kevon Harris,73,12.363,-12.72,8190d885-1fd0-4dad-99d7-2431cc018492
Alex Fudge,71,4.514,-0.16,1f5a0d41-0c51-4353-9d7a-503196852e33
Johnell Davis,71,7.139,-2.41,7ddd09bd-a98c-468f-ac39-239c33fe8d79
Sean McNeil,70,2.927,12.20,4f71e857-f644-4dfc-9ae8-65416c90df71
Jamal Mashburn, Jr.,69,11.966,-0.27,e2dcfe4a-9e16-4ab8-8eee-e15ca0db6eb5
Ben Coupet Jr.,69,5.352,6.92,8c1d8070-eb6a-44ee-bc37-0a07ad5267fb
Rahsool Diggins,68,13.364,-0.11,6404e275-f55f-42e5-8d36-cddd1661c335
Markelle Fultz,68,20.979,4.27,1114f266-df53-4313-b425-0021dd87864b
Trentyn Flowers,68,7.161,0.34,c917a1b8-8537-4dbe-91bb-c8e376d71ee4
Kendall Munson,68,3.481,2.39,11a2c3b6-617d-4889-ac4c-dc3821c6375a
Miller Kopp,68,3.507,7.00,817c559a-6812-42ce-8373-1e8132f3b917
Nojel Eastern,68,5.420,-4.05,b2251f82-7770-4e0b-994d-c33ff4a1b39d
Alex Antetokounmpo,68,3.323,-9.46,34a56ad4-cc65-4406-9566-ff884e10c7af
Symir Torrence,67,5.811,2.75,6779419d-662d-4a38-b2ea-cb8e012eed8f
Alex Reese,67,2.694,18.07,1f6ef8b2-5d7a-4ca6-a9f2-cc8c06c032b8
Desmond Cambridge,66,4.964,4.21,5f4ae0bb-b9a5-4c83-8441-1e627500c265
Trhae Mitchell,66,2.486,14.94,d98ecec8-9937-426e-ba9a-e019ec88d94f
Tamar Bates,66,6.851,-1.45,4e132a3e-20b7-4058-9b69-c71ed0bfd654
Andersson Garcia,66,2.729,-5.26,9b93509f-b8d1-4066-ba4c-6338fed2a84f
Romeo Weems,66,2.800,-1.38,9920a386-699e-42ad-90ac-8fb89d78d1f9
Paul Watson,66,3.796,9.04,1aae577a-f08a-437b-81ed-160d66e586b9
Skal Labissiere,65,1.933,14.71,0943dbc8-178e-4cab-97d6-3f31747698ab
Wooga Poplar,64,11.907,4.85,b3aaee9c-4272-479b-9fdc-7b99458903ea
Malaki Branham,64,17.542,11.30,13030bd6-e3d6-4e2a-9685-88300bc4ec5f
PJ Hall,64,3.031,9.31,4af59bef-250a-46aa-a5d3-e448a55f61ad
Devin Carter,63,15.992,-5.74,8a8e683b-3939-4208-b55c-bc9cefe13a54
Trevon Scott,63,2.227,-1.30,fc067294-4b2b-42aa-bea6-88cda36ce6d2
Kellen Tynes,61,9.107,-15.12,83a05254-611e-4587-a927-613bde48b6ba
Will Riley,61,20.370,-3.73,3fb6c927-c443-46a9-aecb-1105dfb05233
Tyler Kolek,61,18.765,0.69,40faa5df-7ced-449d-bd12-300a2938370a
Erik Reynolds II,59,4.344,6.83,f3572151-dba9-4dc4-a48a-792e17a3180b
Mitchell Mascari,59,2.733,-5.37,fdc935b9-0c73-4ca7-ba6b-f3b5aa1f2205
Marques Bolden,58,2.161,-3.78,95b6d616-e911-4060-869d-7f633e7ec049
Jabri Abdur-Rahim,57,4.114,2.64,5ba18e46-b710-44bf-8369-1185adf0ce77
Igor Milicic, Jr.,56,3.068,-1.61,96e51137-1852-4b4b-8809-7d07d81b22a8
Keyshawn Bryant,56,5.257,-2.45,8bfb0e3f-2c04-4dd5-ab0d-c7bf453b1ed5
Adou Thiero,55,10.037,0.34,9b945fc0-d3bb-405d-bf43-95c6e7d7e87b
Myron Gardner,54,10.074,-11.65,8de6d5bf-730c-4c48-8f00-7f9da72e979e
Grant Nelson,54,5.753,-3.85,c4012fed-7c3d-4171-a8c7-3432c061c9d7
Tyrese Hunter,53,6.254,-8.42,4f89702e-6e19-48ef-9be1-8da8a0837a2f
Ja'Vier Francis,53,2.930,4.78,426de6ba-834c-455a-8c94-9656ad089275
Tyler Smith,53,2.582,4.71,b701694c-6da2-49de-b9a7-ae092466ce67
DJ Rodman,52,3.349,2.32,18ec54f9-3c06-457d-a0c8-04f2aa513754
Viktor Lakhin,52,3.476,10.54,386162d7-b5e6-4aca-9174-cfba1382d491
Trey Townsend,52,4.725,1.46,32735ab8-9eea-40c1-93be-395428840de8
Asa Newell,51,4.729,9.95,eb38ea24-c68c-4f72-9a55-2e397b4f0124
Giorgi Bezhanishvili,50,1.583,0.92,4d0b25c0-eb2c-423a-875e-ba9f74999bdf
Jaxson Robinson,49,2.516,9.06,e7e970a3-7025-4ccc-b0f7-271f94238ee5
Tyrese Samuel,49,2.573,-14.08,f4159312-f59d-46f6-a72d-afb990d1e80a
Buddy Boeheim,48,3.588,3.79,b19737e4-2806-4548-b14b-2062175fb05e
CJ Huntley,48,1.770,23.57,a93dac29-3dee-4328-8787-673c2c4d207c
Jamal Cain,47,7.233,2.27,f42a8b63-1ab4-447f-b74f-be293fc58e99
Oscar Tshiebwe,46,3.096,-2.13,9234048a-d7a7-4f77-8d48-3b95b6365ae0
Pete Nance,46,5.033,10.51,a9d51846-7123-4773-be70-de509c877a08
Max Klesmit,45,4.441,-4.42,ce1fc58a-6a2f-40f5-a83b-c0acdcdf2e01
Chris Mantis,45,2.191,-4.18,d2d320cb-de1d-4f2f-b238-9697f02b41ff
Colin Castleton,45,3.410,-15.44,cb160212-66c3-46cf-8728-c0d6612456f8
Ace Baldwin,44,8.327,9.48,6ab19369-4aa1-4aa6-8274-b595ac8902be
Danny Wolf,44,7.750,23.01,0b1b2334-050a-4f4e-bae7-3865147c950f
Justyn Hamilton,44,3.868,8.88,7be325aa-4951-4bc9-948d-d4177d4cbb1c
Hunter Cattoor,44,3.127,15.77,3b01bc5d-08ef-4a1a-afff-52c5c9f81849
Jonathan Pierre,44,3.668,-1.61,94306db4-8243-44b3-9f3e-eb1dd9e258b7
Antoine Davis,44,7.676,11.37,cc05d44b-5260-48a3-b9b6-61ce282a67c0
Jahlil White,43,7.242,3.51,e21b31ea-a8e5-41ad-89b1-72a56bdf59e1
Charles Bassey,43,2.975,0.37,089bae1f-5cd7-438c-8ebb-061918727a25
Brandon Slater,43,6.101,3.83,eb81af0f-e8c9-4a55-a018-bb56cbc130ff
Zack Austin,41,3.152,-14.14,cdb9a6bd-2259-43bc-9209-03da5b72234b
Brian Taylor,41,3.940,0.69,ef62751a-0816-46fa-9160-054ef9ec64e4
Micah Parrish,41,5.329,7.26,a233b4d2-746c-48be-9d0d-ce655385c605
Payton Sandfort,41,2.544,6.80,54f7a3fd-6e94-4630-9ca3-e05af980008d
Emoni Bates,40,6.158,-1.78,9f1d3f5e-1bf4-4a41-81f4-516081353643
Jamir Watkins,40,6.174,13.26,84ba6ce6-9c37-4225-8f84-14a5cbacea65
Hank Morgan,39,3.347,2.57,29d938d7-ce0a-4aba-9b2e-b17b2e8d8ee5
Ricky Council IV,39,7.472,7.91,9027d4b5-4d3d-4ee2-98cd-3d105aa7044b
Micah Potter,39,3.785,5.11,1e89c60d-b20e-4499-aba4-b13dba295a52
Matt Cross,39,2.108,10.61,8b71b1ce-93f8-4cf0-9099-64c91af44202
Dawson Garcia,38,6.431,5.27,4aa2ea37-df6a-43f3-9838-5bb4d2e13186
Akoldah Gak,38,2.284,9.26,e6e552fd-83e6-4bb7-b80a-9b0bae80ad1c
Justin Edwards,38,8.724,3.20,c2b8cc6a-c87c-4dc5-bfea-c4630c2b6f3e
Jamal Bieniemy,37,5.146,-5.09,5659992f-2487-47ce-83f7-baedce2a090e
Rasheer Fleming,37,5.120,0.46,4639f41a-c88b-4cf0-91c2-c36d9d4c1e5c
Jay Scrubb,36,6.942,15.20,8488ec31-e9a6-4535-a007-3b6fb6c5f1bd
Matthew Moncrieffe,36,4.077,19.22,3d0d89b4-df1e-43a9-9870-4329d5e8161c
Trey Jemison III,35,1.785,-6.86,48e06536-9d6f-4027-9d17-ec477a9ae3a2
Javon Freeman-Liberty,34,8.527,1.67,a28cdf29-f659-4646-b964-87ec3c295ae4
Tre King,34,3.105,-19.27,2928912b-dd61-4f60-aa20-a01d295e03d6
Obadiah Noel,34,11.468,-0.32,ae301693-1228-4496-9f09-3dede6e84191
Cam Reddish,34,10.495,11.03,5cef3c95-c7c7-4206-b70c-41f647f9498b
Hunter Dickinson,33,1.020,-3.38,00c80505-49a6-4ed4-ae3d-decf5a59b3a2
Dalen Terry,33,15.001,10.96,8fc64d15-1d47-47e1-bb04-d03f75dccc5a
Olivier Sarr,33,1.277,21.51,584a880d-84b9-40fd-876e-852044392606
Rayan Rupert,33,14.094,-0.59,f99ade9a-ec49-4d41-b7f8-7e1b16c9ed79
Cody Williams,33,11.436,10.94,8b49e58d-df58-4e21-b984-2bda3ce246e6
John Butler Jr.,31,0.951,-2.53,16110c22-e5e0-4925-94a9-959285132aeb
Jackson Rowe,31,7.976,6.42,87777cd1-2099-4edd-8256-f29343fa0fd4
Dakota Mathias,30,3.508,10.82,9f1f34c6-66d2-4093-9328-d2fffffb97d5
Jared McCain,30,17.308,-15.64,eb79ea6c-b337-448d-ac33-7e92219822ef
Drake Powell,30,8.501,13.64,ed72fbc9-1066-46d8-872e-9a437c4e536e
Gabe Levin,30,1.420,-21.33,154a9e91-a046-4e1d-bd25-0fdf6dc87f45
Yang Hansen,30,2.279,20.36,c6156c46-4275-4470-bed6-6c382811ef91
Terry Taylor,29,6.535,3.84,0852ab90-243b-4951-bfb0-c536f151cba5
Keshad Johnson,29,4.289,-2.51,c5cb7e86-5c88-4bd2-bf14-22a65e7bd094
CJ Fulton,29,6.352,1.09,e2d1008a-5cc8-4a4d-9f54-0bacfbd083be
Damari Monsanto,29,1.723,-14.01,63a42b38-d8f6-4214-aa03-cb4263b02a9a
Taylor Hendricks,27,5.926,15.65,91ee33ca-2f8a-421c-8a4d-b0f98d5bc54c
Trae Hannibal,27,8.174,-15.68,636fef85-a117-4abd-96b9-a45df0f16b53
Jacob Toppin,27,9.261,-5.56,9e0abf37-2963-4f62-b8f7-104fefa58273
Derek Ogbeide,27,1.486,-3.48,4f5b0cc7-0740-4ebb-8b37-c464b1f421f3
Joan Beringer,27,3.413,-10.16,325d465a-ead8-4773-875c-a3fd83d18f23
David Muoka,26,1.493,-15.48,c5a7468d-b9c2-4814-a823-b9bf4a58358f
Drew Cisse,26,1.523,-9.10,4943e7dd-a830-4c29-bd39-a8b168bf00b9
Luke Goode,26,1.468,19.59,4144db18-4210-42b8-af58-fd1dd83e87c6
Pedro Bradshaw,25,3.619,-16.34,881e8c41-f4cb-44fa-9caa-782d1e294daf
Jase Richardson,25,15.966,26.83,1cc4e557-6ed1-4db5-8816-1c00724e5554
Issac McBride,25,10.231,-1.62,e98d2d7d-61a8-42e6-9c79-f1c3d6667ec9
Isaiah Hawthorne,25,3.308,-6.85,e186218b-ea58-4542-af85-ac121949c255
O'Mar Stanley,24,3.164,7.63,c35585ea-5c0e-4c72-bd00-07eceb71ee47
Terrence Hargrove Jr.,24,1.203,-8.19,06c40ea5-9150-470e-8f6a-7cde4a102ef6
Cam Young,24,5.093,-24.85,f61521e8-e7f3-4526-a0fa-efedc3c820ca
Steven Richardson,24,2.602,-5.17,1baa93ad-ae20-4faf-b428-11c4aac33778
Quenton Jackson,24,21.655,-11.87,2916816a-1e08-43ef-953d-a81bfe3503ee
Garrison Brooks,23,1.839,-8.12,146c7c56-b7ad-4925-8a9e-93d2c5db55bc
Julian Reese,23,1.266,-16.62,9f1b6ada-6f2a-4683-9f79-e98b06d24f06
Jaykwon Walton,22,4.149,-2.73,59731b4a-481f-4699-a3fe-f39676cc079b
Efe Abogidi,22,0.778,-2.33,2a962d8e-05d1-4d9c-ae45-e128f2ae9c81
Walter Clayton Jr.,22,15.154,5.62,ae81ff91-c142-4a68-b826-4ae75af6a94f
Osayi Osifo,22,1.727,3.44,c1f25993-dd81-43fd-a710-d7b67b6bd974
Noah Penda,22,10.053,-7.40,8257785f-b06f-4feb-a7c3-c58c4fbf99d7
Tyrese Martin,21,7.479,8.14,1d3ff68e-d714-4f70-b952-02cf2252e990
Tyler Polley,21,1.136,-6.11,e48e99e8-0b78-493c-9d6f-15b65e7869c6
Justin Jackson,21,2.639,-17.47,0867f70d-4848-4664-82fb-db397233e78f
Terrence Shannon Jr.,21,21.342,20.19,94d35dd4-a4fe-47ae-a856-cd0d5b1193a9
Olivier-Maxence Prosper,21,11.355,7.56,28df8a9e-306a-47ee-bb0e-55b9ea87d542
T.J. Warren,20,4.165,11.65,ff401666-89ef-11e6-b554-a45e60e298d3
Mo Bamba,20,1.366,-12.66,ee761e41-d0d2-4a56-84cf-353e2ae5a961
Noa Essengue,20,6.698,6.03,fe09888e-ef47-4152-a457-e6f4e04aee54
Vladislav Goldin,20,1.231,0.08,0d1efd50-8b55-402c-af4a-3400a0ecf19e
Jordan Minor,20,1.377,-18.22,ec389395-e86e-494f-ae34-b2b08a74437b
Feron Hunt,19,13.845,-6.51,5210db69-14a3-4c9b-ad2a-62c349f4ac65
Kaden Anderson,19,2.792,1.32,d3403310-4ad2-4ea2-9072-623f9adefc8d
Patrick McCaw,19,1.809,-5.17,ff42a38f-89ef-11e6-bb23-a45e60e298d3
Javon Small,18,11.106,3.61,6b98a36d-b1bc-4b68-bd5b-0671580d44c4
Blaise Threatt,18,12.420,-14.18,7bf581f6-845d-4d34-9460-f09f129eb841
Caleb Grill,18,0.850,-21.94,bbae8544-616e-4d08-9a98-a20e5d47e694
Jordan Bell,18,8.850,17.18,07a35d50-2dd1-4476-a9ac-b6e7154ce069
Julian Phillips,18,10.806,11.07,76ada8a1-6ec8-4915-b57e-fa234b1f2788
Garrett Denbow,17,3.796,-13.41,13631116-cd60-4bc0-9a41-6fed5d44b41c
Josiah Allick,17,1.101,5.56,46de8a99-497a-49cd-a9ec-347e787439e3
Jean-Jacques Boissy,17,8.064,-6.51,3cd15c37-c35d-4061-82f8-728bfefd34c9
Yanic Konan Niederhauser,17,2.792,-5.93,c4c0b9a3-5f7e-4611-977b-e0d73c08a29c
Cam Christie,17,11.466,-0.46,8a68ba44-d87b-41c9-94f3-c94e88cb37a0
Devon Higgs,17,5.662,21.37,72b7a0bc-f1b6-4996-89e8-8c6535bd71c0
Riley Grigsby,17,2.182,3.56,5b7fafbf-2163-4b93-a29d-fc83e9946914
Khaman Maluach,16,2.062,17.17,d4dcccfe-9470-4fef-bac2-e9f6aa1cfd32
Kobe Brown,15,9.365,-2.39,751e59b1-45ae-45f0-bc03-01f6c87520a5
Marquis Barnett,15,8.479,24.64,7edec21a-68b6-453a-b51f-2e3827a52d7d
Lacey James,15,1.968,19.32,04c6579b-6a42-4b88-944b-6cc896241e84
Ariel Hukporti,15,4.052,-0.79,91a10e2e-9784-440d-b0a4-83a8db044c1d
Giddy Potts,15,2.173,17.73,7ac29d25-418d-4bf3-b302-cda0f4aa7cae
Dylan Cardwell,15,1.325,-11.77,fb79aa4f-8468-454c-80db-1768d95b4e42
Samson Johnson,15,0.870,15.63,68596e1c-c815-41b9-ae9b-a8179fee1f36
Warith Alatishe,15,0.932,14.45,ef3f7448-40b8-4701-8feb-456aaa4d1c6e
Dalton Knecht,15,6.291,7.81,b8da7ce7-11b7-4a94-acd4-f309bf4b6333
Martez Brown,14,1.070,5.05,15a40435-a0cb-41f5-8680-120339364fa1
Derrin Boyd,14,3.758,-32.86,6dfc6fb5-d921-403b-b590-c1c4c3e900a9
Geronimo Rubio De La Rosa,14,5.254,-14.94,5bc79052-06fe-4165-bc0d-7121fc331302
Liam Robbins,13,0.958,10.92,831eb28e-7713-4fbe-bf6b-dd0e1e20b1f5
Lance Terry,13,2.837,-6.25,2c5a45b8-029d-4556-9186-221becde7ae7
Omar El-Sheikh,13,2.713,2.33,bdfadf82-2b4c-44e8-ae46-a6e3c9957744
Jermaine Couisnard,13,4.544,-17.74,395250e2-3fc7-41ec-b3e5-be2b920a6458
Josh Minott,12,6.755,-21.93,3dafdc09-40d9-4934-b9c9-8be3bd3eb90a
Tommy Bruner,12,4.570,-1.12,9819211d-c92e-4802-8be4-018f1efe7932
Elijah Cain,12,5.703,16.62,2ce0583b-9426-44be-820b-de29934964ee
Esteban Ezequiel Roacho Amador,12,4.110,-4.54,2d23e4fc-8b5f-4131-af0f-83b0ae3a2c69
Cameron Martin,12,2.323,-2.76,99e062a8-b28c-47b0-9682-92a5d2461cd1
Mohamed Diawara,11,5.963,26.19,cb172f69-5e77-4552-a43b-b2993cb7f689
Tomas Chapero,11,0.422,10.42,5909ae5b-81cc-4f42-adb1-912f0c19edfc
Lahat Thioune,11,1.850,-3.38,81875c9a-a727-4662-bd59-5ce020b80d6a
Aaron Scott,11,0.627,-10.26,800b6f8d-e4b2-40c8-9891-40fa3f84efc3
Trevon Duval,10,22.135,-27.99,94ca1f88-1f26-4d28-aeba-c686a5dde5e2
Tylor Perry,10,5.419,-19.64,0b9ca9bc-f567-4768-9cc5-5e42d6fc8dce
Marcus Sasser,10,18.211,-4.23,5fc1833e-3993-49a8-8970-87ad09b61dff
Ethan Taylor,10,1.823,-18.79,b4569bbc-b31d-4504-a59a-fe40691d1d00
William Hickey,10,11.278,21.64,5673cf85-4703-43f8-b541-dd3923d4c42b
Sy Chatman,10,1.526,14.60,ea9cdbe0-fa96-437f-99d0-f1c67185f3e7
Felipe Haase,10,0.420,2.49,a03683d7-864f-4a20-ba32-5a8d3263c1fa
Jae'Sean Tate,10,20.991,5.38,80383c81-b671-4a11-b003-ae08fba34eb8
Carter Bryant,9,12.988,-15.29,18dc7187-8fc5-47bf-9779-e7a7694c498c
Jeremiah Tilmon,9,0.660,-18.12,285400dc-29c2-4d6a-83a0-5b87049c14f0
Marcus Bagley,9,1.791,15.11,a39bf7f9-11fd-434e-9673-4a184061ad7d
Kario Oquendo,9,5.613,32.46,1ea004d3-81c8-428e-920e-2fde02ccf379
James Banks III,9,0.458,25.11,f4a998d1-4507-43b9-91e3-832dde032d54
Jamiya Neal,9,11.720,-17.44,bd101cdc-8e04-424a-8c61-034c93ff6be7
Moussa Cisse,9,1.007,4.70,b4769ff6-6ae9-446a-a262-0b849da72338
Nique Clifford,8,10.009,-4.45,329049aa-89c8-439b-a0c3-dc93d3609931
Eli John Ndiaye,8,1.405,-3.01,541d7cbf-04ae-40eb-9401-fc9f1fffdcf2
Chase Jeter,8,1.351,3.53,ea3ac175-ec80-45da-aa31-7c38b04c7657
Onno Steger,8,4.554,-19.33,f033b782-7e16-4a10-b000-aff290ea4400
Makhi Mitchell,8,0.900,-8.45,fec781d1-53e1-4e5e-baf1-7937603be356
Philip Alston,8,3.231,-6.95,f05622f9-9133-4b26-8fce-07c056dbcf6c
Isaih Moore,8,0.401,3.77,ea2cbcac-0b28-454f-a3f7-a30bb1d6fbb1
Tyrese Proctor,8,12.270,2.98,27207fcd-251c-4d7b-8d11-48823d8dab1b
Caleb Stone-Carrawell,8,1.629,4.77,c0ac23b6-44cc-4fe7-8a81-560c7fc1003d
Charles Bediako,8,1.381,-16.28,40e03646-000c-4ccf-a366-50f9477583e5
Ray Harrison,7,2.811,-15.82,57be9a58-9fec-4727-b978-d75c7e33e914
Alex Toohey,7,7.191,-21.85,ac601971-3fa2-4aff-940d-0f5fa3745d0c
Cameron Smith,7,5.033,41.70,bd762247-fb20-496c-af57-0abcde142d02
Jamison Battle,6,6.726,47.63,74f1f473-4fc6-4175-bf32-f1f99de73ef8
James Reese,6,5.312,91.59,26f760b4-f286-403c-ae5b-8c4a2f2810ff
Nathan Mariano,6,1.411,23.30,6e090c81-2a42-43d1-9e4e-bd5a04f09b10
Vance Jackson,6,2.235,-17.64,2a70adf2-b7a5-4028-b567-a3b18585a709
Cameron Tyson,6,2.621,-7.54,18ede5d3-f2de-4f9f-a9c3-ffe37ac43566
Abou Ousmane,6,0.313,-29.60,585d08a6-4aa1-45ad-81f0-76cb2c579ab1
Tony Carr,6,14.468,-12.64,4eb5e112-86bc-45b5-a081-deb3f3aa0b67
Joey Calcaterra,6,6.210,88.84,f07958e4-943d-41bd-add3-e75692af9566
Eric Ayala,6,2.302,6.82,0ed3aa02-c44c-4b25-a16c-d448d88b92ea
Trayce Jackson-Davis,6,3.894,-18.66,1991b894-8a5e-4744-a72d-9bd7cb7663c3
Jordan Forbes,5,10.572,-11.81,d03f53e6-1f95-47b7-a843-dab2a10456f0
Kylor Kelley,5,0.263,6.98,08d8e7a7-6e98-43fb-808a-803728ffe738
Lawson Lovering,5,0.261,11.24,ee296dd9-8d26-420c-9aa1-271f6b6a2222
Jaden Seymour,5,5.217,-20.45,667eabca-780b-45aa-8d74-a3418e732e81
Ray Williams, Jr.,5,3.407,1.97,5b0bdabe-6c41-4fef-bcc7-518987c7451a
Zach Hicks,5,1.076,1.33,8e62f792-31da-4509-a4a8-d0bd4144b94a
Mason Madsen,5,2.784,-5.32,d745163f-0ba1-4894-9467-cb7553e99081
Seth Maxwell,5,0.735,25.70,12d95e3f-d714-4300-978c-245c9d0f302c
Kalib Boone,5,0.445,-15.46,57657681-6e1c-4701-8298-93f30846effc
Caleb Mills,4,20.473,5.01,05febea3-f49a-42f6-8214-9cdb36006544
Elijah Pemberton,4,3.971,35.59,0fd95fbb-b175-40e4-a6c7-4864b5678d6f
Maxime Raynaud,4,4.413,-22.46,31a1e47b-7784-4021-b7f2-31e4ef972892
Leonard Miller,4,5.522,-3.69,0eaefaeb-b40c-4fc7-9086-902dc1ab2254
Fousseyni Drame,4,7.510,16.90,0870aa3a-22ad-4cf6-8f45-cbe6ca3f7e75
Isaiah Moore,4,21.581,3.22,ffd1ae3a-bd10-436e-a214-71a0761663e4
Michael Caicedo,4,2.395,23.17,315d7d14-0a97-43d5-bbf8-4b59a0938e21
Dwayne Cohill,3,6.465,-28.83,28c78fcb-5cfa-4d69-bf2f-416eef831e04
Adem Bona,3,3.752,1.18,df125bae-eba5-488c-b948-9767e7090d40
Branden Carlson,3,1.657,9.90,c401774b-397d-4c15-93a0-592eb4752dac
Bryce Wills,3,21.765,39.76,1743e5fa-bc43-42e4-92c1-fa57e57d6312
Nathan Missia-Dio,3,0.849,59.90,ef69e667-2cb2-4590-bb9e-561480e2abeb
Omer Yurtseven,2,0.929,86.04,6811ad75-3527-4bfc-b0bc-8fd46ec62535
Josh Cohen,2,1.668,-16.91,e74d5547-334a-49c7-b5e5-a33913f3596c
Kalil Thomas,2,0.962,11.29,1e30df52-91e3-4394-8265-d813a892b8c7
Isaiah Todd,2,3.037,37.28,1dbb419d-3008-45c5-aade-fb964248499e
Alejandro Vasquez,2,2.744,-2.03,146e6f60-9f61-4669-902f-1f985d239c46
Robert Woodard II,2,2.819,40.03,9bedc1b4-449c-42cb-b9a2-9b0cd3596329
T.J. Weeks,2,1.349,50.17,7d91ff01-e290-4fe8-955f-093a15c1d3b5
Kenan Blackshear,2,27.014,-38.99,31c6650d-c76d-497a-a605-e6ab1a822212
Cheikh Mbacke Diong,2,1.446,61.58,7efefdc5-c8ee-4221-ac12-a35549517aa2
Ray Spalding,2,1.756,-2.89,ef25a4fc-8a16-4dd9-a1fa-e236cd842a32
Keylan Boone,2,11.596,26.56,57039dfd-7492-49c5-b3c3-30c8422fda2d
Ibou Badji,2,0.198,49.03,9e3a3a92-a664-48f7-97d2-0f8f27735dbd
Daniel Batcho,1,0.126,N/A,72e13ad0-9840-41e7-b88f-ab295ef762fb
Parker Van Dyke,1,2.792,-16.24,b25395ca-26fc-4977-bf67-3b99e73e1048
Christian Koloko,1,0.367,-31.10,efbab460-ac97-49e1-aa9f-6e7da27ab2df
Jack Gohlke,1,0.263,-49.37,20e6b7dc-2172-4ce5-a2c7-f61c3c89d703
Steven Crowl,1,0.050,39.60,ee193c16-33d6-4aac-9688-7dde65cf6671
N'Faly Dante,1,1.221,30.72,d6eaf02a-27a0-4e40-8641-632e8d39f965
Davonte Gaines,1,1.509,59.42,6e74a308-26d0-4ebb-b5f2-5a0dbe334f86
Nana Appiah,1,4.080,-9.89,7ad88c05-18d7-492e-9c41-30b2f77e3266
Jaire Grayer,1,2.038,59.98,c641880b-c90c-465e-8564-f6a741fae84b
JP Pegues,1,1.954,51.89,dbabc9d0-e8c8-4399-92a9-047c7ffb580f