Player,Touches,Shots Per Touch,Avg. Touch Length,% TOV,% Touched Paint,SSI Player ID
Darius Brown,3322,0.10867,4.912,3.28,12.28,b7ae8764-a482-4551-82ac-7a91c8292e4b
Daishen Nix,3214,0.21873,5.255,4.51,18.67,06212573-e2e8-4bfa-98cd-4484063dead1
Curtis Jones,3155,0.2019,4.027,2.41,13.19,69489a71-b1eb-4fde-b687-6385e03c1e49
Dink Pate,2902,0.19883,3.750,3.51,15.16,dc8f2d40-88ec-44ef-b6ef-09404a5d49cd
Jon Elmore,2896,0.14088,4.164,2.07,11.84,65bebd10-aa65-48ec-845f-2efcb122287a
Dillon Jones,2883,0.14915,3.899,3.12,14.88,7c13f8c0-55bf-46b9-a41e-cbaeea35c13b
Jaden Akins,2869,0.18926,5.484,4.74,15.41,e6acbf72-2032-4b3f-9672-62f8052c1873
Tristen Newton,2866,0.26029,4.271,3.63,20.87,ea2c60f4-30d3-4154-b99e-b907b24658bf
Kennedy Chandler,2844,0.17581,5.871,3.20,16.84,90cef14e-ebcc-4a00-94e1-b06d8ca04701
Mac McClung,2843,0.24587,4.940,4.12,23.64,d9671fc0-754d-4cd1-b61d-2f6526c31497
Trey Alexander,2837,0.19563,5.015,3.07,18.15,eae5a4b1-2701-4843-b7ed-ac8677e6446b
Wade Taylor IV,2829,0.14457,4.622,3.89,10.25,d809ed56-e0c4-48ab-9cb2-e6e94a8c0842
Dalano Banton,2781,0.25027,5.353,4.64,23.73,ccd8ec3b-3e5b-4f39-9b41-91882f179a73
Max Shulga,2763,0.16721,4.784,4.13,14.77,be819393-353e-4c46-b682-d2ee0d11e736
Jalen Crutcher,2753,0.17254,4.333,3.09,14.97,938ea26e-95ff-4f3b-a385-a965af8195b4
Sean East II,2722,0.2072,5.134,3.45,17.45,673bd14c-085f-4173-9211-d62ae307b0e3
Hayden Gray,2614,0.12892,4.444,2.98,12.59,e901ec95-f7cf-40c9-af32-8dabb981b3cd
RayJ Dennis,2602,0.23059,5.164,3.84,23.21,5c2a5944-cadb-4619-8b0d-04338c63a470
Boo Buie III,2588,0.19784,4.638,2.55,17.12,2327ad6b-a87c-4b5c-8dbb-c64690426e98
Reece Beekman,2515,0.12644,4.522,3.34,23.46,a419b920-f119-41d8-af53-47d3b49ea811
Damion Baugh,2508,0.2181,4.837,4.27,19.82,bcde43ef-a7dd-4d4d-9d7e-a0585052e0b9
Harrison Ingram,2479,0.1553,3.361,2.50,19.93,289b86f4-5aea-4603-a5e7-54793e5eb584
Keshon Gilbert,2463,0.17905,5.848,4.91,26.59,10762d58-0a4c-416e-8e01-0af744c29286
Max Abmas,2463,0.20788,4.246,3.13,13.11,23961594-cb8d-4560-b709-2ace5a6b16a4
Terrell Brown Jr.,2446,0.17457,4.858,2.33,16.15,0784aa6d-2f58-4e8f-8fd0-d3cb2fd08ff8
Jules Bernard,2421,0.27881,4.544,4.71,24.87,7c2fd9b6-9749-4ca1-8d58-b773ff9223dd
Isaiah Stevens,2397,0.14894,4.853,3.05,18.56,27b14c86-8f8d-4cd8-a8ec-bb051cd871bc
Jalen Slawson,2376,0.16456,2.412,3.11,16.58,ee32b868-f2aa-47fd-bc12-e2df467173a0
R.J. Davis,2366,0.23161,5.624,3.68,19.15,af3e4f66-d651-4875-9291-4ee32c6a65dd
Mark Sears,2363,0.1862,4.983,3.64,18.32,6af77143-6aac-4199-ac80-bfa704e2ca51
Sean Pedulla,2349,0.23457,5.316,4.51,20.60,6068f2de-9744-432d-b3f4-f73da0894927
Stephen Thompson,2257,0.1914,3.372,2.30,15.37,41e105ed-f146-4aef-a65b-262abde1841e
Anthony Pritchard,2152,0.13336,4.981,3.35,23.00,58d7789a-e4bc-46cd-91d5-01526491d417
Jarkel Joiner,2149,0.17264,5.261,2.89,13.59,994212e5-17be-4696-bd46-0efcd68787bc
Alex Morales,2148,0.15642,2.682,3.07,20.34,21a9c7c7-f211-4710-9932-3ecfa2fd4256
Jahmir Young,2115,0.22175,4.902,3.50,24.68,dc80c41d-ab1d-4aa4-be9f-8830d7e0dd62
Keion Brooks Jr.,2114,0.22233,2.804,3.83,16.70,088649fd-bea2-4353-a931-850c918b0337
Coleman Hawkins,2101,0.11376,2.376,3.76,17.90,769be316-e69b-4438-a859-7fbbad08accf
Zhaire Smith,2091,0.21521,2.846,3.97,26.88,bf29165e-4d8e-4760-a070-5502dd6c2176
Tyler Burton,2081,0.24363,2.417,3.84,19.65,382afece-e02d-4ce2-92ac-92b1d2333d2c
Dwight Murray, Jr.,2062,0.12755,4.553,2.91,17.26,7880b823-77c5-4925-a287-1af2424a923b
Malachi Smith,2054,0.13583,3.905,2.19,18.99,cf11631f-67ad-4f08-9466-e66859baa68e
Hunter Dickinson,2053,0.22017,1.603,2.78,16.56,00c80505-49a6-4ed4-ae3d-decf5a59b3a2
James Bouknight,2042,0.262,3.232,5.29,17.29,a4bca3d5-c8c6-408f-a4bf-22453062b4b9
Skal Labissiere,2034,0.25762,1.973,2.56,19.76,0943dbc8-178e-4cab-97d6-3f31747698ab
Lester Quinones,2031,0.29394,3.474,3.59,21.47,e4c6a53d-37a8-4278-9230-5a9d9ccc6d02
Taevion Kinsey,2016,0.2128,2.990,4.12,21.97,b17e9b18-8167-47ec-b96c-1a1c88208376
Jahmyl Telfort,2016,0.22569,2.945,2.78,15.72,f7cdd34f-d626-4902-b05a-e39f9ae32dd4
Jack Clark,2012,0.16899,1.648,1.84,7.60,baad4031-1f9b-4e88-9ac6-9c40ed79d7f3
Javonte Smart,2000,0.232,4.528,3.45,15.80,a340ee6f-51b2-400d-8c06-295617b4c779
Kira Lewis Jr.,1998,0.15566,3.733,2.95,12.11,ce287780-67de-44fa-86c2-d87dec5a1e28
Drew Peterson,1994,0.16901,4.227,3.41,12.84,b385f90c-bbc7-4346-8507-4d626e2c0c61
Malik Williams,1973,0.2443,1.945,2.03,16.22,91d9d39e-7ed1-4320-80fc-4d487e79b1fa
D.J. Carton,1962,0.16667,4.485,3.11,17.64,b902fc9f-4b1a-417f-8af7-bfa5c66c95a3
Dane Goodwin,1952,0.23924,1.976,1.59,14.60,83cf7787-d441-4c3a-b5de-a2b2a623350b
Jaylen Sims,1946,0.24666,2.860,2.83,16.91,4e475993-d453-43ef-a5dc-52e715e3e5db
Dexter Dennis,1938,0.24045,2.447,2.58,15.43,b9d78738-9b74-4fdb-9c3f-bce9cb72377a
Ruben Nembhard Jr.,1924,0.19595,4.759,4.52,23.91,27574eb5-d76b-4147-882e-38f3edc014b3
James Akinjo,1898,0.20074,5.773,2.90,20.81,889010b1-1e41-4488-97c5-030be0d70083
Charlie Brown Jr.,1874,0.22999,2.378,3.90,13.55,dfa6209b-514d-438b-9c4c-bd6f1ff85613
Jayden Nunn,1869,0.23328,4.687,3.10,21.03,174b4cc1-dd31-428b-97ad-093422ffe324
Ahmad Caver,1855,0.15202,4.838,3.18,11.97,b37bbd3b-102d-42c2-9bfe-7874d64e9068
Kevin Knox II,1850,0.27459,2.064,2.38,14.86,868bf1ee-0aa9-4762-a685-b32801d25e6a
Bryson Warren,1836,0.19608,4.001,2.23,8.93,de89d563-ec4f-4356-8cba-afd95b5a975a
Saint Thomas,1829,0.15364,3.638,2.79,14.65,9ac60fc8-a677-4c67-8b1a-92c61ac71eec
Cameron Hildreth,1813,0.16382,4.146,3.92,19.64,2c4cbc5a-83fe-4562-afdd-859499b77aa5
DeJon Jarreau,1792,0.17076,5.139,2.90,20.31,3cd02b89-3d2f-46ff-b392-29215f6825b4
Giorgi Bezhanishvili,1779,0.16695,2.094,3.20,17.26,4d0b25c0-eb2c-423a-875e-ba9f74999bdf
Kyle Mangas,1769,0.24647,3.416,3.62,21.88,509e10a3-69e7-41cc-a0b5-44de8eb4659f
Norchad Omier,1769,0.19842,1.663,3.11,28.66,15c34e0c-e636-4bd1-a7db-6435d201f8c6
Cameron Matthews,1758,0.18601,2.503,2.79,20.71,2b3321e5-dc2b-4c37-9ee5-36336690c3ec
Zach Freemantle,1726,0.23117,1.732,2.26,20.16,aaa72835-bf87-4903-8432-953c82e91876
Jaden Shackelford,1709,0.32885,3.518,3.69,21.30,dfffb2fc-160c-41a4-9a75-af0a21d2ba76
DaQuan Jeffries,1706,0.27608,3.032,3.17,16.00,b969f906-aab2-4845-b038-70ec8482bed4
Killian Hayes,1648,0.27367,4.938,4.00,21.06,9a826fec-5df7-4a14-8637-3364dc9433c2
Leaky Black,1645,0.13921,2.202,1.40,12.89,baf1b89d-5bf9-44d8-ae08-43b643b89914
Marques Bolden,1643,0.25076,1.865,2.13,18.50,95b6d616-e911-4060-869d-7f633e7ec049
Chance McMillian,1640,0.2122,4.759,3.41,16.16,d40fdb50-4ea9-488f-85e3-aa57164f9d0a
Jalen Bridges,1625,0.27077,1.910,2.28,14.15,1c7e1fdd-3a9d-4509-b079-a329c993e9d4
Alijah Martin,1613,0.26534,3.504,4.15,28.46,c1035422-a088-42e6-8ad3-db400bb52aa1
Cameron Parker,1600,0.10063,5.114,2.88,20.94,15e3cffa-aed2-4d74-a8e0-ec06dfea63c6
John Butler Jr.,1598,0.16959,1.424,1.94,11.08,16110c22-e5e0-4925-94a9-959285132aeb
AJ Hoggard,1596,0.15977,5.243,4.07,18.86,91fbbfa3-eabc-4c5d-b0d0-b2fc674c84bb
Daeqwon Plowden,1593,0.23603,2.543,3.45,19.59,daca4b6a-526f-49e8-a02e-ba59acb77846
David Roddy,1592,0.17148,2.273,3.77,16.96,ab0a4d97-fd7b-40d9-a72f-b2a862039584
Jaelen House,1589,0.24858,6.330,4.03,26.62,e14de0fe-50fa-4322-a5a2-55cb2137e6f2
A.J. Lawson,1584,0.25,1.900,3.16,15.91,ed39e2d6-ce65-43e5-9ea9-d579d0526a1f
DeAndre Williams,1584,0.26263,2.320,2.78,30.81,d240c74d-0376-4b1e-998d-190b778ced1b
Dennis Smith Jr.,1572,0.13804,4.457,3.12,14.19,4a0f330a-e571-48c4-a685-f82c9436c964
Evan Gilyard,1567,0.18762,5.049,3.06,16.78,0f656aa8-c62c-4fad-ad9f-3442cdc15e50
Javante McCoy,1567,0.24569,3.947,3.13,22.59,fac10e71-d936-4a9b-b017-2e3b743f9833
Mark Armstrong,1557,0.28131,5.490,3.66,28.07,3bc6f704-0fda-4f85-a681-a41d1178948b
Alize Johnson,1552,0.20361,2.891,1.68,22.42,c97ec77d-b190-477c-8f04-2d8be4554830
Mouhamadou Gueye,1544,0.23705,2.203,3.37,27.07,cc3ddd0b-2be3-4043-a3e9-7ae15f6e1ab0
Gabe Madsen,1540,0.16623,2.006,3.18,14.87,7e84815b-7663-437b-8751-28d60ef2c65b
Wendell Moore Jr.,1536,0.24089,3.426,3.13,21.42,96f746dd-7dfb-4ea4-a98c-39ed5d2a0fd5
John Knight III,1534,0.14993,2.758,2.93,24.71,534e334e-2adb-4b8c-9614-8552f0dc5f6d
Dereon Seabron,1526,0.17497,4.588,3.60,22.48,9cd83bc4-5c2c-4f4d-ba20-8fc69a4cfa8a
Koby Brea,1525,0.26295,3.525,3.15,8.72,e2c4bc9d-2cb8-49d6-962a-07bed124b6c8
CJ Huntley,1522,0.20894,1.543,1.58,22.14,a93dac29-3dee-4328-8787-673c2c4d207c
Josh Christopher,1510,0.28411,3.006,3.44,20.93,207daaca-464a-4e71-8c77-cae31615c0e3
LJ Figueroa,1508,0.17772,2.473,2.65,15.38,629382e8-fcc6-4974-b0a3-99fd67940f2d
Andrew Carr,1504,0.18085,1.783,2.26,18.42,d2f39898-17d1-4d74-bfca-1719672b051a
TyTy Washington Jr.,1502,0.21372,4.854,3.00,18.97,0b1c2f8c-380e-4f07-85b0-3b5ff4650d00
Malcolm Hill,1502,0.27563,2.181,2.93,13.38,99f046d4-e2fe-495e-92e9-472b6f6a9c22
Isaac Jones,1500,0.272,2.116,2.80,32.20,a35d4b94-e6ff-4f4a-8f40-d64d70dd4c3a
Marcus Garrett,1497,0.2004,5.138,3.54,24.98,723b0c0c-ac5b-4b0c-b84c-01da7be6c705
Alondes Williams,1492,0.29625,3.545,5.50,22.72,e555cb48-990b-4ef7-8464-59adc6adf34d
John Tonje,1491,0.31858,2.696,4.36,20.52,5bfe6dcb-3da9-45f9-95c0-ed690168c7ba
Zeke Mayo,1491,0.15627,4.559,3.22,9.73,2aa9c687-ca9d-4478-a2c7-8f2797b308b2
Anton Watson,1487,0.21923,2.160,1.34,18.70,8cb4b74b-84e9-40e3-9a3a-a7dd7be9767b
Kendall Brown,1485,0.2303,2.344,3.30,22.09,84863ea4-7e22-4827-9c1e-091a16291b37
Kadary Richmond,1481,0.17286,5.329,3.78,22.08,5f0c2302-aaca-4ac1-b70f-f25abbe14186
Bez Mbeng,1476,0.08875,3.319,2.37,14.30,117522bd-3f51-4ef9-99ae-8cf060df132b
Miles Kelly,1462,0.30027,3.305,3.42,16.01,8e41f240-6f89-4f54-bcc5-534112efd3c2
Alex Schumacher,1455,0.18213,4.274,2.89,13.06,74b58589-0ca1-4a71-ac83-93c57a2e8b83
Patrick Baldwin Jr.,1452,0.28581,2.473,3.72,26.45,45b328c0-b3b8-4a36-a0c1-28e39227ca85
Trevon Scott,1448,0.23757,1.868,2.07,14.57,fc067294-4b2b-42aa-bea6-88cda36ce6d2
Ryan Woolridge,1447,0.09399,4.063,3.04,16.93,a4f5f591-7988-4761-b96d-5efb627bd420
Josh Oduro,1438,0.26982,2.406,4.66,35.95,8356850f-e674-4868-8a3b-7cf5b6193dce
Felipe Haase,1433,0.23378,1.603,3.28,12.77,a03683d7-864f-4a20-ba32-5a8d3263c1fa
Malevy Leons,1425,0.1986,2.509,3.23,24.07,a6b91d1a-7a93-4bda-8562-d762d1f5ad47
Rocco Zikarsky,1420,0.25352,1.676,3.66,25.70,7a36a328-5e4b-42b6-a21b-39e9f97e0188
Enrique Freeman,1415,0.22403,1.941,2.97,24.03,f838df3f-72c5-4cf1-a555-7182e3dccd13
Nick Jourdain,1405,0.16014,1.741,2.42,16.30,1faa4121-7c60-4b48-91c7-217d64555324
Javonte Cooke,1382,0.25036,4.335,2.82,16.79,0c8af3e4-85bf-4c62-921b-d5cc21594198
Johni Broome,1381,0.28313,2.268,3.11,26.94,12c34cc3-1005-4454-bcfa-a5332744fd4c
Isaiah Roby,1369,0.20964,2.141,3.51,15.70,19602b62-cfbe-4d35-81f5-bc244327960e
Jaylin Williams,1365,0.23443,1.954,3.66,19.71,db384374-d594-45b6-a3de-9aa8a66dc226
Trevor Keels,1360,0.31765,2.671,4.34,24.04,58189b84-2563-4034-984b-e61021022c4c
Riley Minix,1358,0.2511,2.427,2.87,20.91,d4332b50-b7fb-4429-9525-e10587f584d9
Matt Allocco,1358,0.07806,4.375,1.40,6.41,1542fce4-02f8-434c-8e0b-c655313fea33
Sean McDermott,1347,0.25167,2.293,2.15,11.66,b5d46463-618d-4328-a3ac-31239ed7af7e
Chris Manon,1341,0.20582,2.618,3.80,23.19,5dde0a80-753d-41a6-9ffa-6193317a3a17
Tyson Etienne,1338,0.21151,2.538,2.32,13.00,316deed2-3f6a-4c1c-9508-2dd0c937cd4c
Teddy Allen,1338,0.29596,2.825,3.74,20.25,03318058-7f1e-4d54-a8b4-cbaf7e836a78
Gabe Levin,1333,0.09377,1.689,2.93,21.23,154a9e91-a046-4e1d-bd25-0fdf6dc87f45
Kyle Guy,1329,0.19263,3.606,3.76,13.54,9eed3d99-6049-4cd0-96bb-4fabb8ad8ddd
Andersson Garcia,1326,0.14932,1.919,2.79,22.85,9b93509f-b8d1-4066-ba4c-6338fed2a84f
Johnny O'Neil,1326,0.20965,1.883,3.32,9.88,266b9ca1-6596-4d2a-947a-0f602c0af725
JaQuori McLaughlin,1316,0.15653,4.714,4.10,15.05,a05930e9-6846-4c42-b5d6-f859b92d97fd
Jordan Hall,1315,0.1962,4.370,3.65,14.68,4b98be48-a61f-4372-8f5d-25f914555a83
Kessler Edwards,1301,0.18601,1.724,2.69,12.07,0dbaa8bb-491d-40b7-ad09-f4605dda699c
Olivier Sarr,1292,0.22523,1.578,3.72,21.13,584a880d-84b9-40fd-876e-852044392606
Blake Hinson,1291,0.33772,2.344,3.64,17.35,64b12646-2555-4dd0-98eb-cb169b3ee58a
Hason Ward,1290,0.19302,1.946,3.18,29.84,99828648-af70-4757-ac4f-8f3e6c8364f5
John Ukomadu,1285,0.22335,1.796,3.11,13.70,b4f22d30-f720-4880-9fc3-a7a1f5679086
Brice Williams,1283,0.2954,2.594,3.82,14.34,bc4eee96-6dec-4e4c-ac60-d467785926cb
Caleb Houstan,1281,0.26464,1.657,3.98,13.27,0ac0ed6b-ebe7-4dcb-b924-c14e31262efc
Tosan Evbuomwan,1281,0.2498,3.040,3.43,25.61,3836af33-7171-4f6b-b4e3-7dc129d8efa6
Jaylen Martin,1270,0.16378,2.966,2.68,17.32,70021baf-68ca-4b04-a865-fe10b1450b62
Gabe McGlothan,1260,0.2381,2.002,3.10,22.94,32f54c28-47c6-4d3c-8364-c3956aef7190
Cormac Ryan,1257,0.27765,2.664,4.77,21.48,f3f41cea-955b-4ff5-b6fc-69991789d721
Deivon Smith,1257,0.15672,5.255,3.50,17.98,9ffb6f28-8fa0-4650-bd30-47f8aa7235a2
Tyson Degenhart,1255,0.18566,1.656,1.67,19.04,7ce310e3-5034-435f-85fd-9db70356ed75
Tristan Enaruna,1249,0.31785,2.109,3.12,27.14,998f2322-7dab-4353-99d7-b23e57eeb3ed
Emanuel Miller,1244,0.26206,2.080,2.73,26.77,9333d369-df08-4c59-9073-3164d584f481
Justin Harmon,1243,0.24296,2.436,2.33,19.23,4c8abee4-0270-4d98-b4ab-cff9969857fc
Taylor Funk,1241,0.21273,1.735,2.42,10.80,951413b1-0a17-4edf-841a-5ca7b9a2c275
Chris Youngblood,1239,0.23487,2.944,3.15,11.70,35206de4-a3c1-415a-b596-126c0ab7b44a
Amari Williams,1233,0.17113,2.608,4.14,24.74,7f8f2047-20da-4fde-b1c4-e046ef5d94f1
Jeremiah Robinson-Earl,1227,0.19315,1.797,2.12,18.66,1a9ac6bd-8b02-4fe8-8096-c435a2a90100
Alex Reese,1225,0.29469,1.471,1.71,12.65,1f6ef8b2-5d7a-4ca6-a9f2-cc8c06c032b8
Trey Galloway,1219,0.18294,4.017,3.77,15.83,8303a10f-1748-43ee-9c4c-59abdffdaf87
PJ Hall,1213,0.23083,2.086,3.05,22.84,4af59bef-250a-46aa-a5d3-e448a55f61ad
Kobe Johnson,1211,0.20231,2.286,2.73,17.01,9f123592-d747-4a41-b903-ad6bcb6ac751
M.J. Iraldi,1210,0.16364,3.233,4.96,21.16,bc70e8c9-c8ff-44fc-b539-10f863d5efec
Chase Hunter,1202,0.18136,3.722,4.33,9.57,50fd1b80-b17c-4168-9cd8-b67adeef9040
Jaden Springer,1194,0.24874,4.406,5.78,26.80,8a1c8d1a-13c8-487e-b85e-6b10ecc1d39f
Nate Hinton,1194,0.23953,2.198,1.84,21.44,2827a99a-9a36-4b8d-8ca8-e77e9771b69c
Lucas Williamson,1193,0.19698,2.190,2.77,9.64,f0ae386a-6794-4f37-b447-84822aa60c4b
Ben Saraf,1192,0.18456,4.726,4.61,21.56,f92bdf23-732f-412f-9b84-9c088cd9474b
Hunter Sallis,1184,0.24916,3.921,3.04,23.31,6d6c60fb-827b-4b00-9033-8fb8a4fb0f32
Nolan Hickman,1180,0.19915,3.970,3.56,12.63,b8b01afe-00df-407e-b0ee-229eacce163c
Victor Oladipo,1175,0.21106,3.197,3.74,15.74,ff415fa8-89ef-11e6-bc85-a45e60e298d3
Basheer Jihad,1171,0.24936,1.698,3.93,28.86,bd9b1fa0-957f-4365-8af3-a545d525965b
Elfrid Payton,1170,0.11966,4.732,4.02,21.37,ff4126dc-89ef-11e6-a96d-a45e60e298d3
Efe Abogidi,1168,0.2851,1.506,3.08,22.69,2a962d8e-05d1-4d9c-ae45-e128f2ae9c81
Sheldon Edwards,1161,0.27476,2.200,2.84,8.01,8d385c74-6c2b-4704-ad41-8e5519b11012
Zyon Pullin,1154,0.21057,4.949,3.29,25.04,21f03dac-c84d-48c5-80ce-a54781f63914
Christian Shumate,1150,0.2087,2.865,4.26,26.17,40ebb929-1947-4008-9cdc-046aa3a4bd87
KJ Simpson,1147,0.19965,4.816,3.66,15.17,1287087b-e6ba-41f9-b2b5-a3d2d1c8d682
Terry Roberts,1134,0.13933,4.559,4.67,21.08,6b0963ac-b00e-46cd-94e8-e60dc3238718
Stanley Umude,1132,0.44258,2.364,4.59,22.97,73712bb9-3143-4176-8eb3-cef6d45e9f92
Manny Obaseki,1127,0.18634,4.723,3.73,21.03,e4cdd91f-718d-4c35-95d1-b3aa28ef79b5
RJ Melendez,1125,0.28711,1.998,3.56,21.78,090cc6af-edb2-4cf8-a374-9b90193c330d
Jonathan Mogbo,1122,0.16043,2.215,3.30,23.35,12f2cb53-d3a1-4a42-b6ed-9238a8eab4f7
Keyontae Johnson,1118,0.34705,2.922,4.56,33.81,d5348336-15a5-416f-8312-bd7030a6277b
Tolu Smith,1111,0.20342,2.204,4.50,32.40,dea8af5c-b86c-4445-b191-20c7806e6a4e
Tyreke Key,1105,0.32489,2.349,2.35,25.88,a9ab59d3-2f04-49b0-b4fd-a265d98af568
Romeo Weems,1102,0.19238,1.731,3.27,14.34,9920a386-699e-42ad-90ac-8fb89d78d1f9
LJ Cryer,1101,0.22252,4.461,3.72,13.44,51c89cc1-c192-4e07-878a-436ad5c2c70a
Eric Dixon,1100,0.38636,2.607,3.00,26.73,11ec3e54-7b96-4e1f-856e-8933eb8de9c3
Nate Williams,1093,0.33669,2.264,3.75,33.85,3ab12c09-2aae-4bc0-a45e-0132e6751116
Donovan Williams,1091,0.35655,2.935,4.40,25.39,12136b74-23d8-49b4-b4de-98a320969c76
Tyrese Samuel,1089,0.15519,1.726,3.58,22.96,f4159312-f59d-46f6-a72d-afb990d1e80a
Mitchell Mascari,1087,0.22815,1.612,2.39,7.82,fdc935b9-0c73-4ca7-ba6b-f3b5aa1f2205
Chaney Johnson,1086,0.24586,1.810,3.68,28.45,4007e9ee-5f46-4b39-9d77-0001aa54f1f4
Steve Settle III,1082,0.20795,1.718,2.40,16.64,f52af8fd-29ee-4aa7-9c70-e211a5d73a12
Kobe Bufkin,1082,0.29482,4.415,4.90,23.29,9e453254-b85d-43ba-a615-8bf683d94834
Jayson Kent,1079,0.26784,1.498,3.06,19.00,dc854637-bbf4-4710-94b5-8c953db3ce27
Justin Minaya,1078,0.21336,2.191,4.08,21.61,8a534421-7dd1-49c4-a304-7b5a2341f904
D'Moi Hodge,1074,0.2067,2.069,2.51,9.50,4fca8d39-a522-46f0-b222-226b8180e35a
MarJon Beauchamp,1072,0.29291,2.740,2.52,17.26,a17b838f-efcd-4d85-adab-39e05d579e13
Kobe Stewart,1055,0.15829,1.935,3.22,13.84,9c8748fc-6d1c-4911-99a0-94e1cf486b48
Lachlan Olbrich,1051,0.17793,2.465,3.52,24.83,684950fe-3bcb-47f2-8bfa-a9941e216b28
Yuri Collins,1048,0.10592,3.666,2.96,13.36,7a58adf5-73d4-4f5e-b042-6ab0d8862313
Akoldah Gak,1047,0.17765,1.746,2.58,23.69,e6e552fd-83e6-4bb7-b80a-9b0bae80ad1c
Dain Dainja,1043,0.29147,2.364,6.33,45.73,3d560bd7-c964-492e-97b7-12c4feda4079
Matthew Murrell,1037,0.29508,2.250,3.18,17.26,42aff9d8-9839-4949-ac9d-97663c8eae23
John Poulakidas,1036,0.30888,2.039,3.28,9.36,12bf97f3-6476-4443-af11-5228771faf66
Tomas Chapero,1034,0.14217,1.300,3.19,25.92,5909ae5b-81cc-4f42-adb1-912f0c19edfc
DaRon Holmes II,1028,0.27918,2.232,2.92,25.58,33ee598f-dbec-467d-982c-9722af3b3261
Charles Bassey,1021,0.22331,1.773,3.23,23.51,089bae1f-5cd7-438c-8ebb-061918727a25
Viktor Lakhin,1020,0.19314,1.794,4.12,19.71,386162d7-b5e6-4aca-9174-cfba1382d491
Arthur Kaluma,1011,0.2819,2.400,4.25,23.74,c7a03fd4-8ba5-4f9e-b62d-db9492da6f1c
Chucky Hepburn,1002,0.15469,5.326,4.09,20.76,4ac4a0ab-ea85-4870-8bd5-9670073a3df4
Moses Brown,996,0.38755,1.990,5.42,50.90,81ca845d-dae4-46b5-89e6-86d619acb3c8
Franco Miller, Jr.,993,0.19738,4.266,3.93,19.13,d681a7cd-c0ad-4497-975c-f750b762a74e
Brooks Barnhizer,992,0.18649,3.326,4.13,25.91,6b9ff8ac-a24a-46b2-8a4a-4f4015c6b353
Drew Timme,989,0.2639,3.224,3.34,26.49,30998b89-18c0-4086-ae61-1830056bb1b7
Quincy Olivari,988,0.19636,4.150,4.05,12.96,cbbbce73-763b-4e1d-820b-1b8f62857eaa
Kylor Kelley,987,0.14387,1.445,2.13,23.51,08d8e7a7-6e98-43fb-808a-803728ffe738
Caleb Grill,987,0.23202,1.292,1.22,5.07,bbae8544-616e-4d08-9a98-a20e5d47e694
Augustas Marciulionis,986,0.1643,5.734,4.46,22.41,89ff2dfc-818b-4d2a-beba-efe0422f6d4c
Dariq Whitehead,984,0.28455,2.605,2.24,11.38,9f8b2ee3-8cc5-4a92-aeb9-c8c52d6e37a2
Steven Ashworth,974,0.10678,4.165,3.70,11.40,63e0883f-eae7-4a6c-ad8f-c7670247241e
DaJuan Gordon,969,0.21362,2.785,4.64,23.01,b7cd24eb-bd7e-4dcc-99a2-7236606d1541
Jason Preston,967,0.14478,4.651,2.79,14.68,b609ade3-6177-4d12-8f4d-e717beb97f97
Trey Jemison III,966,0.14493,2.291,4.45,28.67,48e06536-9d6f-4027-9d17-ec477a9ae3a2
Liam McNeeley,965,0.24767,3.056,2.80,22.69,ba22d012-f7ce-4a1a-873e-d6c3ccf7ae5a
Jacksen Moni,961,0.26951,1.841,2.39,14.36,b16076ab-b7f1-4f61-b1ce-87471a1be027
Caleb McConnell,961,0.17586,3.443,3.02,21.64,9ea29be6-8741-4b28-9a3f-b73d1919c900
Jarron Cumberland,958,0.17119,2.662,3.03,13.67,46d86ca8-8056-40c4-8024-2ba83293aa17
Ethan Thompson,952,0.24475,3.484,2.73,22.16,e303b1cc-a268-4f85-8063-e447c757ede6
William Baker,946,0.22516,2.318,3.28,29.07,dc9d21e3-68f0-4270-a358-8e68da5bbafc
Jameer Nelson Jr.,944,0.27648,4.271,3.81,25.74,55218f5a-96d0-455d-953e-1af096389bc1
Pacome Dadiet,939,0.28541,2.941,4.47,17.36,810fd8fe-5999-4962-9441-004f4a25fea2
Nolan Traore,934,0.17773,4.113,3.85,18.95,4b2dd1ee-169e-4af4-9877-1e600ccc1ac5
Johnny Davis,933,0.25509,2.298,3.11,18.11,bd507dbb-cb87-4e45-ad2e-1990df07ac20
Au'Diese Toney,930,0.18495,1.863,2.58,16.24,a127ee52-bbec-46b6-990c-93a2c3d57b87
Chris Livingston,925,0.28649,2.296,3.89,25.95,f79d533e-f423-4752-a088-6d507d795bdb
Cameron McGriff,920,0.22717,1.983,3.26,15.22,55ec130c-b918-4d9b-9fe5-9b79a5f370f2
Kendall Munson,916,0.18341,1.801,4.80,27.07,11a2c3b6-617d-4889-ac4c-dc3821c6375a
Bryce Thompson,914,0.27133,4.682,4.38,19.47,cc61028a-3c21-4917-a6fe-607bb4085636
Trhae Mitchell,910,0.17253,1.993,2.97,8.24,d98ecec8-9937-426e-ba9a-e019ec88d94f
Orlando Robinson,903,0.26024,2.237,3.77,31.56,e58d10b8-dbfa-46bc-9b80-d078501bcce7
Tyler Smith,903,0.26246,1.716,2.88,17.83,b701694c-6da2-49de-b9a7-ae092466ce67
Bronny James,903,0.17608,4.514,4.10,13.29,ec9d7a06-798b-45e0-8eae-a5bfdd92f0ba
Alex Antetokounmpo,903,0.18605,1.950,2.88,13.29,34a56ad4-cc65-4406-9566-ff884e10c7af
Zhuric Phelps,900,0.19222,5.004,4.33,20.89,cbddda95-fa69-4ae6-b6b0-247f5c669b7f
Toby Okani,886,0.22912,2.152,4.97,21.78,a6c4645d-9238-44cf-92aa-fd318ebb8ebf
Cam Carter,884,0.19118,4.194,3.85,21.72,a183c842-9603-4691-9abd-612235152ad2
Trey McGowens,882,0.18481,3.836,4.08,27.55,a17cb8d2-4fe7-49a1-b4b9-e56f6316d694
Phillip Wheeler,881,0.35755,2.105,4.43,29.51,3d20e735-543b-415b-835b-fa80295fa157
Antonio Reeves,880,0.34205,2.738,3.41,18.86,19004e0e-7982-4513-bdba-24e11e49d49d
Matthew Cleveland,876,0.28881,2.252,3.54,21.58,45913c55-0376-4b4f-9935-00471ffb3033
Jahmai Mashack,875,0.14514,4.791,4.34,18.51,f851dd8e-83fb-42a9-8b76-cc5afe5350fa
Ron Harper Jr.,875,0.32,3.517,3.89,17.60,0fc9db0f-ca5e-49e9-a003-973fa4fd8839
Steven Crowl,874,0.11213,1.578,2.06,18.19,ee193c16-33d6-4aac-9688-7dde65cf6671
MJ Walker,872,0.25688,2.681,3.21,18.23,2733a0f6-5816-47e9-9972-a4f253f15038
Kameron Warrens,871,0.2147,2.782,3.56,17.22,14a1175f-1e82-4a12-9edf-f9445dc58270
Nate Santos,864,0.28009,1.846,3.01,17.36,5d98e4d9-9d4c-416e-896e-662ef6de036b
Mo Bamba,861,0.23461,1.956,2.79,20.67,ee761e41-d0d2-4a56-84cf-353e2ae5a961
Marcus Burk,861,0.19164,1.679,1.74,11.85,017ced69-5d96-4160-b064-3a051a5c9efe
Javan Johnson,858,0.2634,2.262,2.80,13.17,5bf3dc6a-f0bf-4146-9233-0714a95538e5
Matt Cross,857,0.13769,1.557,1.40,15.75,8b71b1ce-93f8-4cf0-9099-64c91af44202
Nick Smith Jr.,855,0.27836,5.487,3.16,18.83,b2d1fbf7-72be-4469-b0c2-db6677a145bd
Taelon Peter,851,0.19271,2.515,2.70,9.75,c870f7e6-686b-40b6-859c-ced3b397cbd8
E.J. Liddell,836,0.27512,2.152,2.51,23.21,f76c835b-10f6-42aa-aafe-3c87b5be8866
Ja'Vier Francis,830,0.17349,1.725,3.13,27.35,426de6ba-834c-455a-8c94-9656ad089275
Isaih Moore,829,0.2304,1.624,2.29,26.18,ea2cbcac-0b28-454f-a3f7-a30bb1d6fbb1
Warith Alatishe,827,0.13059,1.531,1.93,26.84,ef3f7448-40b8-4701-8feb-456aaa4d1c6e
Samson Johnson,816,0.16176,1.825,4.04,27.45,68596e1c-c815-41b9-ae9b-a8179fee1f36
Kevin McCullar Jr.,813,0.21033,3.603,3.81,12.67,1ebb0958-b242-4b10-a0cb-cc3182f35814
Elijah Harkless,809,0.27689,5.045,4.57,19.53,629588b6-9560-45b9-ae52-ff90c299fc4d
Luke Travers,801,0.21973,2.891,4.37,20.10,ef24e628-6674-47d2-8fea-a8ceb61e0fb6
Pierre Crockrell II,798,0.10526,5.336,3.51,20.55,1a254905-e1db-43b8-9f5c-b1bf4e663150
Symir Torrence,798,0.07393,3.927,2.38,11.15,6779419d-662d-4a38-b2ea-cb8e012eed8f
Sean McNeil,795,0.29182,1.883,1.51,10.94,4f71e857-f644-4dfc-9ae8-65416c90df71
Vladislav Goldin,790,0.24304,1.535,2.41,27.85,0d1efd50-8b55-402c-af4a-3400a0ecf19e
Julian Reese,789,0.21926,1.937,5.07,35.49,9f1b6ada-6f2a-4683-9f79-e98b06d24f06
Pete Nance,788,0.16878,2.427,3.05,17.01,a9d51846-7123-4773-be70-de509c877a08
Igor Milicic, Jr.,778,0.21594,1.889,3.08,17.35,96e51137-1852-4b4b-8809-7d07d81b22a8
David Jones Garcia,771,0.36835,5.134,4.93,24.38,8207e744-783c-4fac-8d78-52acb829f00c
Erik Reynolds II,769,0.24447,2.642,2.86,7.15,f3572151-dba9-4dc4-a48a-792e17a3180b
Adam Flagler,765,0.2183,4.646,2.88,17.25,60b1ff6f-7e65-4d93-8b0b-fe76747cb0db
Colin Castleton,765,0.23268,1.808,2.09,31.63,cb160212-66c3-46cf-8728-c0d6612456f8
Cody Martin,764,0.16492,4.206,3.27,15.18,0000b397-3cf4-4dd4-a910-000000000131
Yuki Kawamura,764,0.20026,5.274,4.32,19.76,3d921f8a-1119-4e42-be46-c22ae84d5f58
Bobi Klintman,763,0.28047,2.070,3.80,20.31,61c18542-cf37-49c7-b486-337bb809d326
Jaxson Robinson,752,0.32447,1.885,3.46,9.44,e7e970a3-7025-4ccc-b0f7-271f94238ee5
Garrison Brooks,750,0.13333,1.911,2.13,14.80,146c7c56-b7ad-4925-8a9e-93d2c5db55bc
Stefan Todorovic,743,0.25841,2.219,3.50,18.44,a0dbe31a-75c6-4777-a920-d506c5633bdf
Chris Mantis,743,0.26783,1.781,2.83,7.40,d2d320cb-de1d-4f2f-b238-9697f02b41ff
Payton Sandfort,737,0.24695,1.622,2.58,8.82,54f7a3fd-6e94-4630-9ca3-e05af980008d
Donte Ingram,735,0.24082,2.009,3.67,16.73,1034b6f9-7fc5-4f5f-94fa-2ab920658dd3
Derek Ogbeide,722,0.24654,1.812,3.32,33.93,4f5b0cc7-0740-4ebb-8b37-c464b1f421f3
Reynan dos Santos,719,0.17942,2.985,3.62,13.63,e3cdc093-14ad-4686-ade9-7fc70c5a5a88
Adama Bal,717,0.23013,3.022,3.91,11.72,3559f9a3-9132-409e-a701-a4c5757cb325
Miller Kopp,717,0.26639,1.657,3.35,14.09,817c559a-6812-42ce-8373-1e8132f3b917
Keon Johnson,710,0.24789,5.364,4.79,23.24,7cfacef2-8c7b-41e7-9df3-4a570a6de468
Damari Monsanto,708,0.33475,1.633,2.40,6.78,63a42b38-d8f6-4214-aa03-cb4263b02a9a
Paul Watson,706,0.24079,1.866,2.41,8.78,1aae577a-f08a-437b-81ed-160d66e586b9
David Muoka,705,0.19149,1.783,2.27,31.77,c5a7468d-b9c2-4814-a823-b9bf4a58358f
Tevian Jones,704,0.32955,2.560,3.84,16.05,1d44afa0-7106-441c-b8ed-cc5e216e866b
Terrence Hargrove Jr.,701,0.28531,1.439,3.00,9.56,06c40ea5-9150-470e-8f6a-7cde4a102ef6
Kaleb Johnson,700,0.16714,2.115,1.43,26.00,51e2e08f-d07e-4dbd-a05f-bba8e5c69f96
Isaiah Crawford,700,0.29143,2.325,2.14,21.57,cc5a020f-5862-494b-a997-26288b4f4f12
Sharife Cooper,698,0.20774,5.950,3.87,27.94,2d470912-d9ac-4456-916c-372fc4c84cdc
Yang Hansen,698,0.24928,2.596,5.59,29.08,c6156c46-4275-4470-bed6-6c382811ef91
Chaz Lanier,683,0.36164,2.603,1.90,13.18,3ff2c55c-8857-4cde-85eb-a42b87da7dcd
Nikola Topic,681,0.1909,4.585,4.11,22.76,deb86c8a-aaa2-472e-a66d-a1cbace2c797
Desmond Cambridge,680,0.22647,2.252,3.09,14.56,5f4ae0bb-b9a5-4c83-8441-1e627500c265
DJ Rodman,677,0.20089,2.032,2.81,10.04,18ec54f9-3c06-457d-a0c8-04f2aa513754
Alex Fudge,672,0.20685,1.734,4.02,26.04,1f5a0d41-0c51-4353-9d7a-503196852e33
Buddy Boeheim,671,0.28316,1.944,2.09,7.90,b19737e4-2806-4548-b14b-2062175fb05e
KJ Jones II,669,0.20777,2.195,3.89,24.07,b34e01c3-fde9-402e-a381-1abc45ea21fb
Luke Goode,668,0.23503,1.433,2.25,7.34,4144db18-4210-42b8-af58-fd1dd83e87c6
Kyle Rose,663,0.19608,2.970,1.96,16.44,c7fe17cb-17b0-4fe5-bfde-60cdce624f03
Oscar Tshiebwe,662,0.19033,1.774,2.27,31.87,9234048a-d7a7-4f77-8d48-3b95b6365ae0
AJ Johnson,661,0.25265,4.894,4.54,23.00,2b0ac9c2-0fa5-4ee6-9881-03b737e11dc3
Jabri Abdur-Rahim,654,0.25229,2.062,2.75,10.70,5ba18e46-b710-44bf-8369-1185adf0ce77
Aaron Scott,654,0.2263,1.567,2.45,12.69,800b6f8d-e4b2-40c8-9891-40fa3f84efc3
Caleb Love,651,0.30108,5.090,5.07,25.65,163d0a85-fc13-4c76-8e98-93aae28417d2
Lawson Lovering,644,0.18634,1.375,3.11,38.82,ee296dd9-8d26-420c-9aa1-271f6b6a2222
Paul Zilinskas,643,0.2846,1.679,2.33,11.98,fb3799f7-55e6-46cd-8dba-16e86ee83d37
RJ Felton,640,0.36406,2.513,3.44,27.50,a593fa2b-cb79-4f8a-8139-bba7a2133f2c
Justyn Hamilton,635,0.26299,2.027,3.78,27.56,7be325aa-4951-4bc9-948d-d4177d4cbb1c
Cameron Brown,634,0.20662,2.983,2.37,15.62,c2df5312-12de-4f83-9d1a-3f3c2ab6148f
James Banks III,628,0.15127,1.761,3.82,24.36,f4a998d1-4507-43b9-91e3-832dde032d54
Quincy Guerrier,624,0.21955,1.911,3.37,21.63,e7a09800-4dd6-4745-8dc3-2bb848800f9e
Aminu Mohammed,623,0.18138,2.237,3.69,32.58,6abaacf2-5a3c-4c72-b19c-2a645dd84022
Micah Potter,619,0.18901,1.940,3.72,18.90,1e89c60d-b20e-4499-aba4-b13dba295a52
Martez Brown,614,0.14332,1.589,3.26,22.15,15a40435-a0cb-41f5-8680-120339364fa1
Jeremiah Tilmon,609,0.1445,1.576,4.11,24.47,285400dc-29c2-4d6a-83a0-5b87049c14f0
Dajuan Harris,607,0.09061,3.669,2.80,12.85,51b4a0a5-880c-48d7-a342-2b25ec6cc206
Stephen Mitchell,599,0.1586,4.100,3.01,17.86,1d1c157c-d6cd-492c-8ac1-aca3b6d6c04f
Nikola Djurisic,593,0.23609,2.727,6.91,25.30,0e381936-04ed-49fd-87b0-400686b3e145
Abou Ousmane,591,0.26734,1.351,2.71,37.73,585d08a6-4aa1-45ad-81f0-76cb2c579ab1
Hunter Cattoor,580,0.24828,1.669,1.72,7.24,3b01bc5d-08ef-4a1a-afff-52c5c9f81849
Jonathan Pierre,571,0.24343,2.120,1.40,11.03,94306db4-8243-44b3-9f3e-eb1dd9e258b7
Grant Nelson,562,0.24733,1.887,2.49,32.38,c4012fed-7c3d-4171-a8c7-3432c061c9d7
Michael O'Connell,558,0.16667,3.445,2.15,13.62,e4133038-cf2f-4227-a6d5-566eb968a245
Ibrahima Diallo,552,0.11594,1.871,2.36,21.20,505bb488-33f9-485b-9cce-e0533d462cf1
Craig Randall II,548,0.23905,4.527,5.11,16.24,57c94d1b-101e-4b0a-afc5-d9716233e92d
Jamarion Sharp,544,0.19301,1.136,2.02,29.23,02b5523f-9555-42f2-b2a7-3ba79ce5e959
Ben Coupet Jr.,539,0.21707,2.169,1.86,18.00,8c1d8070-eb6a-44ee-bc37-0a07ad5267fb
Nojel Eastern,534,0.20974,2.033,3.93,20.97,b2251f82-7770-4e0b-994d-c33ff4a1b39d
Tidjane Salaun,526,0.26046,2.339,3.80,22.62,abc5b21b-f2eb-40cb-a9e6-6eb5abeafe60
Tamar Bates,523,0.24092,3.064,3.06,15.11,4e132a3e-20b7-4058-9b69-c71ed0bfd654
Asa Newell,523,0.30402,1.992,2.68,32.31,eb38ea24-c68c-4f72-9a55-2e397b4f0124
Johnell Davis,523,0.21415,2.753,4.21,18.74,7ddd09bd-a98c-468f-ac39-239c33fe8d79
Zack Austin,520,0.28654,1.766,3.65,14.62,cdb9a6bd-2259-43bc-9209-03da5b72234b
Liam Robbins,519,0.31985,1.503,3.47,29.48,831eb28e-7713-4fbe-bf6b-dd0e1e20b1f5
Tyrese Hunter,514,0.18093,4.797,4.47,9.92,4f89702e-6e19-48ef-9be1-8da8a0837a2f
Dylan Cardwell,512,0.17773,1.825,3.32,33.20,fb79aa4f-8468-454c-80db-1768d95b4e42
Hank Morgan,500,0.19,2.381,2.40,11.00,29d938d7-ce0a-4aba-9b2e-b17b2e8d8ee5
Drew Cisse,498,0.14659,1.415,2.81,44.18,4943e7dd-a830-4c29-bd39-a8b168bf00b9
Dakota Mathias,492,0.24797,2.174,2.24,8.33,9f1f34c6-66d2-4093-9328-d2fffffb97d5
Colby Jones,490,0.21837,3.904,4.49,19.39,80ea0675-30db-4ebf-b37f-eb50552e8d0e
Khaman Maluach,482,0.19502,2.012,3.73,17.63,d4dcccfe-9470-4fef-bac2-e9f6aa1cfd32
Tyler Polley,478,0.28452,1.540,2.30,18.41,e48e99e8-0b78-493c-9d6f-15b65e7869c6
Kellen Tynes,478,0.07322,4.177,3.77,11.09,83a05254-611e-4587-a927-613bde48b6ba
Josiah Allick,467,0.18201,1.491,2.14,34.48,46de8a99-497a-49cd-a9ec-347e787439e3
Antoine Davis,466,0.23605,3.700,4.08,9.44,cc05d44b-5260-48a3-b9b6-61ce282a67c0
Jordan Minor,460,0.22609,1.479,3.26,34.13,ec389395-e86e-494f-ae34-b2b08a74437b
Kasparas Jakucionis,457,0.18162,4.250,4.16,19.04,f4881a74-343b-4005-b701-3f53c512aba6
JD Davison,447,0.23266,5.293,4.47,27.74,833b573b-1366-463c-92ea-56e7718c0dc6
Max Klesmit,439,0.20273,2.440,3.19,10.25,ce1fc58a-6a2f-40f5-a83b-c0acdcdf2e01
Giddy Potts,436,0.13761,3.979,2.06,3.90,7ac29d25-418d-4bf3-b302-cda0f4aa7cae
D'Andre Davis,431,0.32947,2.285,4.41,31.55,93c1ccb9-a43d-42a7-a037-b8d2057acc02
Kalib Boone,427,0.1452,1.427,3.28,23.42,57657681-6e1c-4701-8298-93f30846effc
GG Jackson,425,0.24941,2.667,5.65,23.53,de22ebf7-4f76-48b4-805b-b5f87858922f
Matthew Moncrieffe,419,0.11695,2.031,3.34,20.29,3d0d89b4-df1e-43a9-9870-4329d5e8161c
Makhi Mitchell,417,0.1247,1.842,3.60,19.42,fec781d1-53e1-4e5e-baf1-7937603be356
Lacey James,416,0.16346,1.725,2.64,22.36,04c6579b-6a42-4b88-944b-6cc896241e84
Osayi Osifo,413,0.15254,2.035,4.84,31.23,c1f25993-dd81-43fd-a710-d7b67b6bd974
Emoni Bates,408,0.2549,2.659,4.41,9.31,9f1d3f5e-1bf4-4a41-81f4-516081353643
Ryan Nembhard,405,0.2716,6.653,5.19,29.14,f43050bf-10e7-4919-95a0-272b4c616687
Kam Jones,401,0.18454,4.382,3.99,22.44,93ff04cb-5390-4709-a521-c7ce58713f31
Keshad Johnson,394,0.20051,2.016,1.02,14.47,c5cb7e86-5c88-4bd2-bf14-22a65e7bd094
Danny Wolf,394,0.21574,2.401,4.57,21.57,0b1b2334-050a-4f4e-bae7-3865147c950f
Kaden Anderson,391,0.18159,1.830,1.79,18.93,d3403310-4ad2-4ea2-9072-623f9adefc8d
Rahsool Diggins,387,0.17054,4.344,5.68,16.54,6404e275-f55f-42e5-8d36-cddd1661c335
Patrick McCaw,383,0.1436,1.927,2.35,10.18,ff42a38f-89ef-11e6-bb23-a45e60e298d3
Steven Richardson,380,0.16053,2.118,1.32,8.95,1baa93ad-ae20-4faf-b428-11c4aac33778
Jazian Gortman,379,0.24274,5.704,4.75,32.72,dd6ea48a-5adc-4411-bead-f2cf2861a9ce
Jamal Mashburn, Jr.,378,0.25661,3.813,2.65,15.61,e2dcfe4a-9e16-4ab8-8eee-e15ca0db6eb5
Trentyn Flowers,370,0.21622,2.615,4.59,21.62,c917a1b8-8537-4dbe-91bb-c8e376d71ee4
Jamaree Bouyea,367,0.17984,5.187,3.54,18.80,e35aa016-05af-4a0b-92b3-b0d987d11892
Tre King,358,0.4162,1.796,3.63,20.11,2928912b-dd61-4f60-aa20-a01d295e03d6
Seth Maxwell,354,0.15537,1.448,3.67,16.67,12d95e3f-d714-4300-978c-245c9d0f302c
Riley Grigsby,348,0.14943,1.620,2.01,11.21,5b7fafbf-2163-4b93-a29d-fc83e9946914
Moussa Cisse,339,0.24484,1.661,3.24,35.69,b4769ff6-6ae9-446a-a262-0b849da72338
Pedro Bradshaw,338,0.16568,1.981,2.96,15.98,881e8c41-f4cb-44fa-9caa-782d1e294daf
Dawson Garcia,334,0.1976,2.070,4.19,21.86,4aa2ea37-df6a-43f3-9838-5bb4d2e13186
Brandon Slater,329,0.24316,1.653,3.65,20.67,eb81af0f-e8c9-4a55-a018-bb56cbc130ff
Brian Taylor,324,0.16667,1.610,2.78,20.68,ef62751a-0816-46fa-9160-054ef9ec64e4
Jamal Cain,323,0.25077,2.752,4.95,18.89,f42a8b63-1ab4-447f-b74f-be293fc58e99
Cameron Martin,318,0.12893,1.849,2.52,21.38,99e062a8-b28c-47b0-9682-92a5d2461cd1
Trey Townsend,316,0.25949,1.863,3.48,22.47,32735ab8-9eea-40c1-93be-395428840de8
Keyshawn Bryant,316,0.38924,2.057,4.75,24.37,8bfb0e3f-2c04-4dd5-ab0d-c7bf453b1ed5
Micah Parrish,311,0.21865,2.459,3.22,15.11,a233b4d2-746c-48be-9d0d-ce655385c605
Daniel Batcho,306,0.19935,1.578,3.27,34.97,72e13ad0-9840-41e7-b88f-ab295ef762fb
Sy Chatman,306,0.20588,1.375,2.29,22.88,ea9cdbe0-fa96-437f-99d0-f1c67185f3e7
Eli John Ndiaye,305,0.16721,1.830,2.30,15.41,541d7cbf-04ae-40eb-9401-fc9f1fffdcf2
O'Mar Stanley,304,0.1875,1.996,1.64,22.37,c35585ea-5c0e-4c72-bd00-07eceb71ee47
Joan Beringer,304,0.21382,1.684,2.96,39.14,325d465a-ead8-4773-875c-a3fd83d18f23
Kevon Harris,299,0.26087,3.625,3.68,26.09,8190d885-1fd0-4dad-99d7-2431cc018492
Omar El-Sheikh,299,0.17391,1.802,2.68,18.39,bdfadf82-2b4c-44e8-ae46-a6e3c9957744
Jahlil White,297,0.14141,2.620,3.03,21.21,e21b31ea-a8e5-41ad-89b1-72a56bdf59e1
Jamir Watkins,294,0.27891,2.535,3.06,19.73,84ba6ce6-9c37-4225-8f84-14a5cbacea65
Tyler Kolek,290,0.1931,4.267,6.21,21.03,40faa5df-7ced-449d-bd12-300a2938370a
Wooga Poplar,289,0.24221,3.563,2.77,19.38,b3aaee9c-4272-479b-9fdc-7b99458903ea
Jonas Aidoo,287,0.27526,1.445,1.74,30.66,18e9a256-6619-4a10-a5dd-2c89bb7cfb0a
Isaiah Hawthorne,287,0.30314,1.874,5.23,16.38,e186218b-ea58-4542-af85-ac121949c255
Javon Freeman-Liberty,282,0.1773,2.281,0.35,14.54,a28cdf29-f659-4646-b964-87ec3c295ae4
Jamal Bieniemy,280,0.12857,3.542,3.57,13.57,5659992f-2487-47ce-83f7-baedce2a090e
Myron Gardner,273,0.25275,2.399,1.83,26.37,8de6d5bf-730c-4c48-8f00-7f9da72e979e
Justin Jackson,270,0.27037,1.502,2.59,14.07,0867f70d-4848-4664-82fb-db397233e78f
Jay Scrubb,266,0.19549,2.232,2.26,13.53,8488ec31-e9a6-4535-a007-3b6fb6c5f1bd
Ibou Badji,265,0.21509,1.725,3.40,34.34,9e3a3a92-a664-48f7-97d2-0f8f27735dbd
Justin Edwards,264,0.26894,2.778,3.41,15.15,c2b8cc6a-c87c-4dc5-bfea-c4630c2b6f3e
Jaykwon Walton,261,0.18391,2.498,3.83,9.96,59731b4a-481f-4699-a3fe-f39676cc079b
Jackson Rowe,261,0.16475,2.228,3.07,17.62,87777cd1-2099-4edd-8256-f29343fa0fd4
Yanic Konan Niederhauser,260,0.28846,1.730,4.23,35.00,c4c0b9a3-5f7e-4611-977b-e0d73c08a29c
CJ Fulton,258,0.0814,3.369,3.88,9.69,e2d1008a-5cc8-4a4d-9f54-0bacfbd083be
Ebenezer Dowuona,256,0.09375,1.849,1.17,15.23,d435507a-b78e-4251-8feb-ad8c5d01dcb1
Ricky Council IV,255,0.27059,2.391,1.18,19.61,9027d4b5-4d3d-4ee2-98cd-3d105aa7044b
Ace Baldwin,249,0.10843,4.154,5.62,17.27,6ab19369-4aa1-4aa6-8274-b595ac8902be
Malaki Branham,246,0.30488,3.821,4.07,28.86,13030bd6-e3d6-4e2a-9685-88300bc4ec5f
Devin Carter,239,0.33891,3.858,3.77,29.29,8a8e683b-3939-4208-b55c-bc9cefe13a54
Tommy Bruner,239,0.0795,4.435,4.18,6.28,9819211d-c92e-4802-8be4-018f1efe7932
Markelle Fultz,238,0.21429,5.109,2.94,31.09,1114f266-df53-4313-b425-0021dd87864b
Adou Thiero,235,0.31064,2.625,2.55,32.34,9b945fc0-d3bb-405d-bf43-95c6e7d7e87b
Chase Jeter,227,0.31278,2.007,3.52,33.92,ea3ac175-ec80-45da-aa31-7c38b04c7657
Cam Young,227,0.18062,1.978,2.20,15.42,f61521e8-e7f3-4526-a0fa-efedc3c820ca
T.J. Warren,226,0.30088,2.351,2.21,16.37,ff401666-89ef-11e6-b554-a45e60e298d3
Charles Bediako,226,0.21681,1.973,3.54,29.20,40e03646-000c-4ccf-a366-50f9477583e5
Will Riley,224,0.25893,4.615,3.57,28.57,3fb6c927-c443-46a9-aecb-1105dfb05233
Ethan Taylor,223,0.17937,1.918,4.04,8.07,b4569bbc-b31d-4504-a59a-fe40691d1d00
Rasheer Fleming,217,0.35945,1.980,3.69,25.35,4639f41a-c88b-4cf0-91c2-c36d9d4c1e5c
Jacob Toppin,216,0.2037,2.485,4.63,22.22,9e0abf37-2963-4f62-b8f7-104fefa58273
Lahat Thioune,215,0.21395,2.004,3.72,29.30,81875c9a-a727-4662-bd59-5ce020b80d6a
Trae Hannibal,211,0.109,3.452,5.69,17.06,636fef85-a117-4abd-96b9-a45df0f16b53
Issac McBride,207,0.18841,4.711,5.31,11.11,e98d2d7d-61a8-42e6-9c79-f1c3d6667ec9
Terry Taylor,201,0.20398,2.335,1.99,29.35,0852ab90-243b-4951-bfb0-c536f151cba5
Nathan Mariano,201,0.18905,1.435,1.00,12.44,6e090c81-2a42-43d1-9e4e-bd5a04f09b10
Marcus Bagley,199,0.17588,1.625,2.51,15.58,a39bf7f9-11fd-434e-9673-4a184061ad7d
Cody Williams,198,0.22727,3.564,1.01,13.64,8b49e58d-df58-4e21-b984-2bda3ce246e6
Drake Powell,194,0.21134,2.980,2.06,13.92,ed72fbc9-1066-46d8-872e-9a437c4e536e
Tyrese Martin,188,0.24468,3.162,2.13,14.89,1d3ff68e-d714-4f70-b952-02cf2252e990
Ariel Hukporti,188,0.35638,2.019,4.79,32.45,91a10e2e-9784-440d-b0a4-83a8db044c1d
Taylor Hendricks,181,0.33149,2.337,5.52,25.97,91ee33ca-2f8a-421c-8a4d-b0f98d5bc54c
Jack Gohlke,179,0.22905,1.383,0.00,0.56,20e6b7dc-2172-4ce5-a2c7-f61c3c89d703
Jordan Bell,171,0.15789,2.752,3.51,19.30,07a35d50-2dd1-4476-a9ac-b6e7154ce069
Obadiah Noel,171,0.16959,3.747,4.68,23.98,ae301693-1228-4496-9f09-3dede6e84191
Noa Essengue,168,0.28571,1.825,4.17,19.64,fe09888e-ef47-4152-a457-e6f4e04aee54
Caleb Stone-Carrawell,163,0.23313,1.958,4.29,7.98,c0ac23b6-44cc-4fe7-8a81-560c7fc1003d
Garrett Denbow,162,0.33333,1.791,3.09,9.88,13631116-cd60-4bc0-9a41-6fed5d44b41c
Cam Reddish,162,0.30247,3.948,4.94,22.22,5cef3c95-c7c7-4206-b70c-41f647f9498b
Jean-Jacques Boissy,147,0.23129,3.775,4.08,12.24,3cd15c37-c35d-4061-82f8-728bfefd34c9
Rayan Rupert,144,0.16667,2.504,2.78,29.17,f99ade9a-ec49-4d41-b7f8-7e1b16c9ed79
Lance Terry,143,0.21678,2.310,2.80,13.29,2c5a45b8-029d-4556-9186-221becde7ae7
Esteban Ezequiel Roacho Amador,139,0.17266,1.708,3.60,17.27,2d23e4fc-8b5f-4131-af0f-83b0ae3a2c69
Dalen Terry,134,0.19403,4.203,7.46,20.90,8fc64d15-1d47-47e1-bb04-d03f75dccc5a
Zach Hicks,134,0.21642,1.350,3.73,9.70,8e62f792-31da-4509-a4a8-d0bd4144b94a
Noah Penda,134,0.19403,2.844,4.48,18.66,8257785f-b06f-4feb-a7c3-c58c4fbf99d7
Vance Jackson,132,0.17424,2.065,3.79,9.09,2a70adf2-b7a5-4028-b567-a3b18585a709
Branden Carlson,128,0.17969,1.646,3.91,14.06,c401774b-397d-4c15-93a0-592eb4752dac
Jermaine Couisnard,125,0.264,2.484,1.60,16.00,395250e2-3fc7-41ec-b3e5-be2b920a6458
Geronimo Rubio De La Rosa,124,0.31452,2.461,1.61,12.90,5bc79052-06fe-4165-bc0d-7121fc331302
Javon Small,123,0.26016,6.467,4.88,12.20,6b98a36d-b1bc-4b68-bd5b-0671580d44c4
Jared McCain,122,0.27049,4.189,5.74,19.67,eb79ea6c-b337-448d-ac33-7e92219822ef
Derrin Boyd,120,0.28333,2.464,3.33,12.50,6dfc6fb5-d921-403b-b590-c1c4c3e900a9
Nathan Missia-Dio,120,0.11667,1.673,4.17,27.50,ef69e667-2cb2-4590-bb9e-561480e2abeb
Ray Harrison,117,0.17094,3.092,3.42,11.11,57be9a58-9fec-4727-b978-d75c7e33e914
Tylor Perry,115,0.13913,3.758,3.48,9.57,0b9ca9bc-f567-4768-9cc5-5e42d6fc8dce
Mohamed Diawara,112,0.11607,3.206,6.25,11.61,cb172f69-5e77-4552-a43b-b2993cb7f689
Christian Koloko,109,0.19266,1.138,4.59,26.61,efbab460-ac97-49e1-aa9f-6e7da27ab2df
Walter Clayton Jr.,106,0.27358,5.888,5.66,19.81,ae81ff91-c142-4a68-b826-4ae75af6a94f
Feron Hunt,105,0.25714,2.703,4.76,20.95,5210db69-14a3-4c9b-ad2a-62c349f4ac65
Kalil Thomas,103,0.23301,1.598,2.91,1.94,1e30df52-91e3-4394-8265-d813a892b8c7
Jase Richardson,103,0.23301,4.280,2.91,28.16,1cc4e557-6ed1-4db5-8816-1c00724e5554
Dalton Knecht,102,0.40196,3.260,3.92,18.63,b8da7ce7-11b7-4a94-acd4-f309bf4b6333
Vinicius Da Silva,101,0.09901,1.950,3.96,16.83,63049d09-0880-48ee-af08-c8f25b874237
Kobe Brown,100,0.23,3.072,3.00,21.00,751e59b1-45ae-45f0-bc03-01f6c87520a5
Eric Ayala,98,0.14286,2.579,1.02,9.18,0ed3aa02-c44c-4b25-a16c-d448d88b92ea
Omer Yurtseven,97,0.34021,1.749,1.03,41.24,6811ad75-3527-4bfc-b0bc-8fd46ec62535
Cameron Tyson,97,0.27835,2.267,2.06,6.19,18ede5d3-f2de-4f9f-a9c3-ffe37ac43566
Quenton Jackson,96,0.26042,4.109,1.04,22.92,2916816a-1e08-43ef-953d-a81bfe3503ee
Blaise Threatt,96,0.20833,4.147,0.00,20.83,7bf581f6-845d-4d34-9460-f09f129eb841
Cam Christie,90,0.2,2.696,4.44,18.89,8a68ba44-d87b-41c9-94f3-c94e88cb37a0
Olivier-Maxence Prosper,88,0.27273,3.211,1.14,27.27,28df8a9e-306a-47ee-bb0e-55b9ea87d542
Michael Caicedo,87,0.10345,1.356,1.15,10.34,315d7d14-0a97-43d5-bbf8-4b59a0938e21
James Reese,87,0.10345,3.774,6.90,6.90,26f760b4-f286-403c-ae5b-8c4a2f2810ff
Marquis Barnett,83,0.25301,2.545,4.82,22.89,7edec21a-68b6-453a-b51f-2e3827a52d7d
Mason Madsen,83,0.20482,2.395,4.82,6.02,d745163f-0ba1-4894-9467-cb7553e99081
Vernon Carey Jr.,83,0.38554,1.314,1.20,26.51,9dc84f16-116c-451e-a191-b54f210fecbe
Devon Higgs,80,0.275,1.583,6.25,23.75,72b7a0bc-f1b6-4996-89e8-8c6535bd71c0
Alex Toohey,74,0.2027,2.153,4.05,12.16,ac601971-3fa2-4aff-940d-0f5fa3745d0c
Julian Phillips,74,0.37838,3.195,8.11,32.43,76ada8a1-6ec8-4915-b57e-fa234b1f2788
Onno Steger,72,0.15278,2.013,4.17,13.89,f033b782-7e16-4a10-b000-aff290ea4400
Philip Alston,72,0.25,1.808,5.56,26.39,f05622f9-9133-4b26-8fce-07c056dbcf6c
Joey Calcaterra,71,0.09859,2.948,4.23,9.86,f07958e4-943d-41bd-add3-e75692af9566
Josh Minott,69,0.31884,2.224,5.80,18.84,3dafdc09-40d9-4934-b9c9-8be3bd3eb90a
Elijah Cain,68,0.32353,1.562,1.47,16.18,2ce0583b-9426-44be-820b-de29934964ee
Terrence Shannon Jr.,67,0.31343,4.540,4.48,26.87,94d35dd4-a4fe-47ae-a856-cd0d5b1193a9
Trayce Jackson-Davis,66,0.34848,2.631,4.55,40.91,1991b894-8a5e-4744-a72d-9bd7cb7663c3
William Hickey,62,0.09677,4.414,4.84,16.13,5673cf85-4703-43f8-b541-dd3923d4c42b
Cameron Smith,61,0.21311,2.443,6.56,13.11,bd762247-fb20-496c-af57-0abcde142d02
Cheikh Mbacke Diong,60,0.16667,1.688,3.33,25.00,7efefdc5-c8ee-4221-ac12-a35549517aa2
Chandler Baker,56,0.32143,1.153,3.57,3.57,db071247-1883-4852-b647-0b794ee7cdee
Jamison Battle,54,0.31481,1.581,1.85,7.41,74f1f473-4fc6-4175-bf32-f1f99de73ef8
Maxime Raynaud,54,0.2037,1.936,3.70,22.22,31a1e47b-7784-4021-b7f2-31e4ef972892
Ray Spalding,54,0.37037,1.499,5.56,31.48,ef25a4fc-8a16-4dd9-a1fa-e236cd842a32
Kario Oquendo,53,0.32075,2.869,5.66,30.19,1ea004d3-81c8-428e-920e-2fde02ccf379
N'Faly Dante,50,0.08,1.636,6.00,26.00,d6eaf02a-27a0-4e40-8641-632e8d39f965
Marcus Sasser,49,0.36735,4.836,4.08,20.41,5fc1833e-3993-49a8-8970-87ad09b61dff
Tyrese Proctor,48,0.33333,4.389,4.17,14.58,27207fcd-251c-4d7b-8d11-48823d8dab1b
Nique Clifford,47,0.21277,2.863,6.38,23.40,329049aa-89c8-439b-a0c3-dc93d3609931
Elijah Pemberton,47,0.19149,3.063,0.00,8.51,0fd95fbb-b175-40e4-a6c7-4864b5678d6f
Josh Cohen,45,0.17778,1.418,0.00,26.67,e74d5547-334a-49c7-b5e5-a33913f3596c
T.J. Weeks,43,0.25581,2.243,2.33,4.65,7d91ff01-e290-4fe8-955f-093a15c1d3b5
Jamiya Neal,43,0.16279,3.626,11.63,27.91,bd101cdc-8e04-424a-8c61-034c93ff6be7
Dwayne Cohill,42,0.09524,3.322,0.00,9.52,28c78fcb-5cfa-4d69-bf2f-416eef831e04
Jordan Forbes,36,0.13889,3.872,8.33,19.44,d03f53e6-1f95-47b7-a843-dab2a10456f0
Adem Bona,36,0.22222,1.803,2.78,27.78,df125bae-eba5-488c-b948-9767e7090d40
Ray Williams, Jr.,34,0.17647,2.009,2.94,14.71,5b0bdabe-6c41-4fef-bcc7-518987c7451a
Jaden Seymour,34,0.20588,1.884,0.00,17.65,667eabca-780b-45aa-8d74-a3418e732e81
Trevon Duval,34,0.14706,4.515,2.94,29.41,94ca1f88-1f26-4d28-aeba-c686a5dde5e2
Jace Carter,32,0.125,2.136,6.25,0.00,d6029d99-f377-4558-8061-e383e37d162d
Robert Woodard II,32,0.125,2.658,0.00,15.63,9bedc1b4-449c-42cb-b9a2-9b0cd3596329
Jae'Sean Tate,32,0.40625,3.797,6.25,43.75,80383c81-b671-4a11-b003-ae08fba34eb8
JP Pegues,29,0.13793,3.375,3.45,3.45,dbabc9d0-e8c8-4399-92a9-047c7ffb580f
Carter Bryant,28,0.39286,4.323,7.14,28.57,18dc7187-8fc5-47bf-9779-e7a7694c498c
Tony Carr,28,0.17857,3.910,0.00,25.00,4eb5e112-86bc-45b5-a081-deb3f3aa0b67
Leonard Miller,28,0.10714,2.111,3.57,14.29,0eaefaeb-b40c-4fc7-9086-902dc1ab2254
Alejandro Vasquez,27,0.25926,2.516,11.11,22.22,146e6f60-9f61-4669-902f-1f985d239c46
Jaden Bediako,26,0.11538,1.528,11.54,30.77,d22cb3b8-91ce-4a2a-bae7-a358a426a9af
Fousseyni Drame,21,0.19048,2.061,9.52,19.05,0870aa3a-22ad-4cf6-8f45-cbe6ca3f7e75
Davonte Gaines,21,0.19048,1.488,0.00,9.52,6e74a308-26d0-4ebb-b5f2-5a0dbe334f86
Isaiah Todd,21,0.42857,1.280,0.00,42.86,1dbb419d-3008-45c5-aade-fb964248499e
Noah Starkey,21,0,1.798,0.00,4.76,f5063d15-52b4-45d8-9151-24339b9db9b3
Jaire Grayer,16,0.1875,2.337,6.25,18.75,c641880b-c90c-465e-8564-f6a741fae84b
Josue Erazo,15,0.13333,1.493,0.00,6.67,68813475-aec9-4124-948e-507895e853c7
Caleb Mills,12,0.16667,5.950,8.33,25.00,05febea3-f49a-42f6-8214-9cdb36006544
Bryce Wills,12,0,5.530,16.67,25.00,1743e5fa-bc43-42e4-92c1-fa57e57d6312
Ileri Ayo-Faleye,11,0.18182,2.000,9.09,9.09,8419ad0c-1d1b-41ad-a04b-4d8bd3aff0a0
Parker Van Dyke,8,0,2.495,0.00,12.50,b25395ca-26fc-4977-bf67-3b99e73e1048
Matt Becht,8,0.125,2.090,0.00,0.00,37e8858f-5f40-4a44-8f60-2f6e2316aae8
Keylan Boone,6,0.5,2.040,0.00,16.67,57039dfd-7492-49c5-b3c3-30c8422fda2d
Isaiah Moore,5,0.4,3.496,0.00,60.00,ffd1ae3a-bd10-436e-a214-71a0761663e4
Kenan Blackshear,5,0.4,4.152,0.00,40.00,31c6650d-c76d-497a-a605-e6ab1a822212
Nana Appiah,4,0.25,2.020,25.00,25.00,7ad88c05-18d7-492e-9c41-30b2f77e3266
P.J. Hayes,3,0.33333,1.787,0.00,0.00,659ecb80-2665-4645-b890-ef69b738b5e3