Ballhandler Defender,Picks,Picks Per 100 Possessions,Direct Picks,qSQ,Points Per Chance,Points Per Direct,SSI Player ID
Terrell Brown Jr.,373,14.363,263,46.80,0.894,0.921,0784aa6d-2f58-4e8f-8fd0-d3cb2fd08ff8
Max Abmas,360,12.770,220,52.24,1.019,1.047,23961594-cb8d-4560-b709-2ace5a6b16a4
Jaden Akins,353,12.198,208,48.98,0.906,0.847,e6acbf72-2032-4b3f-9672-62f8052c1873
Hayden Gray,345,12.670,213,52.35,0.853,0.879,e901ec95-f7cf-40c9-af32-8dabb981b3cd
Jayden Nunn,334,12.416,212,46.86,0.862,0.980,174b4cc1-dd31-428b-97ad-093422ffe324
Kennedy Chandler,312,10.179,215,50.03,0.855,0.906,90cef14e-ebcc-4a00-94e1-b06d8ca04701
Mark Sears,311,12.878,216,49.07,0.930,0.980,6af77143-6aac-4199-ac80-bfa704e2ca51
Boo Buie III,305,10.916,184,52.69,0.941,0.920,2327ad6b-a87c-4b5c-8dbb-c64690426e98
Darius Brown,297,9.495,196,50.27,0.917,0.938,b7ae8764-a482-4551-82ac-7a91c8292e4b
Justin Harmon,288,13.229,172,49.81,1.020,1.106,4c8abee4-0270-4d98-b4ab-cff9969857fc
Jalen Crutcher,286,8.607,186,48.64,0.976,0.914,938ea26e-95ff-4f3b-a385-a965af8195b4
Taevion Kinsey,281,8.828,189,49.99,0.881,0.864,b17e9b18-8167-47ec-b96c-1a1c88208376
Mac McClung,278,9.011,188,51.54,0.935,0.859,d9671fc0-754d-4cd1-b61d-2f6526c31497
Trey Alexander,258,9.482,167,49.14,0.929,0.944,eae5a4b1-2701-4843-b7ed-ac8677e6446b
Sean East II,258,8.574,166,51.78,0.914,1.000,673bd14c-085f-4173-9211-d62ae307b0e3
Cameron Hildreth,253,12.849,160,54.04,1.009,0.993,2c4cbc5a-83fe-4562-afdd-859499b77aa5
Anthony Pritchard,252,11.326,144,46.69,0.886,0.874,58d7789a-e4bc-46cd-91d5-01526491d417
Dexter Dennis,251,8.572,166,46.56,0.974,1.094,b9d78738-9b74-4fdb-9c3f-bce9cb72377a
RayJ Dennis,248,9.168,148,54.47,1.243,1.340,5c2a5944-cadb-4619-8b0d-04338c63a470
Reece Beekman,247,8.679,147,52.12,0.909,0.899,a419b920-f119-41d8-af53-47d3b49ea811
James Bouknight,247,8.645,137,49.62,0.927,1.008,a4bca3d5-c8c6-408f-a4bf-22453062b4b9
Saint Thomas,239,9.771,153,49.40,1.010,1.062,9ac60fc8-a677-4c67-8b1a-92c61ac71eec
Ahmad Caver,239,12.213,147,48.82,0.860,0.741,b37bbd3b-102d-42c2-9bfe-7874d64e9068
Chance McMillian,239,13.168,168,49.99,1.009,0.987,d40fdb50-4ea9-488f-85e3-aa57164f9d0a
Malachi Smith,238,11.924,130,47.70,0.893,0.959,cf11631f-67ad-4f08-9466-e66859baa68e
James Akinjo,236,13.053,152,48.64,0.961,1.035,889010b1-1e41-4488-97c5-030be0d70083
Marcus Garrett,235,12.189,151,49.44,1.000,1.007,723b0c0c-ac5b-4b0c-b84c-01da7be6c705
Hunter Sallis,235,11.845,144,55.40,1.028,0.971,6d6c60fb-827b-4b00-9033-8fb8a4fb0f32
Charlie Brown Jr.,233,7.829,127,47.52,0.856,0.926,dfa6209b-514d-438b-9c4c-bd6f1ff85613
Alex Schumacher,231,15.258,145,50.86,0.995,0.963,74b58589-0ca1-4a71-ac83-93c57a2e8b83
Au'Diese Toney,226,12.236,140,50.21,0.798,0.857,a127ee52-bbec-46b6-990c-93a2c3d57b87
Toby Okani,226,11.620,146,46.22,1.120,1.103,a6c4645d-9238-44cf-92aa-fd318ebb8ebf
Jahmir Young,224,10.205,129,47.61,0.985,0.992,dc80c41d-ab1d-4aa4-be9f-8830d7e0dd62
Jahmyl Telfort,223,7.238,137,50.42,0.860,0.883,f7cdd34f-d626-4902-b05a-e39f9ae32dd4
Damion Baugh,221,8.876,149,49.28,1.109,1.152,bcde43ef-a7dd-4d4d-9d7e-a0585052e0b9
Jaelen House,220,13.439,132,56.19,1.051,1.057,e14de0fe-50fa-4322-a5a2-55cb2137e6f2
Chris Manon,220,8.641,144,46.38,0.741,0.837,5dde0a80-753d-41a6-9ffa-6193317a3a17
A.J. Lawson,219,9.252,134,48.41,0.924,0.825,ed39e2d6-ce65-43e5-9ea9-d579d0526a1f
Jaylen Sims,218,7.646,150,49.59,1.066,1.055,4e475993-d453-43ef-a5dc-52e715e3e5db
Stanley Umude,217,7.781,149,47.68,1.000,0.986,73712bb9-3143-4176-8eb3-cef6d45e9f92
Alijah Martin,213,8.813,137,45.32,0.901,0.915,c1035422-a088-42e6-8ad3-db400bb52aa1
Jarkel Joiner,212,9.266,139,50.43,0.945,1.008,994212e5-17be-4696-bd46-0efcd68787bc
Bez Mbeng,212,9.233,127,47.71,0.858,0.881,117522bd-3f51-4ef9-99ae-8cf060df132b
Trey McGowens,210,15.021,134,47.11,0.911,1.024,a17cb8d2-4fe7-49a1-b4b9-e56f6316d694
R.J. Davis,210,7.107,144,47.66,0.978,0.912,af3e4f66-d651-4875-9291-4ee32c6a65dd
John Tonje,209,7.578,155,50.78,1.011,0.954,5bfe6dcb-3da9-45f9-95c0-ed690168c7ba
Jayson Kent,208,7.779,139,46.30,0.951,0.910,dc854637-bbf4-4710-94b5-8c953db3ce27
Bryson Warren,208,12.164,131,47.01,1.115,1.184,de89d563-ec4f-4356-8cba-afd95b5a975a
D.J. Carton,206,9.184,109,50.72,0.922,0.933,b902fc9f-4b1a-417f-8af7-bfa5c66c95a3
Sean Pedulla,206,8.120,146,47.81,0.938,1.007,6068f2de-9744-432d-b3f4-f73da0894927
RJ Felton,205,12.447,136,53.49,0.797,0.736,a593fa2b-cb79-4f8a-8139-bba7a2133f2c
Tyler Burton,204,6.948,135,48.89,1.071,1.069,382afece-e02d-4ce2-92ac-92b1d2333d2c
Jaden Shackelford,203,6.821,132,48.74,0.925,0.938,dfffb2fc-160c-41a4-9a75-af0a21d2ba76
Dwight Murray, Jr.,203,9.446,129,50.07,0.825,0.918,7880b823-77c5-4925-a287-1af2424a923b
Matt Allocco,202,11.380,113,51.39,0.856,0.802,1542fce4-02f8-434c-8e0b-c655313fea33
Kira Lewis Jr.,202,9.546,136,49.79,0.984,1.085,ce287780-67de-44fa-86c2-d87dec5a1e28
MarJon Beauchamp,198,10.476,132,48.96,1.069,1.132,a17b838f-efcd-4d85-adab-39e05d579e13
Keshon Gilbert,193,7.539,125,50.23,0.690,0.680,10762d58-0a4c-416e-8e01-0af744c29286
Evan Gilyard,193,12.010,130,51.29,0.902,0.919,0f656aa8-c62c-4fad-ad9f-3442cdc15e50
Curtis Jones,193,6.351,126,50.12,1.045,1.057,69489a71-b1eb-4fde-b687-6385e03c1e49
Ruben Nembhard Jr.,192,8.209,127,51.89,0.954,0.951,27574eb5-d76b-4147-882e-38f3edc014b3
Malcolm Hill,191,6.248,132,51.27,1.036,0.952,99f046d4-e2fe-495e-92e9-472b6f6a9c22
Lucas Williamson,191,8.690,119,51.95,0.938,1.133,f0ae386a-6794-4f37-b447-84822aa60c4b
Jules Bernard,189,5.862,125,47.59,0.970,0.959,7c2fd9b6-9749-4ca1-8d58-b773ff9223dd
Ryan Woolridge,188,9.984,122,51.12,0.850,0.915,a4f5f591-7988-4761-b96d-5efb627bd420
Matthew Murrell,186,7.366,134,52.81,1.018,1.023,42aff9d8-9839-4949-ac9d-97663c8eae23
Max Shulga,185,6.984,120,48.45,0.913,0.966,be819393-353e-4c46-b682-d2ee0d11e736
Kyle Mangas,185,6.558,132,49.09,0.870,0.935,509e10a3-69e7-41cc-a0b5-44de8eb4659f
Trhae Mitchell,184,8.251,112,48.36,0.937,0.916,d98ecec8-9937-426e-ba9a-e019ec88d94f
Wade Taylor IV,183,6.576,95,51.62,0.974,0.989,d809ed56-e0c4-48ab-9cb2-e6e94a8c0842
Dink Pate,182,5.867,125,48.64,1.057,1.065,dc8f2d40-88ec-44ef-b6ef-09404a5d49cd
Chase Hunter,180,10.084,119,49.36,0.945,0.907,50fd1b80-b17c-4168-9cd8-b67adeef9040
Romeo Weems,178,8.500,134,48.77,0.975,0.985,9920a386-699e-42ad-90ac-8fb89d78d1f9
Tyreke Key,174,7.382,119,49.00,0.899,0.930,a9ab59d3-2f04-49b0-b4fd-a265d98af568
Dillon Jones,173,5.624,120,48.39,1.094,1.094,7c13f8c0-55bf-46b9-a41e-cbaeea35c13b
Sheldon Edwards,173,8.590,110,49.66,0.904,0.835,8d385c74-6c2b-4704-ad41-8e5519b11012
Daeqwon Plowden,171,8.047,115,48.45,1.045,1.000,daca4b6a-526f-49e8-a02e-ba59acb77846
Isaiah Stevens,170,7.556,119,50.70,1.116,1.162,27b14c86-8f8d-4cd8-a8ec-bb051cd871bc
Dereon Seabron,169,11.082,114,52.56,1.091,1.037,9cd83bc4-5c2c-4f4d-ba20-8fc69a4cfa8a
Jalen Bridges,168,5.192,113,47.37,1.014,1.065,1c7e1fdd-3a9d-4509-b079-a329c993e9d4
Emanuel Miller,165,5.970,110,49.91,0.850,0.822,9333d369-df08-4c59-9073-3164d584f481
Sean McDermott,161,6.216,117,55.12,0.980,1.000,b5d46463-618d-4328-a3ac-31239ed7af7e
Dane Goodwin,158,4.969,115,50.77,1.047,1.099,83cf7787-d441-4c3a-b5de-a2b2a623350b
Deivon Smith,157,12.285,99,49.49,0.851,0.872,9ffb6f28-8fa0-4650-bd30-47f8aa7235a2
Tristen Newton,155,4.209,98,49.80,0.924,0.902,ea2c60f4-30d3-4154-b99e-b907b24658bf
DeJon Jarreau,155,9.949,101,50.67,1.171,1.323,3cd02b89-3d2f-46ff-b392-29215f6825b4
Dennis Smith Jr.,150,9.317,94,50.59,1.022,1.022,4a0f330a-e571-48c4-a685-f82c9436c964
Kobe Johnson,149,8.076,96,50.31,0.919,0.935,9f123592-d747-4a41-b903-ad6bcb6ac751
Steven Ashworth,149,15.112,85,49.41,0.791,0.810,63e0883f-eae7-4a6c-ad8f-c7670247241e
MJ Walker,148,8.783,92,51.28,0.946,0.890,2733a0f6-5816-47e9-9972-a4f253f15038
Terry Roberts,147,14.121,81,49.85,1.067,1.083,6b0963ac-b00e-46cd-94e8-e60dc3238718
D'Moi Hodge,147,6.709,89,49.74,1.226,1.239,4fca8d39-a522-46f0-b222-226b8180e35a
Pierre Crockrell II,146,15.466,99,52.17,1.183,1.193,1a254905-e1db-43b8-9f5c-b1bf4e663150
Brice Williams,146,6.615,102,51.59,0.870,0.823,bc4eee96-6dec-4e4c-ac60-d467785926cb
Malevy Leons,146,6.406,101,50.43,1.096,1.030,a6b91d1a-7a93-4bda-8562-d762d1f5ad47
Zyon Pullin,143,8.960,93,50.96,0.836,0.848,21f03dac-c84d-48c5-80ce-a54781f63914
Drew Peterson,142,6.092,90,50.17,0.884,0.771,b385f90c-bbc7-4346-8507-4d626e2c0c61
Nate Williams,141,5.760,82,48.78,0.968,0.800,3ab12c09-2aae-4bc0-a45e-0132e6751116
John Poulakidas,140,6.022,84,47.01,0.911,0.902,12bf97f3-6476-4443-af11-5228771faf66
Daishen Nix,140,3.749,77,52.90,0.972,0.903,06212573-e2e8-4bfa-98cd-4484063dead1
Taelon Peter,140,10.703,77,49.49,0.983,1.055,c870f7e6-686b-40b6-859c-ced3b397cbd8
JaQuori McLaughlin,139,9.748,96,49.56,1.123,1.088,a05930e9-6846-4c42-b5d6-f859b92d97fd
John Ukomadu,138,5.470,87,48.67,0.757,0.857,b4f22d30-f720-4880-9fc3-a7a1f5679086
Justin Minaya,138,5.603,92,46.62,0.927,1.022,8a534421-7dd1-49c4-a304-7b5a2341f904
Josh Christopher,137,6.017,84,49.94,1.000,1.087,207daaca-464a-4e71-8c77-cae31615c0e3
Zeke Mayo,136,7.184,82,50.57,0.924,1.065,2aa9c687-ca9d-4478-a2c7-8f2797b308b2
Tyson Etienne,136,7.763,76,49.49,0.874,0.829,316deed2-3f6a-4c1c-9508-2dd0c937cd4c
KJ Jones II,136,10.768,89,50.32,1.077,0.892,b34e01c3-fde9-402e-a381-1abc45ea21fb
Killian Hayes,136,7.109,85,47.91,1.145,1.193,9a826fec-5df7-4a14-8637-3364dc9433c2
Mitchell Mascari,135,7.405,94,46.42,0.950,0.944,fdc935b9-0c73-4ca7-ba6b-f3b5aa1f2205
Stephen Thompson,134,5.013,99,51.00,0.853,0.763,41e105ed-f146-4aef-a65b-262abde1841e
Antonio Reeves,133,5.938,91,48.46,0.896,1.023,19004e0e-7982-4513-bdba-24e11e49d49d
Alex Morales,133,4.447,82,50.40,0.875,0.911,21a9c7c7-f211-4710-9932-3ecfa2fd4256
LJ Figueroa,132,5.976,83,51.22,0.940,0.950,629382e8-fcc6-4974-b0a3-99fd67940f2d
Donte Ingram,132,6.984,87,49.35,0.925,0.905,1034b6f9-7fc5-4f5f-94fa-2ab920658dd3
Kyle Guy,131,8.333,81,48.28,0.932,0.949,9eed3d99-6049-4cd0-96bb-4fabb8ad8ddd
Javonte Smart,131,5.345,82,52.29,1.050,1.051,a340ee6f-51b2-400d-8c06-295617b4c779
John Knight III,129,4.241,76,51.39,0.901,0.919,534e334e-2adb-4b8c-9614-8552f0dc5f6d
Nolan Hickman,129,6.370,82,52.69,1.170,1.128,b8b01afe-00df-407e-b0ee-229eacce163c
Jack Clark,129,4.536,88,47.15,0.896,0.855,baad4031-1f9b-4e88-9ac6-9c40ed79d7f3
Jon Elmore,128,4.834,90,50.66,0.802,0.814,65bebd10-aa65-48ec-845f-2efcb122287a
TyTy Washington Jr.,128,7.386,81,53.36,1.084,1.050,0b1c2f8c-380e-4f07-85b0-3b5ff4650d00
Caleb Grill,128,6.780,79,46.20,0.920,0.844,bbae8544-616e-4d08-9a98-a20e5d47e694
Reynan dos Santos,128,14.050,78,48.22,0.924,0.934,e3cdc093-14ad-4686-ade9-7fc70c5a5a88
Mark Armstrong,128,6.439,85,50.70,1.087,1.134,3bc6f704-0fda-4f85-a681-a41d1178948b
Cameron Matthews,126,4.049,78,52.96,0.947,0.883,2b3321e5-dc2b-4c37-9ee5-36336690c3ec
DaJuan Gordon,125,7.135,84,49.21,0.926,0.935,b7cd24eb-bd7e-4dcc-99a2-7236606d1541
Jaden Springer,124,6.578,79,48.91,1.026,1.079,8a1c8d1a-13c8-487e-b85e-6b10ecc1d39f
Chucky Hepburn,124,11.314,77,43.11,0.743,0.658,4ac4a0ab-ea85-4870-8bd5-9670073a3df4
Jahmai Mashack,123,12.059,81,43.58,0.835,0.868,f851dd8e-83fb-42a9-8b76-cc5afe5350fa
Keion Brooks Jr.,121,4.055,83,51.17,1.087,0.975,088649fd-bea2-4353-a931-850c918b0337
Manny Obaseki,120,9.057,74,51.67,0.896,0.945,e4cdd91f-718d-4c35-95d1-b3aa28ef79b5
Miles Kelly,118,5.592,69,49.35,0.840,1.000,8e41f240-6f89-4f54-bcc5-534112efd3c2
Gabe Madsen,117,4.081,73,49.51,0.913,1.043,7e84815b-7663-437b-8751-28d60ef2c65b
Kendall Brown,114,4.071,70,48.47,0.889,0.908,84863ea4-7e22-4827-9c1e-091a16291b37
AJ Hoggard,112,6.385,82,48.59,0.837,0.835,91fbbfa3-eabc-4c5d-b0d0-b2fc674c84bb
Lester Quinones,112,3.673,74,52.30,0.768,0.814,e4c6a53d-37a8-4278-9230-5a9d9ccc6d02
Ben Saraf,112,9.765,55,48.85,0.859,0.717,f92bdf23-732f-412f-9b84-9c088cd9474b
Zhuric Phelps,111,11.223,73,49.51,0.833,0.881,cbddda95-fa69-4ae6-b6b0-247f5c669b7f
Keyontae Johnson,111,5.412,62,48.67,0.922,1.052,d5348336-15a5-416f-8312-bd7030a6277b
Jameer Nelson Jr.,111,9.585,70,47.72,0.979,0.828,55218f5a-96d0-455d-953e-1af096389bc1
Kevin McCullar Jr.,109,11.708,78,47.55,0.939,0.932,1ebb0958-b242-4b10-a0cb-cc3182f35814
Franco Miller, Jr.,109,9.222,73,51.22,1.021,0.926,d681a7cd-c0ad-4497-975c-f750b762a74e
Elfrid Payton,108,7.906,79,48.95,0.923,0.884,ff4126dc-89ef-11e6-a96d-a45e60e298d3
Quincy Olivari,108,8.911,68,47.74,0.840,0.873,cbbbce73-763b-4e1d-820b-1b8f62857eaa
Jaylen Martin,108,6.754,81,49.64,1.068,1.137,70021baf-68ca-4b04-a865-fe10b1450b62
Zhaire Smith,107,3.211,69,48.77,1.000,0.970,bf29165e-4d8e-4760-a070-5502dd6c2176
Adama Bal,107,10.279,74,43.43,0.925,1.014,3559f9a3-9132-409e-a701-a4c5757cb325
Johnny O'Neil,106,4.617,75,54.39,1.190,1.247,266b9ca1-6596-4d2a-947a-0f602c0af725
Sean McNeil,106,5.096,65,48.88,0.946,0.778,4f71e857-f644-4dfc-9ae8-65416c90df71
Dajuan Harris,106,12.184,77,46.06,1.205,1.155,51b4a0a5-880c-48d7-a342-2b25ec6cc206
Cormac Ryan,106,5.796,63,44.56,0.905,1.016,f3f41cea-955b-4ff5-b6fc-69991789d721
LJ Cryer,105,9.194,63,52.72,1.138,1.183,51c89cc1-c192-4e07-878a-436ad5c2c70a
Elijah Harkless,104,10.811,65,49.41,0.921,0.952,629588b6-9560-45b9-ae52-ff90c299fc4d
Paul Zilinskas,104,6.093,69,50.98,1.010,1.075,fb3799f7-55e6-46cd-8dba-16e86ee83d37
Javante McCoy,103,5.165,65,54.69,1.085,1.065,fac10e71-d936-4a9b-b017-2e3b743f9833
DJ Rodman,103,7.574,64,46.17,0.847,0.831,18ec54f9-3c06-457d-a0c8-04f2aa513754
Marcus Burk,103,5.189,63,51.28,0.731,0.712,017ced69-5d96-4160-b064-3a051a5c9efe
Nate Hinton,102,5.144,67,49.74,1.136,1.141,2827a99a-9a36-4b8d-8ca8-e77e9771b69c
Koby Brea,102,4.365,67,47.84,0.967,1.000,e2c4bc9d-2cb8-49d6-962a-07bed124b6c8
Enrique Freeman,101,3.811,75,49.51,1.089,1.043,f838df3f-72c5-4cf1-a555-7182e3dccd13
Anton Watson,101,3.641,60,53.35,1.044,1.207,8cb4b74b-84e9-40e3-9a3a-a7dd7be9767b
Tosan Evbuomwan,100,5.141,71,49.65,0.750,0.853,3836af33-7171-4f6b-b4e3-7dc129d8efa6
Desmond Cambridge,100,8.787,59,50.78,0.802,0.764,5f4ae0bb-b9a5-4c83-8441-1e627500c265
Cam Carter,100,8.937,54,47.11,0.742,0.760,a183c842-9603-4691-9abd-612235152ad2
Javonte Cooke,98,5.809,69,45.24,0.788,0.697,0c8af3e4-85bf-4c62-921b-d5cc21594198
Yuri Collins,98,9.432,53,52.03,0.798,0.706,7a58adf5-73d4-4f5e-b042-6ab0d8862313
Kobe Bufkin,98,5.998,73,47.93,0.968,1.069,9e453254-b85d-43ba-a615-8bf683d94834
Kobe Stewart,97,5.490,65,46.33,0.833,0.862,9c8748fc-6d1c-4911-99a0-94e1cf486b48
Christian Shumate,96,4.582,66,48.67,0.954,0.969,40ebb929-1947-4008-9cdc-046aa3a4bd87
Nolan Traore,95,10.710,57,50.88,0.964,1.071,4b2dd1ee-169e-4af4-9877-1e600ccc1ac5
Chris Youngblood,95,5.982,59,43.97,1.000,1.086,35206de4-a3c1-415a-b596-126c0ab7b44a
Johnny Davis,95,6.325,58,43.60,0.859,1.077,bd507dbb-cb87-4e45-ad2e-1990df07ac20
David Jones Garcia,93,8.378,60,45.12,0.949,1.073,8207e744-783c-4fac-8d78-52acb829f00c
Trevor Keels,92,3.702,51,44.75,1.027,1.140,58189b84-2563-4034-984b-e61021022c4c
Bronny James,92,7.945,58,49.08,0.902,0.895,ec9d7a06-798b-45e0-8eae-a5bfdd92f0ba
Wendell Moore Jr.,90,4.420,53,50.80,0.838,0.792,96f746dd-7dfb-4ea4-a98c-39ed5d2a0fd5
Donovan Williams,90,4.627,64,47.39,1.131,1.188,12136b74-23d8-49b4-b4de-98a320969c76
Kameron Warrens,89,5.746,65,50.58,0.916,0.922,14a1175f-1e82-4a12-9edf-f9445dc58270
Max Klesmit,89,10.148,57,50.84,0.975,1.071,ce1fc58a-6a2f-40f5-a83b-c0acdcdf2e01
Adam Flagler,89,9.388,67,51.41,0.933,0.950,60b1ff6f-7e65-4d93-8b0b-fe76747cb0db
Hunter Cattoor,88,7.352,54,50.36,0.848,0.880,3b01bc5d-08ef-4a1a-afff-52c5c9f81849
Javan Johnson,88,5.514,65,50.11,0.951,0.923,5bf3dc6a-f0bf-4146-9233-0714a95538e5
Augustas Marciulionis,88,7.528,58,47.79,1.051,1.071,89ff2dfc-818b-4d2a-beba-efe0422f6d4c
Leaky Black,88,3.482,59,54.18,1.114,1.236,baf1b89d-5bf9-44d8-ae08-43b643b89914
Kyle Rose,87,6.656,50,47.46,1.130,1.245,c7fe17cb-17b0-4fe5-bfde-60cdce624f03
KJ Simpson,86,6.886,59,53.61,0.753,0.684,1287087b-e6ba-41f9-b2b5-a3d2d1c8d682
Victor Oladipo,86,5.907,48,50.04,0.878,0.818,ff415fa8-89ef-11e6-bc85-a45e60e298d3
RJ Melendez,85,4.118,59,44.48,0.623,0.582,090cc6af-edb2-4cf8-a374-9b90193c330d
Cameron Parker,85,5.466,56,51.33,1.253,1.241,15e3cffa-aed2-4d74-a8e0-ec06dfea63c6
Keyshawn Bryant,84,8.714,64,49.97,1.081,1.069,8bfb0e3f-2c04-4dd5-ab0d-c7bf453b1ed5
Stephen Mitchell,84,8.408,58,55.37,1.108,1.125,1d1c157c-d6cd-492c-8ac1-aca3b6d6c04f
Trey Galloway,83,5.993,57,52.51,1.240,1.375,8303a10f-1748-43ee-9c4c-59abdffdaf87
Kessler Edwards,83,4.031,51,43.89,0.808,1.020,0dbaa8bb-491d-40b7-ad09-f4605dda699c
Bryce Thompson,82,6.250,41,51.90,0.737,0.775,cc61028a-3c21-4917-a6fe-607bb4085636
Giddy Potts,81,13.455,47,51.80,1.085,1.200,7ac29d25-418d-4bf3-b302-cda0f4aa7cae
Chris Livingston,79,4.154,51,48.53,0.794,0.784,f79d533e-f423-4752-a088-6d507d795bdb
Harrison Ingram,79,2.952,55,47.49,0.900,0.926,289b86f4-5aea-4603-a5e7-54793e5eb584
Zack Austin,78,7.052,47,46.67,0.657,0.511,cdb9a6bd-2259-43bc-9209-03da5b72234b
Yuki Kawamura,78,9.898,53,52.26,1.090,1.163,3d921f8a-1119-4e42-be46-c22ae84d5f58
Alondes Williams,78,3.390,56,51.44,0.878,0.963,e555cb48-990b-4ef7-8464-59adc6adf34d
Mouhamadou Gueye,77,2.710,48,50.90,0.910,1.064,cc3ddd0b-2be3-4043-a3e9-7ae15f6e1ab0
Dariq Whitehead,76,4.750,48,48.86,0.913,0.833,9f8b2ee3-8cc5-4a92-aeb9-c8c52d6e37a2
Jamal Mashburn, Jr.,75,15.823,46,50.59,1.152,1.432,e2dcfe4a-9e16-4ab8-8eee-e15ca0db6eb5
Blake Hinson,75,3.230,51,52.58,1.032,1.020,64b12646-2555-4dd0-98eb-cb169b3ee58a
Dalano Banton,74,2.631,51,43.43,0.803,0.882,ccd8ec3b-3e5b-4f39-9b41-91882f179a73
M.J. Iraldi,74,4.496,53,47.38,1.134,1.020,bc70e8c9-c8ff-44fc-b539-10f863d5efec
Matthew Cleveland,74,3.807,51,51.43,0.667,0.706,45913c55-0376-4b4f-9935-00471ffb3033
Jason Preston,73,7.573,47,51.09,1.167,1.109,b609ade3-6177-4d12-8f4d-e717beb97f97
Erik Reynolds II,73,6.119,47,53.69,1.060,1.022,f3572151-dba9-4dc4-a48a-792e17a3180b
Brooks Barnhizer,73,4.990,46,43.86,0.940,0.909,6b9ff8ac-a24a-46b2-8a4a-4f4015c6b353
Patrick McCaw,72,8.018,46,46.62,0.667,0.667,ff42a38f-89ef-11e6-bb23-a45e60e298d3
Nojel Eastern,71,6.472,43,52.62,1.210,0.927,b2251f82-7770-4e0b-994d-c33ff4a1b39d
Trentyn Flowers,70,8.102,48,47.49,1.016,1.065,c917a1b8-8537-4dbe-91bb-c8e376d71ee4
Sharife Cooper,68,8.608,45,49.62,0.923,0.978,2d470912-d9ac-4456-916c-372fc4c84cdc
Kadary Richmond,67,3.733,43,53.97,0.897,1.000,5f0c2302-aaca-4ac1-b70f-f25abbe14186
Aaron Scott,67,4.476,44,44.61,0.953,0.791,800b6f8d-e4b2-40c8-9891-40fa3f84efc3
Michael O'Connell,67,9.682,39,45.91,0.982,1.026,e4133038-cf2f-4227-a6d5-566eb968a245
Tyrese Hunter,66,8.907,49,53.76,0.932,0.913,4f89702e-6e19-48ef-9be1-8da8a0837a2f
Ben Coupet Jr.,66,5.957,44,53.72,1.203,1.023,8c1d8070-eb6a-44ee-bc37-0a07ad5267fb
Symir Torrence,65,6.626,41,46.87,1.053,1.103,6779419d-662d-4a38-b2ea-cb8e012eed8f
Jamal Bieniemy,65,10.604,45,48.30,0.944,0.902,5659992f-2487-47ce-83f7-baedce2a090e
David Roddy,65,3.240,42,52.81,0.895,0.905,ab0a4d97-fd7b-40d9-a72f-b2a862039584
Paul Watson,64,4.275,36,50.48,1.050,1.029,1aae577a-f08a-437b-81ed-160d66e586b9
Jeremiah Robinson-Earl,63,3.271,46,50.34,0.914,0.978,1a9ac6bd-8b02-4fe8-8096-c435a2a90100
Brian Taylor,63,6.984,43,45.73,0.709,0.732,ef62751a-0816-46fa-9160-054ef9ec64e4
Nate Santos,63,3.117,45,42.58,0.707,0.750,5d98e4d9-9d4c-416e-896e-662ef6de036b
Nick Smith Jr.,62,6.019,41,47.84,0.536,0.641,b2d1fbf7-72be-4469-b0c2-db6677a145bd
Caleb Houstan,62,2.548,45,50.02,1.017,0.956,0ac0ed6b-ebe7-4dcb-b924-c14e31262efc
Teddy Allen,62,2.808,40,52.29,0.964,0.795,03318058-7f1e-4d54-a8b4-cbaf7e836a78
Keon Johnson,61,7.912,34,49.76,1.073,1.188,7cfacef2-8c7b-41e7-9df3-4a570a6de468
Eric Dixon,61,2.698,36,48.49,1.018,1.083,11ec3e54-7b96-4e1f-856e-8933eb8de9c3
Kellen Tynes,61,10.739,37,48.97,0.900,1.000,83a05254-611e-4587-a927-613bde48b6ba
Steve Settle III,60,3.023,39,45.82,0.909,0.821,f52af8fd-29ee-4aa7-9c70-e211a5d73a12
Liam McNeeley,60,4.721,44,49.07,1.000,1.116,ba22d012-f7ce-4a1a-873e-d6c3ccf7ae5a
DaQuan Jeffries,59,2.646,43,49.29,0.764,0.837,b969f906-aab2-4845-b038-70ec8482bed4
Phillip Wheeler,58,2.776,34,48.38,0.904,1.063,3d20e735-543b-415b-835b-fa80295fa157
Cameron Brown,57,6.522,32,39.22,0.633,0.710,c2df5312-12de-4f83-9d1a-3f3c2ab6148f
Tyson Degenhart,55,2.627,39,48.50,0.925,1.103,7ce310e3-5034-435f-85fd-9db70356ed75
Chaz Lanier,55,4.047,27,45.84,0.830,1.038,3ff2c55c-8857-4cde-85eb-a42b87da7dcd
Tevian Jones,54,3.082,41,49.48,0.940,0.976,1d44afa0-7106-441c-b8ed-cc5e216e866b
Kam Jones,54,12.081,30,49.51,0.867,0.846,93ff04cb-5390-4709-a521-c7ce58713f31
Rahsool Diggins,53,12.559,30,54.75,0.755,0.750,6404e275-f55f-42e5-8d36-cddd1661c335
Jaxson Robinson,53,3.149,36,43.73,0.500,0.556,e7e970a3-7025-4ccc-b0f7-271f94238ee5
Terrence Hargrove Jr.,53,3.027,42,52.05,1.490,1.525,06c40ea5-9150-470e-8f6a-7cde4a102ef6
Hank Morgan,52,5.184,42,51.95,0.959,1.024,29d938d7-ce0a-4aba-9b2e-b17b2e8d8ee5
Caleb Love,52,7.314,39,46.37,0.745,0.757,163d0a85-fc13-4c76-8e98-93aae28417d2
D'Andre Davis,51,4.913,33,51.34,0.857,0.806,93c1ccb9-a43d-42a7-a037-b8d2057acc02
Isaiah Crawford,51,3.559,28,55.85,0.810,0.889,cc5a020f-5862-494b-a997-26288b4f4f12
Alize Johnson,51,2.130,34,41.00,0.960,0.879,c97ec77d-b190-477c-8f04-2d8be4554830
Chaney Johnson,51,2.586,31,48.97,0.978,0.903,4007e9ee-5f46-4b39-9d77-0001aa54f1f4
AJ Johnson,51,6.589,31,49.20,0.767,0.714,2b0ac9c2-0fa5-4ee6-9881-03b737e11dc3
Nick Jourdain,51,2.510,30,45.65,0.711,0.800,1faa4121-7c60-4b48-91c7-217d64555324
Caleb McConnell,49,3.598,35,55.91,1.182,1.257,9ea29be6-8741-4b28-9a3f-b73d1919c900
Ron Harper Jr.,49,4.087,32,46.80,0.523,0.438,0fc9db0f-ca5e-49e9-a003-973fa4fd8839
Jordan Hall,49,3.693,39,51.96,1.093,1.158,4b98be48-a61f-4372-8f5d-25f914555a83
Tristan Enaruna,49,2.025,25,48.90,0.935,0.840,998f2322-7dab-4353-99d7-b23e57eeb3ed
Kevin Knox II,49,1.823,32,49.90,0.533,0.700,868bf1ee-0aa9-4762-a685-b32801d25e6a
Colby Jones,49,8.958,31,54.77,1.415,1.464,80ea0675-30db-4ebf-b37f-eb50552e8d0e
Arthur Kaluma,48,2.442,34,53.34,0.651,0.618,c7a03fd4-8ba5-4f9e-b62d-db9492da6f1c
Ethan Thompson,48,4.078,33,47.59,0.818,0.688,e303b1cc-a268-4f85-8063-e447c757ede6
Riley Minix,48,2.187,37,44.22,1.044,0.946,d4332b50-b7fb-4429-9525-e10587f584d9
Tidjane Salaun,48,5.101,30,50.71,1.136,1.241,abc5b21b-f2eb-40cb-a9e6-6eb5abeafe60
Miller Kopp,47,2.806,36,50.72,0.956,0.889,817c559a-6812-42ce-8373-1e8132f3b917
Jarron Cumberland,47,2.866,22,48.90,0.872,0.773,46d86ca8-8056-40c4-8024-2ba83293aa17
Trevon Scott,47,1.981,27,51.33,1.048,0.846,fc067294-4b2b-42aa-bea6-88cda36ce6d2
Nikola Djurisic,46,4.868,31,53.26,1.300,1.448,0e381936-04ed-49fd-87b0-400686b3e145
Matt Cross,44,2.795,30,51.26,0.756,0.967,8b71b1ce-93f8-4cf0-9099-64c91af44202
Josh Oduro,44,1.711,33,42.81,0.818,0.758,8356850f-e674-4868-8a3b-7cf5b6193dce
Cam Young,44,10.706,28,48.17,0.919,0.926,f61521e8-e7f3-4526-a0fa-efedc3c820ca
Luke Goode,43,2.803,24,49.53,1.176,1.250,4144db18-4210-42b8-af58-fd1dd83e87c6
Cody Martin,43,4.821,23,52.12,1.053,0.913,0000b397-3cf4-4dd4-a910-000000000131
Chris Mantis,43,2.529,32,50.01,0.976,1.000,d2d320cb-de1d-4f2f-b238-9697f02b41ff
Taylor Funk,42,1.990,34,49.94,0.769,0.818,951413b1-0a17-4edf-841a-5ca7b9a2c275
Patrick Baldwin Jr.,42,1.920,24,51.61,0.500,0.583,45b328c0-b3b8-4a36-a0c1-28e39227ca85
Jonathan Mogbo,42,2.778,25,50.48,0.975,1.000,12f2cb53-d3a1-4a42-b6ed-9238a8eab4f7
Efe Abogidi,42,1.716,28,48.19,0.757,0.643,2a962d8e-05d1-4d9c-ae45-e128f2ae9c81
Coleman Hawkins,42,1.568,33,47.28,0.795,0.969,769be316-e69b-4438-a859-7fbbad08accf
Tyler Polley,41,2.553,26,47.92,1.079,1.308,e48e99e8-0b78-493c-9d6f-15b65e7869c6
Nikola Topic,41,5.783,24,43.38,0.825,0.958,deb86c8a-aaa2-472e-a66d-a1cbace2c797
Andersson Garcia,41,2.068,26,45.94,0.846,0.769,9b93509f-b8d1-4066-ba4c-6338fed2a84f
Pacome Dadiet,41,3.060,36,46.33,1.000,1.029,810fd8fe-5999-4962-9441-004f4a25fea2
Tyler Smith,40,2.235,28,57.41,1.114,1.107,b701694c-6da2-49de-b9a7-ae092466ce67
Ace Baldwin,40,9.153,26,42.65,0.944,1.000,6ab19369-4aa1-4aa6-8274-b595ac8902be
Wooga Poplar,40,8.230,22,54.33,1.235,1.136,b3aaee9c-4272-479b-9fdc-7b99458903ea
Lance Terry,39,9.677,24,48.10,0.647,0.583,2c5a45b8-029d-4556-9186-221becde7ae7
Kaleb Johnson,38,2.476,23,54.88,1.147,1.174,51e2e08f-d07e-4dbd-a05f-bba8e5c69f96
DeAndre Williams,38,1.505,30,57.14,1.281,1.241,d240c74d-0376-4b1e-998d-190b778ced1b
Buddy Boeheim,37,3.226,15,46.84,1.162,1.133,b19737e4-2806-4548-b14b-2062175fb05e
Jacksen Moni,37,2.053,33,49.23,0.676,0.719,b16076ab-b7f1-4f61-b1ce-87471a1be027
Jalen Slawson,36,1.475,23,43.80,1.031,0.818,ee32b868-f2aa-47fd-bc12-e2df467173a0
Aminu Mohammed,35,3.108,24,44.64,0.828,0.913,6abaacf2-5a3c-4c72-b19c-2a645dd84022
E.J. Liddell,35,2.383,20,49.83,0.656,0.500,f76c835b-10f6-42aa-aafe-3c87b5be8866
Cameron McGriff,35,2.234,25,50.46,0.813,0.800,55ec130c-b918-4d9b-9fe5-9b79a5f370f2
Johnell Davis,34,3.977,22,46.81,0.448,0.619,7ddd09bd-a98c-468f-ac39-239c33fe8d79
Jaylin Williams,34,1.449,26,50.10,0.875,0.960,db384374-d594-45b6-a3de-9aa8a66dc226
Kasparas Jakucionis,33,6.832,18,53.60,0.742,0.667,f4881a74-343b-4005-b701-3f53c512aba6
Steven Richardson,32,4.216,16,49.21,1.111,0.875,1baa93ad-ae20-4faf-b428-11c4aac33778
Jabri Abdur-Rahim,32,2.735,17,51.79,0.700,0.588,5ba18e46-b710-44bf-8369-1185adf0ce77
Jamir Watkins,32,5.787,20,46.68,1.000,1.000,84ba6ce6-9c37-4225-8f84-14a5cbacea65
Alex Antetokounmpo,32,1.863,23,54.01,1.148,1.261,34a56ad4-cc65-4406-9566-ff884e10c7af
Geronimo Rubio De La Rosa,32,14.222,22,52.42,1.333,1.333,5bc79052-06fe-4165-bc0d-7121fc331302
Jamaree Bouyea,31,7.750,18,48.03,0.733,0.500,e35aa016-05af-4a0b-92b3-b0d987d11892
Riley Grigsby,31,4.532,20,52.64,1.333,1.250,5b7fafbf-2163-4b93-a29d-fc83e9946914
Jamal Cain,31,5.391,23,41.87,1.423,1.571,f42a8b63-1ab4-447f-b74f-be293fc58e99
JD Davison,31,5.730,23,48.50,0.862,1.000,833b573b-1366-463c-92ea-56e7718c0dc6
Brandon Slater,30,4.815,23,47.69,1.038,1.087,eb81af0f-e8c9-4a55-a018-bb56cbc130ff
CJ Fulton,30,7.732,21,50.94,1.036,0.857,e2d1008a-5cc8-4a4d-9f54-0bacfbd083be
Alex Reese,30,1.345,18,55.07,1.111,1.111,1f6ef8b2-5d7a-4ca6-a9f2-cc8c06c032b8
Adou Thiero,30,6.452,17,49.69,0.625,0.563,9b945fc0-d3bb-405d-bf43-95c6e7d7e87b
Tamar Bates,29,3.400,22,45.30,1.111,1.048,4e132a3e-20b7-4058-9b69-c71ed0bfd654
Issac McBride,29,14.146,21,52.29,0.750,0.667,e98d2d7d-61a8-42e6-9c79-f1c3d6667ec9
Antoine Davis,29,6.170,18,42.66,0.963,0.941,cc05d44b-5260-48a3-b9b6-61ce282a67c0
Jaykwon Walton,28,5.932,13,46.69,0.750,0.538,59731b4a-481f-4699-a3fe-f39676cc079b
Igor Milicic, Jr.,28,1.780,21,43.81,0.308,0.300,96e51137-1852-4b4b-8809-7d07d81b22a8
Damari Monsanto,28,1.984,22,41.65,0.778,0.864,63a42b38-d8f6-4214-aa03-cb4263b02a9a
Tre King,28,2.972,22,51.81,1.111,1.045,2928912b-dd61-4f60-aa20-a01d295e03d6
Pedro Bradshaw,28,4.844,17,42.60,0.769,0.688,881e8c41-f4cb-44fa-9caa-782d1e294daf
Andrew Carr,28,1.119,19,46.63,0.846,0.737,d2f39898-17d1-4d74-bfca-1719672b051a
Jack Gohlke,27,8.411,18,49.27,1.077,1.222,20e6b7dc-2172-4ce5-a2c7-f61c3c89d703
GG Jackson,27,4.745,18,45.06,0.667,0.611,de22ebf7-4f76-48b4-805b-b5f87858922f
Rasheer Fleming,27,4.286,16,46.73,1.042,0.688,4639f41a-c88b-4cf0-91c2-c36d9d4c1e5c
Isaiah Roby,27,1.497,18,46.28,0.652,0.625,19602b62-cfbe-4d35-81f5-bc244327960e
Cameron Tyson,26,13.542,19,51.70,0.708,0.684,18ede5d3-f2de-4f9f-a9c3-ffe37ac43566
Kevon Harris,26,4.971,14,45.20,1.455,1.538,8190d885-1fd0-4dad-99d7-2431cc018492
Keshad Johnson,26,4.498,16,48.43,0.870,0.667,c5cb7e86-5c88-4bd2-bf14-22a65e7bd094
Devin Carter,26,7.670,20,51.16,1.174,1.211,8a8e683b-3939-4208-b55c-bc9cefe13a54
Isaiah Hawthorne,25,3.882,18,39.75,0.750,0.889,e186218b-ea58-4542-af85-ac121949c255
Jazian Gortman,24,6.723,16,47.86,0.957,1.063,dd6ea48a-5adc-4411-bead-f2cf2861a9ce
Javon Small,24,17.647,14,44.45,0.947,1.083,6b98a36d-b1bc-4b68-bd5b-0671580d44c4
Bobi Klintman,24,1.674,13,51.71,1.000,1.000,61c18542-cf37-49c7-b486-337bb809d326
Gabe McGlothan,24,1.127,18,45.13,0.739,0.833,32f54c28-47c6-4d3c-8364-c3956aef7190
Payton Sandfort,24,1.735,13,53.26,1.227,1.167,54f7a3fd-6e94-4630-9ca3-e05af980008d
Derrin Boyd,23,7.121,16,46.57,1.100,1.071,6dfc6fb5-d921-403b-b590-c1c4c3e900a9
Devon Higgs,23,8.550,13,49.95,0.857,1.182,72b7a0bc-f1b6-4996-89e8-8c6535bd71c0
Esteban Ezequiel Roacho Amador,23,8.915,17,51.80,1.143,1.188,2d23e4fc-8b5f-4131-af0f-83b0ae3a2c69
Isaih Moore,23,1.310,12,54.10,0.913,0.917,ea2cbcac-0b28-454f-a3f7-a30bb1d6fbb1
Tommy Bruner,23,10.222,13,50.62,0.611,0.750,9819211d-c92e-4802-8be4-018f1efe7932
Malaki Branham,22,7.261,14,47.35,1.105,1.308,13030bd6-e3d6-4e2a-9685-88300bc4ec5f
Ryan Nembhard,22,5.128,13,57.88,1.278,1.083,f43050bf-10e7-4919-95a0-272b4c616687
Dalen Terry,22,10.945,11,44.42,1.053,1.000,8fc64d15-1d47-47e1-bb04-d03f75dccc5a
Olivier Sarr,22,1.000,17,46.53,1.150,1.313,584a880d-84b9-40fd-876e-852044392606
Tyler Kolek,21,6.954,12,41.41,0.700,0.667,40faa5df-7ced-449d-bd12-300a2938370a
Martez Brown,21,1.796,16,49.44,0.950,0.875,15a40435-a0cb-41f5-8680-120339364fa1
Dakota Mathias,21,2.849,10,54.94,1.158,1.700,9f1f34c6-66d2-4093-9328-d2fffffb97d5
Craig Randall II,21,3.590,13,49.98,0.714,0.692,57c94d1b-101e-4b0a-afc5-d9716233e92d
Ethan Taylor,20,4.255,11,47.39,0.632,0.636,b4569bbc-b31d-4504-a59a-fe40691d1d00
Kendall Munson,20,1.200,12,48.73,0.895,1.083,11a2c3b6-617d-4889-ac4c-dc3821c6375a
Garrett Denbow,20,5.089,15,58.51,1.350,1.200,13631116-cd60-4bc0-9a41-6fed5d44b41c
Stefan Todorovic,20,1.645,14,43.96,0.944,0.786,a0dbe31a-75c6-4777-a920-d506c5633bdf
DaRon Holmes II,20,1.270,15,48.29,1.150,1.067,33ee598f-dbec-467d-982c-9722af3b3261
Cody Williams,20,7.752,16,46.47,1.211,1.313,8b49e58d-df58-4e21-b984-2bda3ce246e6
Justin Jackson,20,2.797,14,53.96,1.444,1.286,0867f70d-4848-4664-82fb-db397233e78f
Drake Powell,20,6.873,10,52.03,0.842,0.800,ed72fbc9-1066-46d8-872e-9a437c4e536e
Justin Edwards,19,4.786,10,50.56,0.875,0.900,c2b8cc6a-c87c-4dc5-bfea-c4630c2b6f3e
Isaac Jones,19,0.798,14,46.61,1.167,1.071,a35d4b94-e6ff-4f4a-8f40-d64d70dd4c3a
John Butler Jr.,19,0.703,14,53.22,0.789,0.786,16110c22-e5e0-4925-94a9-959285132aeb
Caleb Stone-Carrawell,19,4.368,14,58.86,0.647,0.643,c0ac23b6-44cc-4fe7-8a81-560c7fc1003d
Tomas Chapero,18,0.853,12,45.96,0.875,0.833,5909ae5b-81cc-4f42-adb1-912f0c19edfc
Matthew Moncrieffe,18,2.439,12,44.48,1.176,1.250,3d0d89b4-df1e-43a9-9870-4329d5e8161c
Trey Townsend,18,1.913,11,50.13,1.222,1.545,32735ab8-9eea-40c1-93be-395428840de8
Zach Freemantle,18,0.683,14,59.17,1.118,1.071,aaa72835-bf87-4903-8432-953c82e91876
Jahlil White,17,3.400,11,46.97,0.857,0.818,e21b31ea-a8e5-41ad-89b1-72a56bdf59e1
Ray Williams, Jr.,17,13.492,10,45.95,0.857,1.200,5b0bdabe-6c41-4fef-bcc7-518987c7451a
Quenton Jackson,17,17.347,9,61.06,0.313,0.333,2916816a-1e08-43ef-953d-a81bfe3503ee
Julian Phillips,17,11.565,7,34.63,0.583,0.333,76ada8a1-6ec8-4915-b57e-fa234b1f2788
Asa Newell,17,1.818,9,49.15,0.813,0.889,eb38ea24-c68c-4f72-9a55-2e397b4f0124
Jermaine Couisnard,16,6.349,8,58.97,1.231,1.286,395250e2-3fc7-41ec-b3e5-be2b920a6458
Olivier-Maxence Prosper,16,9.639,9,54.81,0.800,1.000,28df8a9e-306a-47ee-bb0e-55b9ea87d542
Jay Scrubb,16,3.596,8,48.19,0.846,0.750,8488ec31-e9a6-4535-a007-3b6fb6c5f1bd
Quincy Guerrier,16,1.483,11,42.90,0.600,0.364,e7a09800-4dd6-4745-8dc3-2bb848800f9e
Micah Parrish,15,2.273,6,53.28,0.929,1.333,a233b4d2-746c-48be-9d0d-ce655385c605
Ricky Council IV,15,3.311,10,49.14,1.077,0.875,9027d4b5-4d3d-4ee2-98cd-3d105aa7044b
Jean-Jacques Boissy,15,7.937,13,52.60,1.067,1.077,3cd15c37-c35d-4061-82f8-728bfefd34c9
Markelle Fultz,15,5.376,12,40.56,1.333,1.333,1114f266-df53-4313-b425-0021dd87864b
Basheer Jihad,15,0.744,13,45.35,0.733,0.846,bd9b1fa0-957f-4365-8af3-a545d525965b
Gabe Levin,15,0.856,11,46.89,1.357,1.273,154a9e91-a046-4e1d-bd25-0fdf6dc87f45
Walter Clayton Jr.,14,10.448,6,43.42,0.846,0.500,ae81ff91-c142-4a68-b826-4ae75af6a94f
Alex Fudge,14,0.997,7,55.52,1.077,1.286,1f5a0d41-0c51-4353-9d7a-503196852e33
Tyrese Samuel,14,0.872,9,47.80,0.857,0.778,f4159312-f59d-46f6-a72d-afb990d1e80a
Obadiah Noel,14,5.364,12,40.27,1.083,0.900,ae301693-1228-4496-9f09-3dede6e84191
Blaise Threatt,14,12.281,10,51.76,1.417,1.200,7bf581f6-845d-4d34-9460-f09f129eb841
Javon Freeman-Liberty,14,4.403,10,60.58,0.786,0.400,a28cdf29-f659-4646-b964-87ec3c295ae4
Emoni Bates,14,2.452,9,55.38,0.667,1.000,9f1d3f5e-1bf4-4a41-81f4-516081353643
Trae Hannibal,14,4.965,9,47.96,0.750,0.875,636fef85-a117-4abd-96b9-a45df0f16b53
Jared McCain,14,8.485,7,55.76,1.077,1.571,eb79ea6c-b337-448d-ac33-7e92219822ef
Terry Taylor,14,3.774,6,52.81,0.833,1.000,0852ab90-243b-4951-bfb0-c536f151cba5
Jase Richardson,14,10.606,7,48.05,0.900,0.833,1cc4e557-6ed1-4db5-8816-1c00724e5554
Giorgi Bezhanishvili,14,0.492,11,49.74,0.929,0.909,4d0b25c0-eb2c-423a-875e-ba9f74999bdf
Norchad Omier,13,0.570,11,36.27,1.000,1.000,15c34e0c-e636-4bd1-a7db-6435d201f8c6
Ja'Vier Francis,13,0.838,11,46.49,1.167,1.000,426de6ba-834c-455a-8c94-9656ad089275
CJ Huntley,13,0.566,13,67.30,0.923,0.923,a93dac29-3dee-4328-8787-673c2c4d207c
Will Riley,12,4.669,9,47.39,1.000,1.000,3fb6c927-c443-46a9-aecb-1105dfb05233
Mohamed Diawara,12,7.500,7,55.13,1.000,0.667,cb172f69-5e77-4552-a43b-b2993cb7f689
Zach Hicks,12,3.053,10,50.18,0.500,0.200,8e62f792-31da-4509-a4a8-d0bd4144b94a
T.J. Warren,12,2.844,9,60.46,1.167,1.333,ff401666-89ef-11e6-b554-a45e60e298d3
Rayan Rupert,12,5.530,11,42.78,1.250,1.364,f99ade9a-ec49-4d41-b7f8-7e1b16c9ed79
Felipe Haase,12,0.618,12,56.44,0.750,0.750,a03683d7-864f-4a20-ba32-5a8d3263c1fa
Taylor Hendricks,12,2.978,5,52.21,1.000,1.000,91ee33ca-2f8a-421c-8a4d-b0f98d5bc54c
Pete Nance,12,1.552,10,45.35,0.727,0.667,a9d51846-7123-4773-be70-de509c877a08
Kobe Brown,11,8.661,6,46.99,0.727,0.667,751e59b1-45ae-45f0-bc03-01f6c87520a5
Onno Steger,11,7.586,7,55.64,0.909,1.143,f033b782-7e16-4a10-b000-aff290ea4400
Luke Travers,11,1.074,9,49.18,1.182,1.444,ef24e628-6674-47d2-8fea-a8ceb61e0fb6
Noa Essengue,11,3.846,7,44.95,0.455,0.000,fe09888e-ef47-4152-a457-e6f4e04aee54
Skal Labissiere,11,0.395,5,63.08,1.364,1.600,0943dbc8-178e-4cab-97d6-3f31747698ab
Akoldah Gak,11,0.781,9,52.92,1.500,1.500,e6e552fd-83e6-4bb7-b80a-9b0bae80ad1c
Marcus Bagley,11,2.450,9,57.32,0.909,0.889,a39bf7f9-11fd-434e-9673-4a184061ad7d
Cameron Smith,10,9.009,7,46.19,0.889,1.333,bd762247-fb20-496c-af57-0abcde142d02
Marquis Barnett,10,6.250,5,48.82,0.667,0.600,7edec21a-68b6-453a-b51f-2e3827a52d7d
Dain Dainja,10,0.461,8,51.85,2.000,2.000,3d560bd7-c964-492e-97b7-12c4feda4079
Ray Harrison,10,4.808,5,54.17,0.667,1.200,57be9a58-9fec-4727-b978-d75c7e33e914
Jordan Minor,10,0.809,8,41.93,0.889,1.000,ec389395-e86e-494f-ae34-b2b08a74437b
Eli John Ndiaye,10,2.037,8,55.62,1.600,1.375,541d7cbf-04ae-40eb-9401-fc9f1fffdcf2
Tylor Perry,10,6.579,6,46.01,0.700,1.167,0b9ca9bc-f567-4768-9cc5-5e42d6fc8dce
Cam Christie,9,6.870,7,54.52,0.750,0.571,8a68ba44-d87b-41c9-94f3-c94e88cb37a0
Jonathan Pierre,9,0.888,8,40.33,1.125,1.125,94306db4-8243-44b3-9f3e-eb1dd9e258b7
Chase Jeter,9,1.765,6,48.41,0.500,0.333,ea3ac175-ec80-45da-aa31-7c38b04c7657
Noah Penda,9,4.813,7,44.51,0.000,0.000,8257785f-b06f-4feb-a7c3-c58c4fbf99d7
Orlando Robinson,9,0.684,8,63.19,0.889,1.000,e58d10b8-dbfa-46bc-9b80-d078501bcce7
Cam Reddish,9,3.169,6,50.77,1.778,2.167,5cef3c95-c7c7-4206-b70c-41f647f9498b
Jace Carter,9,12.676,5,67.53,1.167,1.750,d6029d99-f377-4558-8061-e383e37d162d
Jamiya Neal,9,14.063,5,47.57,2.125,1.800,bd101cdc-8e04-424a-8c61-034c93ff6be7
Julian Reese,9,0.586,6,54.82,1.125,0.833,9f1b6ada-6f2a-4683-9f79-e98b06d24f06
Nique Clifford,9,13.433,5,54.29,0.875,1.000,329049aa-89c8-439b-a0c3-dc93d3609931
Myron Gardner,9,1.779,4,53.82,0.857,1.000,8de6d5bf-730c-4c48-8f00-7f9da72e979e
Nathan Mariano,9,2.479,7,53.37,1.000,0.429,6e090c81-2a42-43d1-9e4e-bd5a04f09b10
Warith Alatishe,8,0.568,8,27.50,0.750,0.750,ef3f7448-40b8-4701-8feb-456aaa4d1c6e
Lawson Lovering,8,0.485,7,50.10,1.429,1.429,ee296dd9-8d26-420c-9aa1-271f6b6a2222
Josiah Allick,8,0.577,6,49.26,1.250,1.667,46de8a99-497a-49cd-a9ec-347e787439e3
Mason Madsen,8,5.195,5,38.75,0.875,0.800,d745163f-0ba1-4894-9467-cb7553e99081
Kalil Thomas,8,4.494,2,42.87,0.571,1.000,1e30df52-91e3-4394-8265-d813a892b8c7
Kario Oquendo,8,5.634,6,43.14,0.571,0.667,1ea004d3-81c8-428e-920e-2fde02ccf379
Hason Ward,7,0.351,3,48.48,0.571,0.667,99828648-af70-4757-ac4f-8f3e6c8364f5
Derek Ogbeide,7,0.455,5,44.76,0.667,0.800,4f5b0cc7-0740-4ebb-8b37-c464b1f421f3
Tyrese Martin,7,2.823,7,55.12,1.429,1.429,1d3ff68e-d714-4f70-b952-02cf2252e990
Malik Williams,7,0.267,3,65.54,1.000,0.667,91d9d39e-7ed1-4320-80fc-4d487e79b1fa
T.J. Weeks,7,5.645,3,46.01,0.714,0.667,7d91ff01-e290-4fe8-955f-093a15c1d3b5
Eric Ayala,7,3.057,2,59.31,1.400,2.000,0ed3aa02-c44c-4b25-a16c-d448d88b92ea
Elijah Pemberton,7,7.955,6,46.87,0.571,0.667,0fd95fbb-b175-40e4-a6c7-4864b5678d6f
Yanic Konan Niederhauser,7,1.381,5,55.23,1.167,1.400,c4c0b9a3-5f7e-4611-977b-e0d73c08a29c
Fousseyni Drame,6,13.333,5,40.43,0.833,1.000,0870aa3a-22ad-4cf6-8f45-cbe6ca3f7e75
Jacob Toppin,6,2.381,2,46.05,0.600,1.500,9e0abf37-2963-4f62-b8f7-104fefa58273
Davonte Gaines,6,11.321,3,47.54,0.667,0.667,6e74a308-26d0-4ebb-b5f2-5a0dbe334f86
William Hickey,6,8.219,5,39.45,1.600,1.600,5673cf85-4703-43f8-b541-dd3923d4c42b
Micah Potter,6,0.674,3,54.54,1.200,1.333,1e89c60d-b20e-4499-aba4-b13dba295a52
Joan Beringer,6,0.894,6,67.36,1.500,1.500,325d465a-ead8-4773-875c-a3fd83d18f23
James Reese,6,6.061,4,45.58,0.600,0.750,26f760b4-f286-403c-ae5b-8c4a2f2810ff
Dawson Garcia,6,1.143,3,55.26,1.400,1.667,4aa2ea37-df6a-43f3-9838-5bb4d2e13186
Kalib Boone,6,0.607,4,45.93,0.833,0.750,57657681-6e1c-4701-8298-93f30846effc
Marcus Sasser,6,13.043,3,53.98,0.600,1.000,5fc1833e-3993-49a8-8970-87ad09b61dff
Alejandro Vasquez,6,9.091,3,50.02,1.500,1.000,146e6f60-9f61-4669-902f-1f985d239c46
Garrison Brooks,6,0.577,5,39.11,0.667,0.800,146c7c56-b7ad-4925-8a9e-93d2c5db55bc
Samson Johnson,6,0.401,5,54.72,1.667,2.000,68596e1c-c815-41b9-ae9b-a8179fee1f36
Marques Bolden,5,0.220,5,56.22,1.400,1.400,95b6d616-e911-4060-869d-7f633e7ec049
O'Mar Stanley,5,0.778,3,52.87,1.200,2.000,c35585ea-5c0e-4c72-bd00-07eceb71ee47
William Baker,5,0.320,3,53.93,0.600,0.000,dc9d21e3-68f0-4270-a358-8e68da5bbafc
Dalton Knecht,5,2.336,4,55.25,1.000,1.333,b8da7ce7-11b7-4a94-acd4-f309bf4b6333
Sy Chatman,5,0.912,3,52.53,0.750,0.667,ea9cdbe0-fa96-437f-99d0-f1c67185f3e7
Oscar Tshiebwe,5,0.385,5,46.53,1.000,1.000,9234048a-d7a7-4f77-8d48-3b95b6365ae0
David Muoka,5,0.342,4,58.85,1.200,1.000,c5a7468d-b9c2-4814-a823-b9bf4a58358f
Trevon Duval,5,11.364,2,41.12,0.000,0.000,94ca1f88-1f26-4d28-aeba-c686a5dde5e2
Isaiah Moore,5,27.778,4,50.87,2.333,2.333,ffd1ae3a-bd10-436e-a214-71a0761663e4
Makhi Mitchell,5,0.665,2,47.82,1.750,1.500,fec781d1-53e1-4e5e-baf1-7937603be356
Lachlan Olbrich,4,0.318,4,64.32,1.750,1.750,684950fe-3bcb-47f2-8bfa-a9941e216b28
Jackson Rowe,4,1.166,4,55.63,1.000,1.000,87777cd1-2099-4edd-8256-f29343fa0fd4
Josh Minott,4,2.837,3,38.28,0.000,0.000,3dafdc09-40d9-4934-b9c9-8be3bd3eb90a
Drew Cisse,4,0.270,2,32.77,0.000,0.000,4943e7dd-a830-4c29-bd39-a8b168bf00b9
Hunter Dickinson,4,0.147,3,46.74,0.500,0.667,00c80505-49a6-4ed4-ae3d-decf5a59b3a2
Dwayne Cohill,4,10.811,3,48.62,0.500,0.667,28c78fcb-5cfa-4d69-bf2f-416eef831e04
Carter Bryant,4,6.780,3,59.42,2.000,2.000,18dc7187-8fc5-47bf-9779-e7a7694c498c
Alex Toohey,4,5.063,3,35.75,1.000,0.667,ac601971-3fa2-4aff-940d-0f5fa3745d0c
Charles Bediako,4,0.786,3,43.24,0.500,0.667,40e03646-000c-4ccf-a366-50f9477583e5
Leonard Miller,4,6.061,4,53.98,0.500,0.500,0eaefaeb-b40c-4fc7-9086-902dc1ab2254
Johni Broome,4,0.225,2,35.76,1.250,1.000,12c34cc3-1005-4454-bcfa-a5332744fd4c
Vladislav Goldin,4,0.278,3,22.75,1.000,0.667,0d1efd50-8b55-402c-af4a-3400a0ecf19e
Viktor Lakhin,4,0.308,3,N/A,1.500,2.000,386162d7-b5e6-4aca-9174-cfba1382d491
Parker Van Dyke,4,12.121,2,54.82,1.750,2.000,b25395ca-26fc-4977-bf67-3b99e73e1048
Tolu Smith,4,0.253,3,64.78,0.000,0.000,dea8af5c-b86c-4445-b191-20c7806e6a4e
Moussa Cisse,3,0.382,3,67.91,1.667,1.667,b4769ff6-6ae9-446a-a262-0b849da72338
Yang Hansen,3,0.267,2,43.57,0.667,0.000,c6156c46-4275-4470-bed6-6c382811ef91
Liam Robbins,3,0.251,3,50.71,0.000,0.000,831eb28e-7713-4fbe-bf6b-dd0e1e20b1f5
Grant Nelson,3,0.385,3,48.84,1.333,1.333,c4012fed-7c3d-4171-a8c7-3432c061c9d7
Elijah Cain,3,1.596,2,43.22,0.667,1.000,2ce0583b-9426-44be-820b-de29934964ee
Khaman Maluach,3,0.448,1,49.27,1.333,2.000,d4dcccfe-9470-4fef-bac2-e9f6aa1cfd32
Jaire Grayer,3,6.977,1,34.00,0.000,0.000,c641880b-c90c-465e-8564-f6a741fae84b
JP Pegues,3,7.692,1,34.17,1.667,2.000,dbabc9d0-e8c8-4399-92a9-047c7ffb580f
Jordan Forbes,3,7.317,3,67.58,1.333,1.333,d03f53e6-1f95-47b7-a843-dab2a10456f0
Osayi Osifo,3,0.277,2,69.21,1.333,1.000,c1f25993-dd81-43fd-a710-d7b67b6bd974
PJ Hall,3,0.164,2,52.96,0.667,1.000,4af59bef-250a-46aa-a5d3-e448a55f61ad
Omer Yurtseven,3,1.579,3,52.04,0.000,0.000,6811ad75-3527-4bfc-b0bc-8fd46ec62535
Amari Williams,3,0.177,2,51.12,1.667,2.500,7f8f2047-20da-4fde-b1c4-e046ef5d94f1
Vernon Carey Jr.,3,1.538,2,58.91,0.667,1.000,9dc84f16-116c-451e-a191-b54f210fecbe
Mo Bamba,3,0.238,3,48.52,0.000,0.000,ee761e41-d0d2-4a56-84cf-353e2ae5a961
Abou Ousmane,3,0.178,1,55.46,0.000,0.000,585d08a6-4aa1-45ad-81f0-76cb2c579ab1
James Banks III,3,0.178,3,47.64,0.000,0.000,f4a998d1-4507-43b9-91e3-832dde032d54
Lacey James,2,0.313,1,65.64,2.000,2.000,04c6579b-6a42-4b88-944b-6cc896241e84
Ibou Badji,2,0.223,2,74.84,1.000,1.000,9e3a3a92-a664-48f7-97d2-0f8f27735dbd
Ebenezer Dowuona,2,0.341,1,54.47,0.000,0.000,d435507a-b78e-4251-8feb-ad8c5d01dcb1
Kaden Anderson,2,0.357,1,40.80,1.000,2.000,d3403310-4ad2-4ea2-9072-623f9adefc8d
Steven Crowl,2,0.117,2,35.01,0.000,0.000,ee193c16-33d6-4aac-9688-7dde65cf6671
Danny Wolf,2,0.397,1,44.13,0.000,0.000,0b1b2334-050a-4f4e-bae7-3865147c950f
Jaden Seymour,2,2.439,2,N/A,0.000,0.000,667eabca-780b-45aa-8d74-a3418e732e81
Isaiah Todd,2,3.509,2,96.86,1.000,1.000,1dbb419d-3008-45c5-aade-fb964248499e
Jonas Aidoo,2,0.289,2,63.71,0.000,0.000,18e9a256-6619-4a10-a5dd-2c89bb7cfb0a
Maxime Raynaud,2,2.778,1,46.90,0.000,0.000,31a1e47b-7784-4021-b7f2-31e4ef972892
Drew Timme,2,0.148,1,22.81,0.000,0.000,30998b89-18c0-4086-ae61-1830056bb1b7
Jamarion Sharp,2,0.103,1,43.75,0.000,0.000,02b5523f-9555-42f2-b2a7-3ba79ce5e959
Lahat Thioune,2,0.386,2,41.54,0.000,0.000,81875c9a-a727-4662-bd59-5ce020b80d6a
Nana Appiah,2,9.524,0,72.19,1.000,0.000,7ad88c05-18d7-492e-9c41-30b2f77e3266
Jeremiah Tilmon,2,0.177,2,79.10,1.000,1.000,285400dc-29c2-4d6a-83a0-5b87049c14f0
Jae'Sean Tate,2,5.000,1,51.37,2.000,2.000,80383c81-b671-4a11-b003-ae08fba34eb8
Dylan Cardwell,2,0.211,0,N/A,0.000,0.000,fb79aa4f-8468-454c-80db-1768d95b4e42
Ibrahima Diallo,2,0.198,2,43.55,1.000,1.000,505bb488-33f9-485b-9cce-e0533d462cf1
Vance Jackson,2,0.905,0,59.27,1.500,0.000,2a70adf2-b7a5-4028-b567-a3b18585a709
Philip Alston,2,0.901,1,46.45,0.000,0.000,f05622f9-9133-4b26-8fce-07c056dbcf6c
Kenan Blackshear,2,28.571,0,34.76,0.000,0.000,31c6650d-c76d-497a-a605-e6ab1a822212
Christian Koloko,2,0.855,2,46.22,0.000,0.000,efbab460-ac97-49e1-aa9f-6e7da27ab2df
Terrence Shannon Jr.,2,2.105,1,52.15,0.000,0.000,94d35dd4-a4fe-47ae-a856-cd0d5b1193a9
Robert Woodard II,2,3.226,1,60.51,1.000,0.000,9bedc1b4-449c-42cb-b9a2-9b0cd3596329
Colin Castleton,2,0.177,2,80.00,2.000,2.000,cb160212-66c3-46cf-8728-c0d6612456f8
Joey Calcaterra,2,2.353,1,85.63,1.000,0.000,f07958e4-943d-41bd-add3-e75692af9566
Chandler Baker,1,0.613,1,N/A,2.000,2.000,db071247-1883-4852-b647-0b794ee7cdee
Omar El-Sheikh,1,0.239,1,36.78,0.000,0.000,bdfadf82-2b4c-44e8-ae46-a6e3c9957744
P.J. Hayes,1,7.143,0,N/A,2.000,0.000,659ecb80-2665-4645-b890-ef69b738b5e3
Charles Bassey,1,0.082,1,41.31,0.000,0.000,089bae1f-5cd7-438c-8ebb-061918727a25
Kylor Kelley,1,0.061,1,31.71,0.000,0.000,08d8e7a7-6e98-43fb-808a-803728ffe738
Justyn Hamilton,1,0.101,1,69.91,2.000,2.000,7be325aa-4951-4bc9-948d-d4177d4cbb1c
Caleb Mills,1,6.250,1,73.38,2.000,2.000,05febea3-f49a-42f6-8214-9cdb36006544
Daniel Batcho,1,0.149,0,47.03,2.000,0.000,72e13ad0-9840-41e7-b88f-ab295ef762fb
Moses Brown,1,0.050,1,N/A,0.000,0.000,81ca845d-dae4-46b5-89e6-86d619acb3c8
Tony Carr,1,2.703,1,35.17,0.000,0.000,4eb5e112-86bc-45b5-a081-deb3f3aa0b67
Feron Hunt,1,0.769,1,N/A,2.000,2.000,5210db69-14a3-4c9b-ad2a-62c349f4ac65
Trey Jemison III,1,0.061,1,54.66,0.000,0.000,48e06536-9d6f-4027-9d17-ec477a9ae3a2
Michael Caicedo,1,0.704,1,43.07,3.000,3.000,315d7d14-0a97-43d5-bbf8-4b59a0938e21
Rocco Zikarsky,1,0.045,0,N/A,0.000,0.000,7a36a328-5e4b-42b6-a21b-39e9f97e0188