Closest Defender,Shots Attempted,qSQ,qSP,% Heavily Contested,Points Per Possession,SSI Player ID
Giorgi Bezhanishvili,502,56.43,57.38,70.32,1.383,4d0b25c0-eb2c-423a-875e-ba9f74999bdf
Malik Williams,493,54.00,54.79,67.34,1.425,91d9d39e-7ed1-4320-80fc-4d487e79b1fa
Skal Labissiere,477,52.77,53.56,74.42,1.284,0943dbc8-178e-4cab-97d6-3f31747698ab
Rocco Zikarsky,424,45.48,45.85,82.55,1.203,7a36a328-5e4b-42b6-a21b-39e9f97e0188
Hunter Dickinson,386,55.20,56.20,66.32,1.366,00c80505-49a6-4ed4-ae3d-decf5a59b3a2
Zach Freemantle,383,56.45,57.21,64.49,1.455,aaa72835-bf87-4903-8432-953c82e91876
Hason Ward,380,49.06,50.01,81.05,1.320,99828648-af70-4757-ac4f-8f3e6c8364f5
Andrew Carr,376,53.84,54.36,77.39,1.418,d2f39898-17d1-4d74-bfca-1719672b051a
Jamarion Sharp,372,41.68,42.27,87.63,1.089,02b5523f-9555-42f2-b2a7-3ba79ce5e959
John Butler Jr.,371,46.91,47.57,85.44,1.408,16110c22-e5e0-4925-94a9-959285132aeb
Isaac Jones,354,52.18,52.87,80.23,1.285,a35d4b94-e6ff-4f4a-8f40-d64d70dd4c3a
Olivier Sarr,352,48.77,49.62,82.95,1.299,584a880d-84b9-40fd-876e-852044392606
Basheer Jihad,345,56.86,57.30,67.54,1.449,bd9b1fa0-957f-4365-8af3-a545d525965b
Mouhamadou Gueye,343,52.58,53.38,71.14,1.332,cc3ddd0b-2be3-4043-a3e9-7ae15f6e1ab0
Cameron Matthews,338,52.57,53.18,66.57,1.357,2b3321e5-dc2b-4c37-9ee5-36336690c3ec
PJ Hall,337,47.75,48.89,79.82,1.296,4af59bef-250a-46aa-a5d3-e448a55f61ad
Gabe McGlothan,334,57.79,58.74,69.76,1.484,32f54c28-47c6-4d3c-8364-c3956aef7190
Jalen Slawson,330,51.44,52.54,67.27,1.475,ee32b868-f2aa-47fd-bc12-e2df467173a0
Norchad Omier,329,55.15,56.03,58.05,1.276,15c34e0c-e636-4bd1-a7db-6435d201f8c6
Tomas Chapero,329,49.86,50.39,77.20,1.329,5909ae5b-81cc-4f42-adb1-912f0c19edfc
CJ Huntley,324,54.50,55.14,71.30,1.387,a93dac29-3dee-4328-8787-673c2c4d207c
Gabe Levin,322,49.27,49.96,73.60,1.320,154a9e91-a046-4e1d-bd25-0fdf6dc87f45
Efe Abogidi,316,56.29,57.07,72.47,1.393,2a962d8e-05d1-4d9c-ae45-e128f2ae9c81
Steven Crowl,312,54.21,54.83,73.72,1.329,ee193c16-33d6-4aac-9688-7dde65cf6671
Marques Bolden,308,51.75,52.98,71.75,1.379,95b6d616-e911-4060-869d-7f633e7ec049
Moses Brown,304,46.63,47.42,85.20,1.306,81ca845d-dae4-46b5-89e6-86d619acb3c8
Kylor Kelley,301,48.55,49.09,76.08,1.280,08d8e7a7-6e98-43fb-808a-803728ffe738
Johni Broome,297,55.82,56.78,69.02,1.423,12c34cc3-1005-4454-bcfa-a5332744fd4c
Coleman Hawkins,294,51.84,52.94,78.91,1.392,769be316-e69b-4438-a859-7fbbad08accf
Trevon Scott,290,58.40,59.35,58.28,1.516,fc067294-4b2b-42aa-bea6-88cda36ce6d2
Jules Bernard,286,57.08,57.87,58.39,1.455,7c2fd9b6-9749-4ca1-8d58-b773ff9223dd
Drew Cisse,285,50.68,51.45,77.19,1.201,4943e7dd-a830-4c29-bd39-a8b168bf00b9
Jalen Crutcher,285,58.06,58.45,55.44,1.486,938ea26e-95ff-4f3b-a385-a965af8195b4
James Banks III,285,47.89,48.45,76.49,1.236,f4a998d1-4507-43b9-91e3-832dde032d54
Lawson Lovering,280,48.61,49.03,80.71,1.272,ee296dd9-8d26-420c-9aa1-271f6b6a2222
Gabe Madsen,269,53.85,54.81,72.49,1.390,7e84815b-7663-437b-8751-28d60ef2c65b
Johnny O'Neil,264,49.58,50.32,75.00,1.409,266b9ca1-6596-4d2a-947a-0f602c0af725
Akoldah Gak,264,52.38,52.89,75.00,1.340,e6e552fd-83e6-4bb7-b80a-9b0bae80ad1c
Tristen Newton,262,57.79,58.73,52.67,1.496,ea2c60f4-30d3-4154-b99e-b907b24658bf
DeAndre Williams,261,56.19,57.08,60.54,1.394,d240c74d-0376-4b1e-998d-190b778ced1b
Dillon Jones,260,60.38,61.48,51.92,1.529,7c13f8c0-55bf-46b9-a41e-cbaeea35c13b
Jaylin Williams,259,50.22,50.75,74.13,1.352,db384374-d594-45b6-a3de-9aa8a66dc226
Vladislav Goldin,256,48.86,49.82,79.69,1.262,0d1efd50-8b55-402c-af4a-3400a0ecf19e
Terrell Brown Jr.,254,56.71,57.15,57.09,1.425,0784aa6d-2f58-4e8f-8fd0-d3cb2fd08ff8
Jack Clark,252,55.15,56.21,69.05,1.564,baad4031-1f9b-4e88-9ac6-9c40ed79d7f3
Anton Watson,251,51.54,52.69,71.31,1.376,8cb4b74b-84e9-40e3-9a3a-a7dd7be9767b
Jahmyl Telfort,250,57.32,58.44,61.20,1.477,f7cdd34f-d626-4902-b05a-e39f9ae32dd4
Kevin Knox II,250,56.86,58.12,62.80,1.412,868bf1ee-0aa9-4762-a685-b32801d25e6a
Riley Minix,249,55.04,56.02,64.66,1.445,d4332b50-b7fb-4429-9525-e10587f584d9
Dink Pate,248,59.80,60.75,55.24,1.450,dc8f2d40-88ec-44ef-b6ef-09404a5d49cd
Josh Oduro,247,47.00,48.14,80.97,1.292,8356850f-e674-4868-8a3b-7cf5b6193dce
Warith Alatishe,244,48.03,48.86,72.13,1.294,ef3f7448-40b8-4701-8feb-456aaa4d1c6e
Julian Reese,244,55.94,56.97,70.49,1.474,9f1b6ada-6f2a-4683-9f79-e98b06d24f06
Daishen Nix,244,60.46,61.00,53.69,1.472,06212573-e2e8-4bfa-98cd-4484063dead1
John Ukomadu,239,49.10,49.86,79.50,1.369,b4f22d30-f720-4880-9fc3-a7a1f5679086
Dane Goodwin,236,55.54,56.37,60.17,1.361,83cf7787-d441-4c3a-b5de-a2b2a623350b
Dain Dainja,235,50.19,50.76,74.04,1.229,3d560bd7-c964-492e-97b7-12c4feda4079
Andersson Garcia,234,57.61,58.33,56.84,1.401,9b93509f-b8d1-4066-ba4c-6338fed2a84f
Felipe Haase,233,60.18,60.96,54.51,1.529,a03683d7-864f-4a20-ba32-5a8d3263c1fa
David Muoka,232,50.64,51.36,77.16,1.362,c5a7468d-b9c2-4814-a823-b9bf4a58358f
Kyle Mangas,232,53.38,54.20,63.79,1.379,509e10a3-69e7-41cc-a0b5-44de8eb4659f
Hayden Gray,231,55.98,56.68,64.94,1.408,e901ec95-f7cf-40c9-af32-8dabb981b3cd
Romeo Weems,230,52.14,53.19,67.83,1.375,9920a386-699e-42ad-90ac-8fb89d78d1f9
Koby Brea,230,62.87,63.66,56.52,1.689,e2c4bc9d-2cb8-49d6-962a-07bed124b6c8
R.J. Davis,228,56.49,57.63,47.37,1.487,af3e4f66-d651-4875-9291-4ee32c6a65dd
Malcolm Hill,227,59.17,59.90,53.30,1.404,99f046d4-e2fe-495e-92e9-472b6f6a9c22
Kessler Edwards,227,51.10,52.04,67.84,1.351,0dbaa8bb-491d-40b7-ad09-f4605dda699c
Dexter Dennis,226,52.45,53.42,68.14,1.292,b9d78738-9b74-4fdb-9c3f-bce9cb72377a
Leaky Black,226,58.42,59.05,64.16,1.411,baf1b89d-5bf9-44d8-ae08-43b643b89914
DaRon Holmes II,225,52.22,53.12,74.22,1.335,33ee598f-dbec-467d-982c-9722af3b3261
Jalen Bridges,225,53.27,54.03,72.00,1.364,1c7e1fdd-3a9d-4509-b079-a329c993e9d4
Curtis Jones,225,57.28,58.16,56.89,1.507,69489a71-b1eb-4fde-b687-6385e03c1e49
Alex Morales,224,58.56,59.22,58.04,1.603,21a9c7c7-f211-4710-9932-3ecfa2fd4256
Keion Brooks Jr.,224,56.46,57.35,63.39,1.399,088649fd-bea2-4353-a931-850c918b0337
Enrique Freeman,221,52.42,53.19,65.16,1.303,f838df3f-72c5-4cf1-a555-7182e3dccd13
Tristan Enaruna,220,54.58,54.89,71.82,1.354,998f2322-7dab-4353-99d7-b23e57eeb3ed
Josiah Allick,220,49.26,49.81,77.27,1.274,46de8a99-497a-49cd-a9ec-347e787439e3
Tolu Smith,220,49.08,50.12,75.00,1.201,dea8af5c-b86c-4445-b191-20c7806e6a4e
Sean McDermott,220,58.53,59.37,62.73,1.465,b5d46463-618d-4328-a3ac-31239ed7af7e
Zhaire Smith,219,55.12,55.93,70.32,1.442,bf29165e-4d8e-4760-a070-5502dd6c2176
Alex Reese,218,51.68,52.84,74.77,1.224,1f6ef8b2-5d7a-4ca6-a9f2-cc8c06c032b8
Jayden Nunn,217,53.57,54.34,66.36,1.474,174b4cc1-dd31-428b-97ad-093422ffe324
Mo Bamba,217,53.44,54.50,64.52,1.115,ee761e41-d0d2-4a56-84cf-353e2ae5a961
Amari Williams,216,54.57,55.15,73.15,1.332,7f8f2047-20da-4fde-b1c4-e046ef5d94f1
Ja'Vier Francis,216,51.89,52.53,75.46,1.314,426de6ba-834c-455a-8c94-9656ad089275
Trey Jemison III,216,44.73,46.11,76.85,1.281,48e06536-9d6f-4027-9d17-ec477a9ae3a2
Nick Jourdain,215,51.12,52.22,71.63,1.351,1faa4121-7c60-4b48-91c7-217d64555324
Abou Ousmane,214,51.37,52.54,69.16,1.515,585d08a6-4aa1-45ad-81f0-76cb2c579ab1
William Baker,213,53.22,53.77,73.71,1.328,dc9d21e3-68f0-4270-a358-8e68da5bbafc
Alize Johnson,213,59.72,60.65,56.34,1.546,c97ec77d-b190-477c-8f04-2d8be4554830
Tyson Degenhart,213,52.54,53.40,77.00,1.486,7ce310e3-5034-435f-85fd-9db70356ed75
Max Abmas,211,62.40,63.50,46.92,1.420,23961594-cb8d-4560-b709-2ace5a6b16a4
Harrison Ingram,211,51.51,52.18,65.88,1.361,289b86f4-5aea-4603-a5e7-54793e5eb584
Isaiah Roby,210,51.39,52.66,73.33,1.384,19602b62-cfbe-4d35-81f5-bc244327960e
Derek Ogbeide,209,54.47,55.34,61.72,1.348,4f5b0cc7-0740-4ebb-8b37-c464b1f421f3
Max Shulga,208,55.39,56.25,56.25,1.388,be819393-353e-4c46-b682-d2ee0d11e736
Justin Minaya,208,56.09,57.12,65.38,1.330,8a534421-7dd1-49c4-a304-7b5a2341f904
Chaney Johnson,208,49.84,50.87,74.04,1.348,4007e9ee-5f46-4b39-9d77-0001aa54f1f4
Saint Thomas,207,58.05,58.93,60.87,1.498,9ac60fc8-a677-4c67-8b1a-92c61ac71eec
Isaih Moore,207,55.29,56.00,66.67,1.529,ea2cbcac-0b28-454f-a3f7-a30bb1d6fbb1
Patrick Baldwin Jr.,206,54.12,54.61,66.99,1.371,45b328c0-b3b8-4a36-a0c1-28e39227ca85
Jeremiah Robinson-Earl,205,54.66,54.90,66.83,1.398,1a9ac6bd-8b02-4fe8-8096-c435a2a90100
Jon Elmore,205,56.05,56.71,51.71,1.385,65bebd10-aa65-48ec-845f-2efcb122287a
Tyrese Samuel,205,54.38,55.30,62.93,1.396,f4159312-f59d-46f6-a72d-afb990d1e80a
Tyler Burton,205,60.52,61.19,60.00,1.532,382afece-e02d-4ce2-92ac-92b1d2333d2c
Steve Settle III,204,54.52,55.22,78.43,1.391,f52af8fd-29ee-4aa7-9c70-e211a5d73a12
Chris Manon,204,51.90,53.30,67.65,1.269,5dde0a80-753d-41a6-9ffa-6193317a3a17
Mac McClung,204,57.60,58.17,52.94,1.455,d9671fc0-754d-4cd1-b61d-2f6526c31497
Liam Robbins,201,44.61,45.60,83.58,1.303,831eb28e-7713-4fbe-bf6b-dd0e1e20b1f5
Orlando Robinson,200,46.31,46.58,78.00,1.271,e58d10b8-dbfa-46bc-9b80-d078501bcce7
Lachlan Olbrich,199,52.49,52.83,71.86,1.310,684950fe-3bcb-47f2-8bfa-a9941e216b28
Oscar Tshiebwe,199,56.26,57.59,61.81,1.321,9234048a-d7a7-4f77-8d48-3b95b6365ae0
Malevy Leons,198,49.82,50.99,66.67,1.225,a6b91d1a-7a93-4bda-8562-d762d1f5ad47
Lester Quinones,196,60.00,60.70,51.53,1.468,e4c6a53d-37a8-4278-9230-5a9d9ccc6d02
Stanley Umude,195,54.04,55.26,54.87,1.238,73712bb9-3143-4176-8eb3-cef6d45e9f92
James Bouknight,195,56.59,57.11,61.54,1.311,a4bca3d5-c8c6-408f-a4bf-22453062b4b9
Drew Peterson,191,56.12,56.70,54.97,1.411,b385f90c-bbc7-4346-8507-4d626e2c0c61
Sean East II,190,65.68,66.38,38.42,1.589,673bd14c-085f-4173-9211-d62ae307b0e3
Jeremiah Tilmon,189,47.76,48.58,75.66,1.295,285400dc-29c2-4d6a-83a0-5b87049c14f0
Matthew Cleveland,188,60.91,61.44,59.57,1.486,45913c55-0376-4b4f-9935-00471ffb3033
Ibou Badji,187,46.70,46.98,81.28,1.150,9e3a3a92-a664-48f7-97d2-0f8f27735dbd
Charlie Brown Jr.,187,59.73,60.51,54.55,1.541,dfa6209b-514d-438b-9c4c-bd6f1ff85613
Kendall Brown,187,53.77,54.34,67.38,1.283,84863ea4-7e22-4827-9c1e-091a16291b37
Matthew Murrell,187,58.04,58.89,59.36,1.486,42aff9d8-9839-4949-ac9d-97663c8eae23
David Roddy,187,57.04,58.06,61.50,1.413,ab0a4d97-fd7b-40d9-a72f-b2a862039584
Jacksen Moni,184,54.94,55.62,74.46,1.279,b16076ab-b7f1-4f61-b1ce-87471a1be027
Yang Hansen,183,43.66,44.79,83.06,1.324,c6156c46-4275-4470-bed6-6c382811ef91
Damion Baugh,183,61.60,62.65,50.82,1.536,bcde43ef-a7dd-4d4d-9d7e-a0585052e0b9
M.J. Iraldi,183,53.13,53.96,67.76,1.486,bc70e8c9-c8ff-44fc-b539-10f863d5efec
Samson Johnson,182,51.67,52.38,68.68,1.343,68596e1c-c815-41b9-ae9b-a8179fee1f36
Taylor Funk,181,56.28,57.17,66.30,1.377,951413b1-0a17-4edf-841a-5ca7b9a2c275
Christian Shumate,181,57.53,58.15,64.09,1.515,40ebb929-1947-4008-9cdc-046aa3a4bd87
Dalano Banton,181,53.55,54.30,58.01,1.260,ccd8ec3b-3e5b-4f39-9b41-91882f179a73
Daeqwon Plowden,181,54.45,55.60,64.64,1.528,daca4b6a-526f-49e8-a02e-ba59acb77846
Jaylen Sims,180,55.26,56.02,62.22,1.449,4e475993-d453-43ef-a5dc-52e715e3e5db
Kendall Munson,179,53.22,53.98,75.42,1.280,11a2c3b6-617d-4889-ac4c-dc3821c6375a
Phillip Wheeler,179,50.91,51.47,68.16,1.523,3d20e735-543b-415b-835b-fa80295fa157
Eric Dixon,179,52.77,53.35,69.27,1.400,11ec3e54-7b96-4e1f-856e-8933eb8de9c3
Jaden Shackelford,179,63.57,64.39,40.78,1.571,dfffb2fc-160c-41a4-9a75-af0a21d2ba76
Arthur Kaluma,178,54.37,55.60,73.03,1.343,c7a03fd4-8ba5-4f9e-b62d-db9492da6f1c
John Poulakidas,178,50.71,51.59,64.61,1.381,12bf97f3-6476-4443-af11-5228771faf66
Trey Alexander,177,54.75,55.67,69.49,1.390,eae5a4b1-2701-4843-b7ed-ac8677e6446b
Stephen Thompson,177,58.03,58.95,53.67,1.477,41e105ed-f146-4aef-a65b-262abde1841e
Lucas Williamson,176,61.92,63.00,47.73,1.642,f0ae386a-6794-4f37-b447-84822aa60c4b
Jaden Akins,176,58.52,59.69,63.64,1.439,e6acbf72-2032-4b3f-9672-62f8052c1873
Alijah Martin,176,56.13,56.94,52.27,1.393,c1035422-a088-42e6-8ad3-db400bb52aa1
D'Moi Hodge,175,55.35,56.31,60.57,1.523,4fca8d39-a522-46f0-b222-226b8180e35a
Justin Harmon,175,59.98,60.98,58.29,1.488,4c8abee4-0270-4d98-b4ab-cff9969857fc
Jonathan Mogbo,174,56.24,56.72,55.75,1.441,12f2cb53-d3a1-4a42-b6ed-9238a8eab4f7
Boo Buie III,173,57.87,58.74,58.96,1.574,2327ad6b-a87c-4b5c-8dbb-c64690426e98
DaQuan Jeffries,173,48.82,49.61,70.52,1.360,b969f906-aab2-4845-b038-70ec8482bed4
Viktor Lakhin,172,47.38,48.57,81.98,1.381,386162d7-b5e6-4aca-9174-cfba1382d491
Emanuel Miller,169,54.54,55.50,57.40,1.409,9333d369-df08-4c59-9073-3164d584f481
Tyler Smith,168,55.70,56.44,69.64,1.369,b701694c-6da2-49de-b9a7-ae092466ce67
Colin Castleton,167,48.49,49.35,73.05,1.250,cb160212-66c3-46cf-8728-c0d6612456f8
John Tonje,167,60.05,61.03,52.69,1.552,5bfe6dcb-3da9-45f9-95c0-ed690168c7ba
Jayson Kent,166,53.11,54.05,63.25,1.393,dc854637-bbf4-4710-94b5-8c953db3ce27
MarJon Beauchamp,166,61.95,63.27,59.04,1.669,a17b838f-efcd-4d85-adab-39e05d579e13
Malachi Smith,166,60.24,60.76,59.64,1.401,cf11631f-67ad-4f08-9466-e66859baa68e
Reece Beekman,166,56.11,57.05,63.86,1.307,a419b920-f119-41d8-af53-47d3b49ea811
Matt Cross,164,56.21,56.96,60.37,1.425,8b71b1ce-93f8-4cf0-9099-64c91af44202
Javonte Smart,164,62.43,62.75,56.10,1.509,a340ee6f-51b2-400d-8c06-295617b4c779
John Knight III,163,63.14,63.36,49.69,1.532,534e334e-2adb-4b8c-9614-8552f0dc5f6d
Anthony Pritchard,162,56.66,57.58,66.67,1.381,58d7789a-e4bc-46cd-91d5-01526491d417
Tosan Evbuomwan,162,52.36,53.04,68.52,1.304,3836af33-7171-4f6b-b4e3-7dc129d8efa6
Trhae Mitchell,162,48.31,49.33,75.31,1.278,d98ecec8-9937-426e-ba9a-e019ec88d94f
Kaleb Johnson,162,61.46,61.91,62.96,1.665,51e2e08f-d07e-4dbd-a05f-bba8e5c69f96
Sheldon Edwards,162,58.59,59.56,59.88,1.378,8d385c74-6c2b-4704-ad41-8e5519b11012
Nate Williams,161,58.86,59.61,53.42,1.421,3ab12c09-2aae-4bc0-a45e-0132e6751116
Javante McCoy,161,57.16,58.07,69.57,1.447,fac10e71-d936-4a9b-b017-2e3b743f9833
Mark Sears,161,62.98,63.56,34.78,1.547,6af77143-6aac-4199-ac80-bfa704e2ca51
Josh Christopher,160,56.17,57.34,62.50,1.490,207daaca-464a-4e71-8c77-cae31615c0e3
Mitchell Mascari,159,60.78,61.39,47.80,1.471,fdc935b9-0c73-4ca7-ba6b-f3b5aa1f2205
RayJ Dennis,159,60.42,60.99,38.99,1.576,5c2a5944-cadb-4619-8b0d-04338c63a470
Dylan Cardwell,159,42.83,44.14,79.87,1.065,fb79aa4f-8468-454c-80db-1768d95b4e42
Ibrahima Diallo,158,42.89,43.70,79.11,1.152,505bb488-33f9-485b-9cce-e0533d462cf1
Charles Bassey,157,50.33,51.26,68.15,1.261,089bae1f-5cd7-438c-8ebb-061918727a25
Nate Santos,155,54.89,55.73,65.81,1.407,5d98e4d9-9d4c-416e-896e-662ef6de036b
Chris Mantis,155,61.94,62.29,63.87,1.634,d2d320cb-de1d-4f2f-b238-9697f02b41ff
LJ Figueroa,154,60.90,61.39,53.25,1.658,629382e8-fcc6-4974-b0a3-99fd67940f2d
Kennedy Chandler,154,56.59,57.72,50.65,1.430,90cef14e-ebcc-4a00-94e1-b06d8ca04701
Chris Livingston,153,51.45,52.37,68.63,1.429,f79d533e-f423-4752-a088-6d507d795bdb
E.J. Liddell,152,46.78,47.28,77.63,1.231,f76c835b-10f6-42aa-aafe-3c87b5be8866
Taevion Kinsey,151,57.65,58.89,63.58,1.369,b17e9b18-8167-47ec-b96c-1a1c88208376
Sean Pedulla,151,57.86,58.68,50.33,1.380,6068f2de-9744-432d-b3f4-f73da0894927
Jaxson Robinson,151,60.52,61.06,59.60,1.566,e7e970a3-7025-4ccc-b0f7-271f94238ee5
Sean McNeil,151,62.14,62.55,46.36,1.564,4f71e857-f644-4dfc-9ae8-65416c90df71
Aaron Scott,151,54.27,54.78,74.17,1.452,800b6f8d-e4b2-40c8-9891-40fa3f84efc3
Wendell Moore Jr.,150,57.10,58.15,64.00,1.363,96f746dd-7dfb-4ea4-a98c-39ed5d2a0fd5
Hunter Sallis,150,56.84,57.69,58.00,1.260,6d6c60fb-827b-4b00-9033-8fb8a4fb0f32
Ebenezer Dowuona,147,55.26,56.26,70.07,1.529,d435507a-b78e-4251-8feb-ad8c5d01dcb1
Luke Goode,147,52.80,53.75,74.83,1.465,4144db18-4210-42b8-af58-fd1dd83e87c6
Osayi Osifo,147,53.39,54.29,70.07,1.283,c1f25993-dd81-43fd-a710-d7b67b6bd974
Alex Fudge,146,48.92,49.60,84.25,1.220,1f5a0d41-0c51-4353-9d7a-503196852e33
Tyreke Key,146,58.42,59.27,57.53,1.393,a9ab59d3-2f04-49b0-b4fd-a265d98af568
Nolan Hickman,146,56.67,57.36,63.70,1.469,b8b01afe-00df-407e-b0ee-229eacce163c
Alex Antetokounmpo,146,56.20,57.09,61.64,1.355,34a56ad4-cc65-4406-9566-ff884e10c7af
Bez Mbeng,145,54.19,55.21,58.62,1.438,117522bd-3f51-4ef9-99ae-8cf060df132b
Igor Milicic, Jr.,145,51.41,52.07,77.93,1.457,96e51137-1852-4b4b-8809-7d07d81b22a8
Alondes Williams,144,59.39,60.17,54.17,1.426,e555cb48-990b-4ef7-8464-59adc6adf34d
Brice Williams,143,60.39,61.12,55.24,1.709,bc4eee96-6dec-4e4c-ac60-d467785926cb
Kadary Richmond,143,64.11,64.68,46.15,1.514,5f0c2302-aaca-4ac1-b70f-f25abbe14186
Toby Okani,142,48.45,49.39,76.76,1.540,a6c4645d-9238-44cf-92aa-fd318ebb8ebf
Au'Diese Toney,141,61.56,63.08,49.65,1.543,a127ee52-bbec-46b6-990c-93a2c3d57b87
Luke Travers,141,57.50,58.20,66.67,1.420,ef24e628-6674-47d2-8fea-a8ceb61e0fb6
Martez Brown,141,54.19,55.32,67.38,1.410,15a40435-a0cb-41f5-8680-120339364fa1
Darius Brown,141,63.02,63.74,29.08,1.568,b7ae8764-a482-4551-82ac-7a91c8292e4b
Moussa Cisse,140,51.69,52.69,70.00,1.311,b4769ff6-6ae9-446a-a262-0b849da72338
Drew Timme,140,54.88,56.15,65.71,1.261,30998b89-18c0-4086-ae61-1830056bb1b7
Teddy Allen,140,66.39,67.37,37.86,1.536,03318058-7f1e-4d54-a8b4-cbaf7e836a78
Justyn Hamilton,140,55.17,55.95,77.86,1.385,7be325aa-4951-4bc9-948d-d4177d4cbb1c
Keshon Gilbert,139,61.46,61.95,42.45,1.482,10762d58-0a4c-416e-8e01-0af744c29286
Jaelen House,139,63.69,64.65,50.36,1.652,e14de0fe-50fa-4322-a5a2-55cb2137e6f2
Caleb Houstan,138,60.73,61.44,52.17,1.533,0ac0ed6b-ebe7-4dcb-b924-c14e31262efc
Jordan Hall,138,59.48,60.00,54.35,1.424,4b98be48-a61f-4372-8f5d-25f914555a83
Payton Sandfort,138,53.37,54.19,71.01,1.256,54f7a3fd-6e94-4630-9ca3-e05af980008d
Miller Kopp,138,57.12,58.03,57.97,1.548,817c559a-6812-42ce-8373-1e8132f3b917
Ahmad Caver,138,57.48,58.28,50.72,1.380,b37bbd3b-102d-42c2-9bfe-7874d64e9068
Pacome Dadiet,137,55.24,56.47,61.31,1.436,810fd8fe-5999-4962-9441-004f4a25fea2
Kobe Bufkin,136,51.70,52.85,69.85,1.500,9e453254-b85d-43ba-a615-8bf683d94834
Ruben Nembhard Jr.,136,64.78,65.51,39.71,1.585,27574eb5-d76b-4147-882e-38f3edc014b3
Kalib Boone,136,49.12,49.96,74.26,1.235,57657681-6e1c-4701-8298-93f30846effc
Marcus Burk,135,62.39,62.86,54.07,1.543,017ced69-5d96-4160-b064-3a051a5c9efe
Wade Taylor IV,134,62.40,62.88,44.78,1.556,d809ed56-e0c4-48ab-9cb2-e6e94a8c0842
Dwight Murray, Jr.,134,62.45,62.73,59.70,1.473,7880b823-77c5-4925-a287-1af2424a923b
Jarron Cumberland,134,55.60,56.09,55.22,1.484,46d86ca8-8056-40c4-8024-2ba83293aa17
Zeke Mayo,133,59.81,60.28,51.13,1.356,2aa9c687-ca9d-4478-a2c7-8f2797b308b2
Daniel Batcho,133,51.24,52.01,85.71,1.357,72e13ad0-9840-41e7-b88f-ab295ef762fb
Ryan Woolridge,133,64.48,65.76,47.37,1.690,a4f5f591-7988-4761-b96d-5efb627bd420
Caleb Grill,131,59.13,59.71,57.25,1.543,bbae8544-616e-4d08-9a98-a20e5d47e694
Kobe Johnson,130,54.63,55.44,59.23,1.520,9f123592-d747-4a41-b903-ad6bcb6ac751
Zyon Pullin,130,56.89,57.68,61.54,1.426,21f03dac-c84d-48c5-80ce-a54781f63914
Miles Kelly,130,63.12,63.69,50.77,1.480,8e41f240-6f89-4f54-bcc5-534112efd3c2
Trey Townsend,130,55.50,56.62,63.85,1.464,32735ab8-9eea-40c1-93be-395428840de8
Tyler Polley,130,57.14,58.17,66.92,1.512,e48e99e8-0b78-493c-9d6f-15b65e7869c6
Matt Allocco,129,55.11,56.40,62.02,1.394,1542fce4-02f8-434c-8e0b-c655313fea33
A.J. Lawson,127,60.72,61.35,48.82,1.562,ed39e2d6-ce65-43e5-9ea9-d579d0526a1f
Isaiah Crawford,127,55.74,56.69,55.12,1.295,cc5a020f-5862-494b-a997-26288b4f4f12
Isaiah Stevens,127,60.83,61.90,39.37,1.421,27b14c86-8f8d-4cd8-a8ec-bb051cd871bc
Paul Zilinskas,127,59.58,60.42,55.12,1.512,fb3799f7-55e6-46cd-8dba-16e86ee83d37
Jahmir Young,126,57.74,58.41,56.35,1.484,dc80c41d-ab1d-4aa4-be9f-8830d7e0dd62
Javan Johnson,125,59.24,60.02,67.20,1.570,5bf3dc6a-f0bf-4146-9233-0714a95538e5
Khaman Maluach,124,47.17,48.15,88.71,1.227,d4dcccfe-9470-4fef-bac2-e9f6aa1cfd32
RJ Felton,124,56.79,57.57,69.35,1.350,a593fa2b-cb79-4f8a-8139-bba7a2133f2c
Marcus Garrett,124,54.16,55.03,55.65,1.303,723b0c0c-ac5b-4b0c-b84c-01da7be6c705
Kira Lewis Jr.,124,58.10,58.64,54.03,1.533,ce287780-67de-44fa-86c2-d87dec5a1e28
Brooks Barnhizer,124,57.51,58.53,61.29,1.437,6b9ff8ac-a24a-46b2-8a4a-4f4015c6b353
RJ Melendez,123,55.30,55.88,65.85,1.369,090cc6af-edb2-4cf8-a374-9b90193c330d
Terrence Hargrove Jr.,123,50.96,52.27,70.73,1.442,06c40ea5-9150-470e-8f6a-7cde4a102ef6
Cameron McGriff,122,56.45,57.56,52.46,1.417,55ec130c-b918-4d9b-9fe5-9b79a5f370f2
Caleb McConnell,121,57.78,58.19,61.98,1.392,9ea29be6-8741-4b28-9a3f-b73d1919c900
Mark Armstrong,121,65.49,65.83,49.59,1.400,3bc6f704-0fda-4f85-a681-a41d1178948b
Jordan Minor,120,56.40,57.72,65.83,1.388,ec389395-e86e-494f-ae34-b2b08a74437b
Donovan Williams,117,53.36,54.23,66.67,1.500,12136b74-23d8-49b4-b4de-98a320969c76
Trevor Keels,116,62.08,63.15,58.62,1.580,58189b84-2563-4034-984b-e61021022c4c
Kobe Stewart,116,49.45,50.00,70.69,1.216,9c8748fc-6d1c-4911-99a0-94e1cf486b48
Javonte Cooke,115,59.70,60.75,59.13,1.545,0c8af3e4-85bf-4c62-921b-d5cc21594198
JaQuori McLaughlin,115,53.80,54.82,61.74,1.348,a05930e9-6846-4c42-b5d6-f859b92d97fd
Zack Austin,115,44.26,45.22,83.48,1.142,cdb9a6bd-2259-43bc-9209-03da5b72234b
Micah Potter,115,48.28,48.80,80.00,1.336,1e89c60d-b20e-4499-aba4-b13dba295a52
Cormac Ryan,115,55.66,56.65,55.65,1.363,f3f41cea-955b-4ff5-b6fc-69991789d721
MJ Walker,115,57.94,58.86,56.52,1.535,2733a0f6-5816-47e9-9972-a4f253f15038
Lacey James,114,49.19,50.75,77.19,1.351,04c6579b-6a42-4b88-944b-6cc896241e84
Cameron Hildreth,114,57.42,58.49,61.40,1.398,2c4cbc5a-83fe-4562-afdd-859499b77aa5
DeJon Jarreau,114,52.82,53.92,58.77,1.281,3cd02b89-3d2f-46ff-b392-29215f6825b4
Killian Hayes,114,60.34,61.16,50.88,1.372,9a826fec-5df7-4a14-8637-3364dc9433c2
Taelon Peter,114,56.47,58.32,66.67,1.417,c870f7e6-686b-40b6-859c-ced3b397cbd8
Jonas Aidoo,113,47.08,47.81,78.76,1.208,18e9a256-6619-4a10-a5dd-2c89bb7cfb0a
Quincy Guerrier,113,55.15,55.88,66.37,1.266,e7a09800-4dd6-4745-8dc3-2bb848800f9e
Bobi Klintman,113,56.52,56.96,63.72,1.473,61c18542-cf37-49c7-b486-337bb809d326
D.J. Carton,112,58.18,59.65,57.14,1.514,b902fc9f-4b1a-417f-8af7-bfa5c66c95a3
Bryson Warren,112,57.75,58.26,51.79,1.481,de89d563-ec4f-4356-8cba-afd95b5a975a
Chance McMillian,112,59.47,60.49,59.82,1.643,d40fdb50-4ea9-488f-85e3-aa57164f9d0a
Grant Nelson,111,53.25,54.61,72.97,1.352,c4012fed-7c3d-4171-a8c7-3432c061c9d7
Jaylen Martin,111,59.28,60.13,63.06,1.411,70021baf-68ca-4b04-a865-fe10b1450b62
Johnny Davis,111,49.12,50.30,67.57,1.287,bd507dbb-cb87-4e45-ad2e-1990df07ac20
Antonio Reeves,110,58.01,58.81,65.45,1.455,19004e0e-7982-4513-bdba-24e11e49d49d
Chase Hunter,110,59.79,60.81,54.55,1.395,50fd1b80-b17c-4168-9cd8-b67adeef9040
Kyle Rose,109,56.98,57.97,68.81,1.457,c7fe17cb-17b0-4fe5-bfde-60cdce624f03
Asa Newell,108,52.45,53.01,73.15,1.308,eb38ea24-c68c-4f72-9a55-2e397b4f0124
AJ Hoggard,107,59.74,60.23,44.86,1.596,91fbbfa3-eabc-4c5d-b0d0-b2fc674c84bb
Kameron Warrens,106,57.67,58.75,66.04,1.514,14a1175f-1e82-4a12-9edf-f9445dc58270
Victor Oladipo,106,54.17,54.66,62.26,1.298,ff415fa8-89ef-11e6-bc85-a45e60e298d3
Dennis Smith Jr.,106,56.93,57.85,59.43,1.400,4a0f330a-e571-48c4-a685-f82c9436c964
Nate Hinton,105,57.76,58.61,46.67,1.529,2827a99a-9a36-4b8d-8ca8-e77e9771b69c
Buddy Boeheim,105,52.40,53.18,71.43,1.320,b19737e4-2806-4548-b14b-2062175fb05e
Manny Obaseki,105,56.97,58.03,63.81,1.337,e4cdd91f-718d-4c35-95d1-b3aa28ef79b5
Stefan Todorovic,105,60.25,60.38,62.86,1.583,a0dbe31a-75c6-4777-a920-d506c5633bdf
Jabri Abdur-Rahim,105,53.23,53.90,72.38,1.549,5ba18e46-b710-44bf-8369-1185adf0ce77
DJ Rodman,104,57.28,57.67,63.46,1.408,18ec54f9-3c06-457d-a0c8-04f2aa513754
TyTy Washington Jr.,103,66.20,66.54,47.57,1.340,0b1c2f8c-380e-4f07-85b0-3b5ff4650d00
James Akinjo,103,56.24,57.34,44.66,1.304,889010b1-1e41-4488-97c5-030be0d70083
Trentyn Flowers,103,56.06,56.53,70.87,1.500,c917a1b8-8537-4dbe-91bb-c8e376d71ee4
Dariq Whitehead,102,57.33,57.83,58.82,1.216,9f8b2ee3-8cc5-4a92-aeb9-c8c52d6e37a2
Makhi Mitchell,102,44.29,44.60,75.49,1.360,fec781d1-53e1-4e5e-baf1-7937603be356
DaJuan Gordon,101,58.31,59.39,62.38,1.520,b7cd24eb-bd7e-4dcc-99a2-7236606d1541
Garrison Brooks,100,56.23,56.56,66.00,1.408,146c7c56-b7ad-4925-8a9e-93d2c5db55bc
Donte Ingram,100,59.17,59.68,65.00,1.495,1034b6f9-7fc5-4f5f-94fa-2ab920658dd3
Trey Galloway,98,62.69,63.37,54.08,1.500,8303a10f-1748-43ee-9c4c-59abdffdaf87
Tyson Etienne,98,57.88,58.17,50.00,1.354,316deed2-3f6a-4c1c-9508-2dd0c937cd4c
Liam McNeeley,98,50.94,51.35,79.59,1.330,ba22d012-f7ce-4a1a-873e-d6c3ccf7ae5a
Joan Beringer,98,45.79,46.42,80.61,1.268,325d465a-ead8-4773-875c-a3fd83d18f23
Seth Maxwell,98,47.32,48.63,83.67,1.495,12d95e3f-d714-4300-978c-245c9d0f302c
Chris Youngblood,97,52.65,53.57,76.29,1.219,35206de4-a3c1-415a-b596-126c0ab7b44a
Blake Hinson,97,59.67,60.14,59.79,1.552,64b12646-2555-4dd0-98eb-cb169b3ee58a
O'Mar Stanley,96,50.90,51.45,73.96,1.330,c35585ea-5c0e-4c72-bd00-07eceb71ee47
Ron Harper Jr.,96,44.77,44.69,72.92,1.245,0fc9db0f-ca5e-49e9-a003-973fa4fd8839
KJ Jones II,96,53.42,53.89,56.25,1.305,b34e01c3-fde9-402e-a381-1abc45ea21fb
Yanic Konan Niederhauser,96,50.45,51.45,76.04,1.264,c4c0b9a3-5f7e-4611-977b-e0d73c08a29c
Deivon Smith,95,60.09,60.75,55.79,1.316,9ffb6f28-8fa0-4650-bd30-47f8aa7235a2
Alex Schumacher,95,62.71,63.58,41.05,1.581,74b58589-0ca1-4a71-ac83-93c57a2e8b83
Ethan Thompson,95,57.40,58.62,69.47,1.516,e303b1cc-a268-4f85-8063-e447c757ede6
Aminu Mohammed,94,61.34,62.26,56.38,1.606,6abaacf2-5a3c-4c72-b19c-2a645dd84022
Jarkel Joiner,93,61.76,62.57,35.48,1.467,994212e5-17be-4696-bd46-0efcd68787bc
Elfrid Payton,92,56.26,56.95,51.09,1.505,ff4126dc-89ef-11e6-a96d-a45e60e298d3
Desmond Cambridge,92,56.29,57.08,72.83,1.289,5f4ae0bb-b9a5-4c83-8441-1e627500c265
Jahmai Mashack,92,59.16,60.41,52.17,1.556,f851dd8e-83fb-42a9-8b76-cc5afe5350fa
Evan Gilyard,92,61.84,62.51,44.57,1.489,0f656aa8-c62c-4fad-ad9f-3442cdc15e50
Sy Chatman,91,54.11,55.19,79.12,1.494,ea9cdbe0-fa96-437f-99d0-f1c67185f3e7
Pete Nance,91,46.46,47.04,79.12,1.136,a9d51846-7123-4773-be70-de509c877a08
Keyontae Johnson,90,55.92,56.35,52.22,1.379,d5348336-15a5-416f-8312-bd7030a6277b
Kyle Guy,89,58.59,59.88,61.80,1.716,9eed3d99-6049-4cd0-96bb-4fabb8ad8ddd
D'Andre Davis,89,56.70,57.74,67.42,1.640,93c1ccb9-a43d-42a7-a037-b8d2057acc02
Tevian Jones,89,56.16,57.22,58.43,1.461,1d44afa0-7106-441c-b8ed-cc5e216e866b
Jonathan Pierre,88,61.85,62.46,47.73,1.302,94306db4-8243-44b3-9f3e-eb1dd9e258b7
Paul Watson,84,62.22,63.04,47.62,1.560,1aae577a-f08a-437b-81ed-160d66e586b9
Chase Jeter,84,56.77,57.13,75.00,1.544,ea3ac175-ec80-45da-aa31-7c38b04c7657
Cody Martin,84,53.53,54.32,66.67,1.590,0000b397-3cf4-4dd4-a910-000000000131
Reynan dos Santos,83,52.10,52.76,72.29,1.590,e3cdc093-14ad-4686-ade9-7fc70c5a5a88
Dereon Seabron,83,61.39,62.05,59.04,1.481,9cd83bc4-5c2c-4f4d-ba20-8fc69a4cfa8a
Jameer Nelson Jr.,82,54.78,55.30,65.85,1.494,55218f5a-96d0-455d-953e-1af096389bc1
David Jones Garcia,81,53.34,53.73,62.96,1.363,8207e744-783c-4fac-8d78-52acb829f00c
Nojel Eastern,81,53.08,53.59,54.32,1.309,b2251f82-7770-4e0b-994d-c33ff4a1b39d
Charles Bediako,80,45.90,47.02,83.75,1.063,40e03646-000c-4ccf-a366-50f9477583e5
Keyshawn Bryant,79,51.04,52.21,72.15,1.295,8bfb0e3f-2c04-4dd5-ab0d-c7bf453b1ed5
Bryce Thompson,78,54.00,54.79,55.13,1.429,cc61028a-3c21-4917-a6fe-607bb4085636
Nolan Traore,78,52.73,53.27,69.23,1.333,4b2dd1ee-169e-4af4-9877-1e600ccc1ac5
Damari Monsanto,78,61.64,62.55,44.87,1.474,63a42b38-d8f6-4214-aa03-cb4263b02a9a
Cam Carter,78,49.14,49.49,79.49,1.513,a183c842-9603-4691-9abd-612235152ad2
Nikola Djurisic,78,50.36,51.58,73.08,1.359,0e381936-04ed-49fd-87b0-400686b3e145
Jaden Springer,77,52.46,54.05,66.23,1.526,8a1c8d1a-13c8-487e-b85e-6b10ecc1d39f
Ben Saraf,76,58.46,60.27,55.26,1.573,f92bdf23-732f-412f-9b84-9c088cd9474b
Terry Roberts,75,55.31,56.65,64.00,1.556,6b0963ac-b00e-46cd-94e8-e60dc3238718
Brian Taylor,75,48.31,49.12,77.33,1.208,ef62751a-0816-46fa-9160-054ef9ec64e4
Max Klesmit,74,58.29,58.76,60.81,1.658,ce1fc58a-6a2f-40f5-a83b-c0acdcdf2e01
Hank Morgan,74,52.73,53.65,71.62,1.556,29d938d7-ce0a-4aba-9b2e-b17b2e8d8ee5
Ariel Hukporti,74,49.73,50.46,79.73,1.268,91a10e2e-9784-440d-b0a4-83a8db044c1d
Tidjane Salaun,74,53.35,53.58,70.27,1.342,abc5b21b-f2eb-40cb-a9e6-6eb5abeafe60
Adama Bal,73,52.29,52.97,63.01,1.338,3559f9a3-9132-409e-a701-a4c5757cb325
Augustas Marciulionis,73,54.15,54.93,52.05,1.389,89ff2dfc-818b-4d2a-beba-efe0422f6d4c
Steven Ashworth,72,63.00,63.45,44.44,1.437,63e0883f-eae7-4a6c-ad8f-c7670247241e
Zhuric Phelps,71,64.17,64.80,36.62,1.609,cbddda95-fa69-4ae6-b6b0-247f5c669b7f
Lahat Thioune,71,58.87,59.48,61.97,1.324,81875c9a-a727-4662-bd59-5ce020b80d6a
Symir Torrence,71,61.22,62.04,59.15,1.623,6779419d-662d-4a38-b2ea-cb8e012eed8f
Chaz Lanier,71,58.08,58.30,39.44,1.500,3ff2c55c-8857-4cde-85eb-a42b87da7dcd
Matthew Moncrieffe,70,44.74,45.84,82.86,1.149,3d0d89b4-df1e-43a9-9870-4329d5e8161c
Dajuan Harris,70,55.18,55.50,58.57,1.485,51b4a0a5-880c-48d7-a342-2b25ec6cc206
Quincy Olivari,69,67.89,68.92,39.13,1.627,cbbbce73-763b-4e1d-820b-1b8f62857eaa
Jamal Cain,69,49.55,49.06,73.91,1.319,f42a8b63-1ab4-447f-b74f-be293fc58e99
Trey McGowens,68,53.56,53.96,63.24,1.585,a17cb8d2-4fe7-49a1-b4b9-e56f6316d694
Bronny James,68,58.93,60.02,42.65,1.537,ec9d7a06-798b-45e0-8eae-a5bfdd92f0ba
Kevin McCullar Jr.,68,50.17,51.27,66.18,1.286,1ebb0958-b242-4b10-a0cb-cc3182f35814
Chucky Hepburn,67,59.16,59.76,50.75,1.433,4ac4a0ab-ea85-4870-8bd5-9670073a3df4
Riley Grigsby,67,59.87,60.52,44.78,1.606,5b7fafbf-2163-4b93-a29d-fc83e9946914
Ben Coupet Jr.,67,51.42,52.07,62.69,1.431,8c1d8070-eb6a-44ee-bc37-0a07ad5267fb
Cameron Parker,67,64.09,65.11,29.85,1.500,15e3cffa-aed2-4d74-a8e0-ec06dfea63c6
KJ Simpson,66,67.73,68.58,40.91,1.723,1287087b-e6ba-41f9-b2b5-a3d2d1c8d682
Keon Johnson,66,57.58,58.55,65.15,1.344,7cfacef2-8c7b-41e7-9df3-4a570a6de468
Yuri Collins,64,64.56,65.28,35.94,1.712,7a58adf5-73d4-4f5e-b042-6ab0d8862313
Nathan Missia-Dio,64,49.41,50.16,84.38,1.367,ef69e667-2cb2-4590-bb9e-561480e2abeb
Stephen Mitchell,64,61.00,61.70,45.31,1.444,1d1c157c-d6cd-492c-8ac1-aca3b6d6c04f
Omar El-Sheikh,62,57.91,58.50,58.06,1.316,bdfadf82-2b4c-44e8-ae46-a6e3c9957744
Isaiah Hawthorne,62,59.60,60.40,48.39,1.483,e186218b-ea58-4542-af85-ac121949c255
Keshad Johnson,62,44.60,45.68,82.26,1.383,c5cb7e86-5c88-4bd2-bf14-22a65e7bd094
AJ Johnson,62,61.07,62.77,43.55,1.435,2b0ac9c2-0fa5-4ee6-9881-03b737e11dc3
Yuki Kawamura,61,66.59,66.97,42.62,1.600,3d921f8a-1119-4e42-be46-c22ae84d5f58
Dawson Garcia,61,49.24,49.65,67.21,1.373,4aa2ea37-df6a-43f3-9838-5bb4d2e13186
Micah Parrish,60,56.36,57.34,60.00,1.404,a233b4d2-746c-48be-9d0d-ce655385c605
Johnell Davis,60,66.58,67.23,51.67,1.724,7ddd09bd-a98c-468f-ac39-239c33fe8d79
Danny Wolf,60,50.66,52.37,70.00,1.276,0b1b2334-050a-4f4e-bae7-3865147c950f
Cameron Brown,60,50.11,51.16,76.67,1.379,c2df5312-12de-4f83-9d1a-3f3c2ab6148f
Steven Richardson,60,58.78,59.26,61.67,1.407,1baa93ad-ae20-4faf-b428-11c4aac33778
GG Jackson,59,58.24,60.69,67.80,1.593,de22ebf7-4f76-48b4-805b-b5f87858922f
Nikola Topic,59,56.27,57.44,59.32,1.373,deb86c8a-aaa2-472e-a66d-a1cbace2c797
Elijah Harkless,58,67.08,68.02,41.38,1.732,629588b6-9560-45b9-ae52-ff90c299fc4d
Adam Flagler,58,53.66,54.60,62.07,1.246,60b1ff6f-7e65-4d93-8b0b-fe76747cb0db
Jason Preston,57,62.90,63.76,42.11,1.352,b609ade3-6177-4d12-8f4d-e717beb97f97
Justin Jackson,57,59.20,60.25,59.65,1.545,0867f70d-4848-4664-82fb-db397233e78f
Hunter Cattoor,57,53.73,53.96,63.16,1.614,3b01bc5d-08ef-4a1a-afff-52c5c9f81849
Erik Reynolds II,56,69.48,69.49,48.21,1.727,f3572151-dba9-4dc4-a48a-792e17a3180b
Kaden Anderson,55,52.33,53.47,65.45,1.309,d3403310-4ad2-4ea2-9072-623f9adefc8d
Nick Smith Jr.,53,65.03,67.59,50.94,1.420,b2d1fbf7-72be-4469-b0c2-db6677a145bd
Jamal Bieniemy,53,52.69,53.20,56.60,1.580,5659992f-2487-47ce-83f7-baedce2a090e
Dakota Mathias,53,72.37,73.03,32.08,1.640,9f1f34c6-66d2-4093-9328-d2fffffb97d5
Jahlil White,52,53.54,54.43,69.23,1.109,e21b31ea-a8e5-41ad-89b1-72a56bdf59e1
Pierre Crockrell II,52,61.33,62.46,36.54,1.788,1a254905-e1db-43b8-9f5c-b1bf4e663150
Franco Miller, Jr.,52,57.43,58.80,48.08,1.462,d681a7cd-c0ad-4497-975c-f750b762a74e
Myron Gardner,51,55.49,56.53,56.86,1.553,8de6d5bf-730c-4c48-8f00-7f9da72e979e
Cameron Martin,50,55.45,55.44,68.00,1.469,99e062a8-b28c-47b0-9682-92a5d2461cd1
Jamir Watkins,49,53.07,54.45,71.43,1.553,84ba6ce6-9c37-4225-8f84-14a5cbacea65
Tre King,49,52.21,53.27,63.27,1.286,2928912b-dd61-4f60-aa20-a01d295e03d6
Colby Jones,47,62.43,63.03,68.09,1.391,80ea0675-30db-4ebf-b37f-eb50552e8d0e
Kevon Harris,46,48.95,49.61,60.87,1.432,8190d885-1fd0-4dad-99d7-2431cc018492
Emoni Bates,46,55.69,56.72,63.04,1.304,9f1d3f5e-1bf4-4a41-81f4-516081353643
Christian Koloko,46,49.36,50.68,80.43,1.442,efbab460-ac97-49e1-aa9f-6e7da27ab2df
Wooga Poplar,46,56.65,57.04,50.00,1.217,b3aaee9c-4272-479b-9fdc-7b99458903ea
Rasheer Fleming,46,51.79,52.93,71.74,1.413,4639f41a-c88b-4cf0-91c2-c36d9d4c1e5c
Tyrese Hunter,45,72.38,73.20,53.33,1.682,4f89702e-6e19-48ef-9be1-8da8a0837a2f
Pedro Bradshaw,45,59.05,60.02,62.22,1.364,881e8c41-f4cb-44fa-9caa-782d1e294daf
Tamar Bates,44,58.33,60.00,52.27,1.512,4e132a3e-20b7-4058-9b69-c71ed0bfd654
Patrick McCaw,44,55.25,56.20,61.36,1.605,ff42a38f-89ef-11e6-bb23-a45e60e298d3
Michael O'Connell,44,56.61,57.63,59.09,1.476,e4133038-cf2f-4227-a6d5-566eb968a245
Adou Thiero,43,53.40,55.66,62.79,1.286,9b945fc0-d3bb-405d-bf43-95c6e7d7e87b
Vinicius Da Silva,42,56.30,57.10,73.81,1.325,63049d09-0880-48ee-af08-c8f25b874237
Marcus Bagley,41,56.69,57.14,63.41,1.462,a39bf7f9-11fd-434e-9673-4a184061ad7d
LJ Cryer,41,62.67,64.12,56.10,1.537,51c89cc1-c192-4e07-878a-436ad5c2c70a
Giddy Potts,40,63.04,63.58,42.50,1.667,7ac29d25-418d-4bf3-b302-cda0f4aa7cae
Ricky Council IV,39,63.45,64.50,41.03,1.389,9027d4b5-4d3d-4ee2-98cd-3d105aa7044b
Noa Essengue,39,52.37,53.31,74.36,1.395,fe09888e-ef47-4152-a457-e6f4e04aee54
Terry Taylor,39,50.97,50.50,69.23,1.231,0852ab90-243b-4951-bfb0-c536f151cba5
Jay Scrubb,39,56.88,56.60,61.54,1.526,8488ec31-e9a6-4535-a007-3b6fb6c5f1bd
Kellen Tynes,38,56.30,57.47,73.68,1.526,83a05254-611e-4587-a927-613bde48b6ba
Ethan Taylor,36,60.25,60.50,58.33,1.743,b4569bbc-b31d-4504-a59a-fe40691d1d00
Zach Hicks,36,54.04,55.49,69.44,1.125,8e62f792-31da-4509-a4a8-d0bd4144b94a
Jordan Bell,36,53.78,54.79,69.44,1.371,07a35d50-2dd1-4476-a9ac-b6e7154ce069
Antoine Davis,36,67.01,68.09,38.89,1.879,cc05d44b-5260-48a3-b9b6-61ce282a67c0
Craig Randall II,36,59.66,60.81,58.33,1.371,57c94d1b-101e-4b0a-afc5-d9716233e92d
Eli John Ndiaye,35,59.64,61.05,65.71,1.118,541d7cbf-04ae-40eb-9401-fc9f1fffdcf2
Nathan Mariano,35,54.66,55.33,71.43,1.294,6e090c81-2a42-43d1-9e4e-bd5a04f09b10
CJ Fulton,35,52.97,53.59,62.86,1.235,e2d1008a-5cc8-4a4d-9f54-0bacfbd083be
Derrin Boyd,34,51.14,51.36,73.53,1.412,6dfc6fb5-d921-403b-b590-c1c4c3e900a9
Garrett Denbow,34,60.14,60.92,61.76,1.485,13631116-cd60-4bc0-9a41-6fed5d44b41c
Brandon Slater,33,47.19,47.69,66.67,1.788,eb81af0f-e8c9-4a55-a018-bb56cbc130ff
Taylor Hendricks,33,53.81,55.33,72.73,1.548,91ee33ca-2f8a-421c-8a4d-b0f98d5bc54c
Jamal Mashburn, Jr.,32,59.25,60.04,46.88,1.774,e2dcfe4a-9e16-4ab8-8eee-e15ca0db6eb5
Jackson Rowe,31,47.13,48.00,70.97,1.677,87777cd1-2099-4edd-8256-f29343fa0fd4
Sharife Cooper,31,58.85,59.70,61.29,1.419,2d470912-d9ac-4456-916c-372fc4c84cdc
Branden Carlson,30,50.24,50.82,83.33,1.036,c401774b-397d-4c15-93a0-592eb4752dac
Javon Freeman-Liberty,30,68.68,69.99,46.67,1.767,a28cdf29-f659-4646-b964-87ec3c295ae4
Omer Yurtseven,30,46.83,47.09,63.33,0.900,6811ad75-3527-4bfc-b0bc-8fd46ec62535
Cam Young,30,54.70,55.35,53.33,1.700,f61521e8-e7f3-4526-a0fa-efedc3c820ca
Jack Gohlke,29,59.74,60.28,55.17,1.483,20e6b7dc-2172-4ce5-a2c7-f61c3c89d703
Kasparas Jakucionis,29,63.64,65.18,48.28,1.357,f4881a74-343b-4005-b701-3f53c512aba6
Kam Jones,28,62.94,64.53,53.57,1.321,93ff04cb-5390-4709-a521-c7ce58713f31
Jaykwon Walton,27,55.26,56.83,51.85,1.519,59731b4a-481f-4699-a3fe-f39676cc079b
Vernon Carey Jr.,27,50.69,51.22,74.07,1.538,9dc84f16-116c-451e-a191-b54f210fecbe
Caleb Stone-Carrawell,27,58.16,57.94,59.26,1.692,c0ac23b6-44cc-4fe7-8a81-560c7fc1003d
JD Davison,27,53.89,54.70,55.56,1.741,833b573b-1366-463c-92ea-56e7718c0dc6
Vance Jackson,27,60.73,60.97,70.37,1.185,2a70adf2-b7a5-4028-b567-a3b18585a709
Jamaree Bouyea,26,49.04,50.07,61.54,0.923,e35aa016-05af-4a0b-92b3-b0d987d11892
Dalton Knecht,26,66.43,69.36,42.31,1.731,b8da7ce7-11b7-4a94-acd4-f309bf4b6333
Philip Alston,26,50.91,51.46,80.77,1.462,f05622f9-9133-4b26-8fce-07c056dbcf6c
Lance Terry,26,60.76,60.94,50.00,1.538,2c5a45b8-029d-4556-9186-221becde7ae7
Rahsool Diggins,25,65.61,66.02,44.00,1.640,6404e275-f55f-42e5-8d36-cddd1661c335
Ace Baldwin,25,54.53,55.52,40.00,1.458,6ab19369-4aa1-4aa6-8274-b595ac8902be
Tyrese Martin,25,62.60,62.60,40.00,1.609,1d3ff68e-d714-4f70-b952-02cf2252e990
Ryan Nembhard,24,65.74,66.04,29.17,1.375,f43050bf-10e7-4919-95a0-272b4c616687
Caleb Love,24,67.38,69.16,41.67,1.458,163d0a85-fc13-4c76-8e98-93aae28417d2
Geronimo Rubio De La Rosa,24,68.31,68.41,37.50,1.542,5bc79052-06fe-4165-bc0d-7121fc331302
Cody Williams,24,51.93,52.39,70.83,1.417,8b49e58d-df58-4e21-b984-2bda3ce246e6
Obadiah Noel,23,71.14,72.81,60.87,1.391,ae301693-1228-4496-9f09-3dede6e84191
Noah Penda,22,50.90,51.76,77.27,1.045,8257785f-b06f-4feb-a7c3-c58c4fbf99d7
Trayce Jackson-Davis,21,45.34,48.58,90.48,0.952,1991b894-8a5e-4744-a72d-9bd7cb7663c3
Jacob Toppin,21,50.50,50.56,61.90,1.000,9e0abf37-2963-4f62-b8f7-104fefa58273
Markelle Fultz,21,42.59,43.80,66.67,1.762,1114f266-df53-4313-b425-0021dd87864b
Jared McCain,21,74.57,76.23,38.10,2.000,eb79ea6c-b337-448d-ac33-7e92219822ef
Will Riley,20,57.46,58.75,60.00,1.500,3fb6c927-c443-46a9-aecb-1105dfb05233
Tyler Kolek,20,55.95,57.25,65.00,1.500,40faa5df-7ced-449d-bd12-300a2938370a
Devin Carter,20,56.48,57.54,70.00,1.400,8a8e683b-3939-4208-b55c-bc9cefe13a54
Justin Edwards,19,59.79,60.89,57.89,1.579,c2b8cc6a-c87c-4dc5-bfea-c4630c2b6f3e
Cheikh Mbacke Diong,19,47.61,48.50,94.74,1.474,7efefdc5-c8ee-4221-ac12-a35549517aa2
Tommy Bruner,19,72.94,73.09,15.79,1.684,9819211d-c92e-4802-8be4-018f1efe7932
Onno Steger,18,48.88,49.95,77.78,1.389,f033b782-7e16-4a10-b000-aff290ea4400
Devon Higgs,18,48.49,49.32,72.22,1.722,72b7a0bc-f1b6-4996-89e8-8c6535bd71c0
Jazian Gortman,17,50.73,51.14,70.59,1.353,dd6ea48a-5adc-4411-bead-f2cf2861a9ce
T.J. Warren,17,59.53,59.68,52.94,1.824,ff401666-89ef-11e6-b554-a45e60e298d3
Jermaine Couisnard,16,57.53,57.90,56.25,1.500,395250e2-3fc7-41ec-b3e5-be2b920a6458
Josh Minott,16,38.89,40.50,81.25,1.000,3dafdc09-40d9-4934-b9c9-8be3bd3eb90a
Esteban Ezequiel Roacho Amador,16,55.44,56.18,43.75,1.813,2d23e4fc-8b5f-4131-af0f-83b0ae3a2c69
Cameron Tyson,15,60.22,65.03,40.00,1.400,18ede5d3-f2de-4f9f-a9c3-ffe37ac43566
Ray Spalding,15,48.83,48.76,73.33,1.467,ef25a4fc-8a16-4dd9-a1fa-e236cd842a32
Malaki Branham,14,49.00,50.31,71.43,1.143,13030bd6-e3d6-4e2a-9685-88300bc4ec5f
Drake Powell,14,60.87,62.48,64.29,1.571,ed72fbc9-1066-46d8-872e-9a437c4e536e
Mason Madsen,13,59.25,60.23,69.23,1.308,d745163f-0ba1-4894-9467-cb7553e99081
Kalil Thomas,13,61.36,61.12,46.15,1.692,1e30df52-91e3-4394-8265-d813a892b8c7
Rayan Rupert,12,40.54,41.45,91.67,1.500,f99ade9a-ec49-4d41-b7f8-7e1b16c9ed79
Issac McBride,12,46.24,48.35,58.33,1.417,e98d2d7d-61a8-42e6-9c79-f1c3d6667ec9
Eric Ayala,12,67.59,67.98,50.00,1.167,0ed3aa02-c44c-4b25-a16c-d448d88b92ea
Olivier-Maxence Prosper,12,55.48,56.89,58.33,1.667,28df8a9e-306a-47ee-bb0e-55b9ea87d542
Adem Bona,12,55.28,57.58,58.33,1.500,df125bae-eba5-488c-b948-9767e7090d40
Maxime Raynaud,12,50.86,51.89,66.67,0.909,31a1e47b-7784-4021-b7f2-31e4ef972892
Josh Cohen,12,46.69,48.81,83.33,1.545,e74d5547-334a-49c7-b5e5-a33913f3596c
Chandler Baker,11,86.30,86.13,9.09,2.091,db071247-1883-4852-b647-0b794ee7cdee
Kobe Brown,11,56.14,56.70,36.36,1.273,751e59b1-45ae-45f0-bc03-01f6c87520a5
Jean-Jacques Boissy,11,68.20,69.32,36.36,2.091,3cd15c37-c35d-4061-82f8-728bfefd34c9
Cam Reddish,11,75.06,74.48,18.18,1.636,5cef3c95-c7c7-4206-b70c-41f647f9498b
Ray Harrison,11,68.51,69.35,54.55,1.636,57be9a58-9fec-4727-b978-d75c7e33e914
Walter Clayton Jr.,10,60.14,60.81,40.00,0.889,ae81ff91-c142-4a68-b826-4ae75af6a94f
Elijah Cain,10,39.84,41.61,70.00,1.500,2ce0583b-9426-44be-820b-de29934964ee
Marquis Barnett,10,56.31,56.29,60.00,1.600,7edec21a-68b6-453a-b51f-2e3827a52d7d
Leonard Miller,10,62.26,61.01,30.00,1.700,0eaefaeb-b40c-4fc7-9086-902dc1ab2254
Julian Phillips,10,41.10,42.14,100.00,1.000,76ada8a1-6ec8-4915-b57e-fa234b1f2788
Dalen Terry,10,52.34,54.09,60.00,0.800,8fc64d15-1d47-47e1-bb04-d03f75dccc5a
N'Faly Dante,10,62.44,63.12,70.00,1.000,d6eaf02a-27a0-4e40-8641-632e8d39f965
Kario Oquendo,10,49.40,49.29,70.00,1.300,1ea004d3-81c8-428e-920e-2fde02ccf379
Mohamed Diawara,9,49.84,49.36,77.78,1.375,cb172f69-5e77-4552-a43b-b2993cb7f689
Jace Carter,9,75.25,76.00,66.67,1.875,d6029d99-f377-4558-8061-e383e37d162d
Alejandro Vasquez,9,76.22,75.38,44.44,1.889,146e6f60-9f61-4669-902f-1f985d239c46
Trae Hannibal,9,64.75,64.61,22.22,1.778,636fef85-a117-4abd-96b9-a45df0f16b53
Carter Bryant,8,54.91,56.04,75.00,1.714,18dc7187-8fc5-47bf-9779-e7a7694c498c
Javon Small,8,58.06,58.70,50.00,1.429,6b98a36d-b1bc-4b68-bd5b-0671580d44c4
Blaise Threatt,7,59.99,60.32,57.14,1.429,7bf581f6-845d-4d34-9460-f09f129eb841
Feron Hunt,7,64.78,66.30,71.43,1.857,5210db69-14a3-4c9b-ad2a-62c349f4ac65
Robert Woodard II,7,66.70,66.35,57.14,1.429,9bedc1b4-449c-42cb-b9a2-9b0cd3596329
Isaiah Todd,7,55.14,55.65,85.71,2.000,1dbb419d-3008-45c5-aade-fb964248499e
Tylor Perry,7,52.43,53.07,71.43,2.167,0b9ca9bc-f567-4768-9cc5-5e42d6fc8dce
William Hickey,6,32.03,33.53,100.00,2.167,5673cf85-4703-43f8-b541-dd3923d4c42b
Jamison Battle,6,59.48,62.17,50.00,2.500,74f1f473-4fc6-4175-bf32-f1f99de73ef8
T.J. Weeks,6,51.37,53.14,100.00,2.167,7d91ff01-e290-4fe8-955f-093a15c1d3b5
Terrence Shannon Jr.,6,77.67,78.38,33.33,1.833,94d35dd4-a4fe-47ae-a856-cd0d5b1193a9
Jaden Seymour,6,86.18,86.45,50.00,2.000,667eabca-780b-45aa-8d74-a3418e732e81
Michael Caicedo,6,50.15,50.35,100.00,1.500,315d7d14-0a97-43d5-bbf8-4b59a0938e21
Elijah Pemberton,6,46.09,46.85,33.33,0.333,0fd95fbb-b175-40e4-a6c7-4864b5678d6f
Cam Christie,5,49.06,50.20,80.00,1.600,8a68ba44-d87b-41c9-94f3-c94e88cb37a0
Ray Williams, Jr.,5,59.20,59.26,40.00,1.500,5b0bdabe-6c41-4fef-bcc7-518987c7451a
Joey Calcaterra,5,56.07,55.61,80.00,0.800,f07958e4-943d-41bd-add3-e75692af9566
Tyrese Proctor,5,55.56,54.08,40.00,1.200,27207fcd-251c-4d7b-8d11-48823d8dab1b
Ileri Ayo-Faleye,4,61.58,62.72,75.00,2.250,8419ad0c-1d1b-41ad-a04b-4d8bd3aff0a0
Jae'Sean Tate,4,51.20,52.31,75.00,1.000,80383c81-b671-4a11-b003-ae08fba34eb8
Alex Toohey,4,66.78,71.60,75.00,2.000,ac601971-3fa2-4aff-940d-0f5fa3745d0c
Jamiya Neal,4,51.86,52.21,100.00,1.333,bd101cdc-8e04-424a-8c61-034c93ff6be7
Jase Richardson,4,58.13,58.38,0.00,1.750,1cc4e557-6ed1-4db5-8816-1c00724e5554
Nique Clifford,4,56.90,55.70,50.00,1.750,329049aa-89c8-439b-a0c3-dc93d3609931
Jaire Grayer,3,46.38,46.49,33.33,1.333,c641880b-c90c-465e-8564-f6a741fae84b
Cameron Smith,3,54.60,55.07,0.00,1.333,bd762247-fb20-496c-af57-0abcde142d02
Matt Becht,3,51.28,52.45,33.33,2.000,37e8858f-5f40-4a44-8f60-2f6e2316aae8
James Reese,3,49.12,49.98,33.33,2.000,26f760b4-f286-403c-ae5b-8c4a2f2810ff
Quenton Jackson,3,58.95,57.86,33.33,0.667,2916816a-1e08-43ef-953d-a81bfe3503ee
Noah Starkey,3,37.42,36.61,100.00,1.333,f5063d15-52b4-45d8-9151-24339b9db9b3
Parker Van Dyke,3,74.40,75.79,66.67,2.000,b25395ca-26fc-4977-bf67-3b99e73e1048
Tony Carr,3,62.72,62.44,33.33,2.000,4eb5e112-86bc-45b5-a081-deb3f3aa0b67
Trevon Duval,3,38.35,38.35,66.67,1.333,94ca1f88-1f26-4d28-aeba-c686a5dde5e2
Davonte Gaines,2,34.01,34.47,50.00,2.000,6e74a308-26d0-4ebb-b5f2-5a0dbe334f86
P.J. Hayes,2,83.96,83.60,0.00,1.000,659ecb80-2665-4645-b890-ef69b738b5e3
Caleb Mills,2,75.07,74.82,50.00,2.000,05febea3-f49a-42f6-8214-9cdb36006544
Jaden Bediako,2,72.43,73.03,50.00,2.000,d22cb3b8-91ce-4a2a-bae7-a358a426a9af
Jordan Forbes,2,44.97,43.97,0.00,2.000,d03f53e6-1f95-47b7-a843-dab2a10456f0
Marcus Sasser,2,37.14,37.14,0.00,1.500,5fc1833e-3993-49a8-8970-87ad09b61dff
Fousseyni Drame,1,54.75,54.41,0.00,0.000,0870aa3a-22ad-4cf6-8f45-cbe6ca3f7e75
Dwayne Cohill,1,8.06,7.43,100.00,0.000,28c78fcb-5cfa-4d69-bf2f-416eef831e04
Josue Erazo,1,56.21,55.89,100.00,0.000,68813475-aec9-4124-948e-507895e853c7
JP Pegues,1,46.87,47.08,100.00,2.000,dbabc9d0-e8c8-4399-92a9-047c7ffb580f
Kenan Blackshear,1,50.56,47.07,100.00,2.000,31c6650d-c76d-497a-a605-e6ab1a822212
Keylan Boone,1,91.07,88.97,0.00,2.000,57039dfd-7492-49c5-b3c3-30c8422fda2d