Ballhandler Defender,Drives,Drives Per Game,% Blowby,qSQ,qSP,Points Per Possession,SSI Player ID
Terrell Brown Jr.,426,8.875,19.48,47.42,47.33,1.195,0784aa6d-2f58-4e8f-8fd0-d3cb2fd08ff8
Hayden Gray,419,8.729,27.21,50.45,50.63,1.217,e901ec95-f7cf-40c9-af32-8dabb981b3cd
Curtis Jones,392,9.561,19.39,49.02,49.23,1.245,69489a71-b1eb-4fde-b687-6385e03c1e49
Jalen Crutcher,379,7.896,18.47,47.66,47.71,1.214,938ea26e-95ff-4f3b-a385-a965af8195b4
Tristen Newton,379,7.896,26.65,49.58,49.40,1.170,ea2c60f4-30d3-4154-b99e-b907b24658bf
Stephen Thompson,370,8.810,20.54,49.10,49.03,1.069,41e105ed-f146-4aef-a65b-262abde1841e
Max Shulga,365,9.359,23.84,48.13,48.04,1.120,be819393-353e-4c46-b682-d2ee0d11e736
Dane Goodwin,365,7.449,16.44,46.90,47.37,1.214,83cf7787-d441-4c3a-b5de-a2b2a623350b
Darius Brown,363,7.891,28.10,52.73,53.18,1.389,b7ae8764-a482-4551-82ac-7a91c8292e4b
Mark Sears,354,9.833,19.49,49.77,49.92,1.212,6af77143-6aac-4199-ac80-bfa704e2ca51
Kennedy Chandler,350,8.333,16.29,50.37,50.28,1.264,90cef14e-ebcc-4a00-94e1-b06d8ca04701
Keshon Gilbert,349,8.310,31.81,53.09,52.90,1.110,10762d58-0a4c-416e-8e01-0af744c29286
Dexter Dennis,347,8.070,13.26,46.63,46.83,1.202,b9d78738-9b74-4fdb-9c3f-bce9cb72377a
Mac McClung,344,8.821,17.44,50.71,50.88,1.184,d9671fc0-754d-4cd1-b61d-2f6526c31497
Max Abmas,342,7.277,18.71,51.26,51.81,1.340,23961594-cb8d-4560-b709-2ace5a6b16a4
Stanley Umude,340,8.500,23.24,48.33,48.63,1.065,73712bb9-3143-4176-8eb3-cef6d45e9f92
Cameron Matthews,334,7.106,31.14,49.01,49.28,1.159,2b3321e5-dc2b-4c37-9ee5-36336690c3ec
R.J. Davis,334,6.958,18.56,45.83,46.87,1.251,af3e4f66-d651-4875-9291-4ee32c6a65dd
Jayden Nunn,333,7.400,9.31,45.58,45.47,1.142,174b4cc1-dd31-428b-97ad-093422ffe324
Daishen Nix,331,6.896,43.20,52.42,52.75,1.122,06212573-e2e8-4bfa-98cd-4484063dead1
Trey Alexander,324,9.000,17.90,47.69,48.23,1.263,eae5a4b1-2701-4843-b7ed-ac8677e6446b
Taevion Kinsey,324,7.364,25.31,50.51,50.50,1.243,b17e9b18-8167-47ec-b96c-1a1c88208376
Malcolm Hill,324,7.902,17.28,48.96,49.11,1.258,99f046d4-e2fe-495e-92e9-472b6f6a9c22
Dillon Jones,323,7.878,26.01,46.96,47.47,1.156,7c13f8c0-55bf-46b9-a41e-cbaeea35c13b
Saint Thomas,322,7.156,23.29,50.06,50.60,1.314,9ac60fc8-a677-4c67-8b1a-92c61ac71eec
Kyle Mangas,322,7.488,15.53,47.12,47.01,1.170,509e10a3-69e7-41cc-a0b5-44de8eb4659f
Justin Minaya,319,7.595,28.21,48.03,48.09,1.147,8a534421-7dd1-49c4-a304-7b5a2341f904
Tyler Burton,319,7.595,21.00,50.27,50.25,1.287,382afece-e02d-4ce2-92ac-92b1d2333d2c
Gabe Madsen,310,6.458,24.52,48.78,48.92,1.298,7e84815b-7663-437b-8751-28d60ef2c65b
Jaden Akins,310,6.889,18.39,46.74,47.23,1.105,e6acbf72-2032-4b3f-9672-62f8052c1873
Jaden Shackelford,310,7.381,27.10,52.53,52.74,1.205,dfffb2fc-160c-41a4-9a75-af0a21d2ba76
Romeo Weems,306,7.463,26.80,47.57,48.08,1.223,9920a386-699e-42ad-90ac-8fb89d78d1f9
Anton Watson,303,6.184,16.83,48.24,48.51,1.086,8cb4b74b-84e9-40e3-9a3a-a7dd7be9767b
Chris Manon,303,6.733,25.74,47.75,48.37,1.100,5dde0a80-753d-41a6-9ffa-6193317a3a17
Kira Lewis Jr.,302,7.744,13.58,46.33,46.76,1.187,ce287780-67de-44fa-86c2-d87dec5a1e28
Jayson Kent,297,6.600,17.51,46.05,46.53,1.223,dc854637-bbf4-4710-94b5-8c953db3ce27
Dink Pate,294,6.125,22.79,48.97,48.90,1.283,dc8f2d40-88ec-44ef-b6ef-09404a5d49cd
Sean Pedulla,294,7.000,27.89,49.71,50.16,1.177,6068f2de-9744-432d-b3f4-f73da0894927
Charlie Brown Jr.,293,6.659,26.96,49.52,49.96,1.204,dfa6209b-514d-438b-9c4c-bd6f1ff85613
RayJ Dennis,293,8.139,21.50,48.85,48.81,1.394,5c2a5944-cadb-4619-8b0d-04338c63a470
Jahmyl Telfort,293,6.511,21.50,48.48,48.77,1.237,f7cdd34f-d626-4902-b05a-e39f9ae32dd4
Jules Bernard,292,6.489,17.81,48.17,48.14,1.123,7c2fd9b6-9749-4ca1-8d58-b773ff9223dd
Jaylen Sims,291,6.063,23.71,46.19,46.22,1.225,4e475993-d453-43ef-a5dc-52e715e3e5db
James Akinjo,291,10.393,23.02,48.45,49.10,1.257,889010b1-1e41-4488-97c5-030be0d70083
Keion Brooks Jr.,290,6.042,23.10,49.86,50.12,1.185,088649fd-bea2-4353-a931-850c918b0337
Sean East II,281,5.620,19.57,52.94,53.10,1.158,673bd14c-085f-4173-9211-d62ae307b0e3
Jalen Bridges,280,5.714,20.71,46.54,46.49,1.148,1c7e1fdd-3a9d-4509-b079-a329c993e9d4
Johnny O'Neil,277,6.295,28.88,51.43,51.92,1.256,266b9ca1-6596-4d2a-947a-0f602c0af725
D'Moi Hodge,277,6.295,32.85,49.37,49.84,1.213,4fca8d39-a522-46f0-b222-226b8180e35a
Zhaire Smith,275,5.978,28.00,46.94,47.89,1.207,bf29165e-4d8e-4760-a070-5502dd6c2176
Justin Harmon,275,6.111,19.64,50.04,50.38,1.298,4c8abee4-0270-4d98-b4ab-cff9969857fc
Alex Morales,270,6.279,22.96,48.72,48.69,1.374,21a9c7c7-f211-4710-9932-3ecfa2fd4256
Efe Abogidi,270,6.136,34.81,53.51,53.94,1.292,2a962d8e-05d1-4d9c-ae45-e128f2ae9c81
Malevy Leons,267,8.091,19.10,46.93,47.23,1.066,a6b91d1a-7a93-4bda-8562-d762d1f5ad47
Sean McDermott,266,6.333,18.42,49.54,49.64,1.137,b5d46463-618d-4328-a3ac-31239ed7af7e
Jack Clark,266,5.660,24.06,47.80,47.84,1.235,baad4031-1f9b-4e88-9ac6-9c40ed79d7f3
Damion Baugh,265,7.794,20.00,51.05,50.97,1.313,bcde43ef-a7dd-4d4d-9d7e-a0585052e0b9
Jon Elmore,264,5.617,22.73,49.13,49.21,1.129,65bebd10-aa65-48ec-845f-2efcb122287a
Lester Quinones,263,5.596,26.62,48.10,47.89,1.179,e4c6a53d-37a8-4278-9230-5a9d9ccc6d02
Enrique Freeman,262,6.895,24.43,45.99,45.93,1.112,f838df3f-72c5-4cf1-a555-7182e3dccd13
Daeqwon Plowden,262,9.034,19.08,49.26,49.69,1.217,daca4b6a-526f-49e8-a02e-ba59acb77846
John Tonje,261,6.070,23.75,50.79,51.29,1.270,5bfe6dcb-3da9-45f9-95c0-ed690168c7ba
John Knight III,259,5.511,43.63,53.12,53.48,1.275,534e334e-2adb-4b8c-9614-8552f0dc5f6d
Skal Labissiere,257,5.841,20.23,47.05,47.30,1.245,0943dbc8-178e-4cab-97d6-3f31747698ab
Alijah Martin,256,6.737,26.56,48.43,48.72,1.078,c1035422-a088-42e6-8ad3-db400bb52aa1
Reece Beekman,256,5.689,16.41,49.78,49.49,1.034,a419b920-f119-41d8-af53-47d3b49ea811
Mouhamadou Gueye,254,5.644,25.98,46.47,46.87,1.157,cc3ddd0b-2be3-4043-a3e9-7ae15f6e1ab0
Dwight Murray, Jr.,254,5.773,18.90,49.85,49.52,1.230,7880b823-77c5-4925-a287-1af2424a923b
Anthony Pritchard,253,6.838,20.55,49.86,50.16,1.262,58d7789a-e4bc-46cd-91d5-01526491d417
John Ukomadu,253,5.271,24.90,48.50,48.81,1.201,b4f22d30-f720-4880-9fc3-a7a1f5679086
John Poulakidas,253,6.024,23.32,46.97,47.36,1.271,12bf97f3-6476-4443-af11-5228771faf66
Drew Peterson,251,7.606,21.91,45.40,45.20,1.165,b385f90c-bbc7-4346-8507-4d626e2c0c61
Marcus Garrett,251,6.972,13.94,47.66,48.10,1.037,723b0c0c-ac5b-4b0c-b84c-01da7be6c705
Nolan Hickman,250,6.410,12.80,47.04,46.99,1.172,b8b01afe-00df-407e-b0ee-229eacce163c
Sheldon Edwards,250,6.410,26.40,46.43,46.69,1.079,8d385c74-6c2b-4704-ad41-8e5519b11012
D.J. Carton,246,6.649,21.95,48.02,48.26,1.216,b902fc9f-4b1a-417f-8af7-bfa5c66c95a3
Toby Okani,246,5.348,18.70,44.61,45.20,1.173,a6c4645d-9238-44cf-92aa-fd318ebb8ebf
Coleman Hawkins,246,5.234,19.51,45.86,46.03,1.138,769be316-e69b-4438-a859-7fbbad08accf
John Butler Jr.,243,5.283,29.63,43.07,43.12,1.143,16110c22-e5e0-4925-94a9-959285132aeb
Javante McCoy,242,6.205,17.77,48.36,48.40,1.206,fac10e71-d936-4a9b-b017-2e3b743f9833
Emanuel Miller,241,6.342,22.41,45.47,45.89,1.004,9333d369-df08-4c59-9073-3164d584f481
Chance McMillian,241,8.033,16.18,50.58,50.53,1.320,d40fdb50-4ea9-488f-85e3-aa57164f9d0a
Matthew Murrell,239,5.558,16.74,50.85,51.61,1.179,42aff9d8-9839-4949-ac9d-97663c8eae23
James Bouknight,239,5.085,28.87,47.91,48.16,1.129,a4bca3d5-c8c6-408f-a4bf-22453062b4b9
Taylor Funk,236,6.051,32.63,48.04,48.50,1.262,951413b1-0a17-4edf-841a-5ca7b9a2c275
Tyson Degenhart,234,4.776,14.10,47.20,47.08,1.144,7ce310e3-5034-435f-85fd-9db70356ed75
Kessler Edwards,234,7.800,17.95,46.02,46.63,1.135,0dbaa8bb-491d-40b7-ad09-f4605dda699c
Mitchell Mascari,233,5.065,23.18,48.04,47.99,1.277,fdc935b9-0c73-4ca7-ba6b-f3b5aa1f2205
Kendall Brown,231,5.372,21.21,46.47,45.99,1.046,84863ea4-7e22-4827-9c1e-091a16291b37
Andrew Carr,231,5.022,27.71,49.62,49.81,1.219,d2f39898-17d1-4d74-bfca-1719672b051a
Tyreke Key,230,5.000,11.74,46.31,46.37,1.055,a9ab59d3-2f04-49b0-b4fd-a265d98af568
A.J. Lawson,229,6.543,36.24,48.15,48.44,1.213,ed39e2d6-ce65-43e5-9ea9-d579d0526a1f
Boo Buie III,228,5.302,18.42,47.63,48.10,1.286,2327ad6b-a87c-4b5c-8dbb-c64690426e98
Lucas Williamson,228,5.182,22.81,50.49,50.50,1.273,f0ae386a-6794-4f37-b447-84822aa60c4b
Bez Mbeng,226,5.650,18.58,47.34,47.67,1.159,117522bd-3f51-4ef9-99ae-8cf060df132b
Josh Oduro,224,5.209,17.41,46.10,46.65,1.000,8356850f-e674-4868-8a3b-7cf5b6193dce
MarJon Beauchamp,223,9.292,19.73,50.60,51.29,1.293,a17b838f-efcd-4d85-adab-39e05d579e13
Matt Allocco,222,5.550,16.67,50.56,50.76,1.178,1542fce4-02f8-434c-8e0b-c655313fea33
Malachi Smith,221,6.314,25.79,52.05,52.33,1.174,cf11631f-67ad-4f08-9466-e66859baa68e
Dalano Banton,220,5.366,26.82,44.51,45.17,1.103,ccd8ec3b-3e5b-4f39-9b41-91882f179a73
Hunter Sallis,219,6.441,15.98,50.43,50.60,1.190,6d6c60fb-827b-4b00-9033-8fb8a4fb0f32
Trhae Mitchell,218,4.638,21.56,43.88,44.33,1.084,d98ecec8-9937-426e-ba9a-e019ec88d94f
Ahmad Caver,218,6.412,29.36,47.79,47.63,1.278,b37bbd3b-102d-42c2-9bfe-7874d64e9068
Ryan Woolridge,217,6.382,12.90,52.31,52.77,1.307,a4f5f591-7988-4761-b96d-5efb627bd420
Tristan Enaruna,216,5.838,25.93,50.75,50.58,1.155,998f2322-7dab-4353-99d7-b23e57eeb3ed
Kobe Johnson,215,7.414,25.12,48.77,48.36,1.141,9f123592-d747-4a41-b903-ad6bcb6ac751
Isaiah Stevens,215,6.515,18.14,50.36,50.45,1.203,27b14c86-8f8d-4cd8-a8ec-bb051cd871bc
Miles Kelly,214,6.688,18.69,48.75,49.01,1.086,8e41f240-6f89-4f54-bcc5-534112efd3c2
Chris Mantis,214,4.977,29.91,48.59,48.36,1.203,d2d320cb-de1d-4f2f-b238-9697f02b41ff
Zeke Mayo,211,4.587,22.75,51.10,50.98,1.192,2aa9c687-ca9d-4478-a2c7-8f2797b308b2
Bryson Warren,211,7.815,16.59,47.97,48.53,1.300,de89d563-ec4f-4356-8cba-afd95b5a975a
Javonte Smart,211,4.795,25.59,49.83,50.00,1.274,a340ee6f-51b2-400d-8c06-295617b4c779
Ruben Nembhard Jr.,211,5.553,22.27,53.36,53.34,1.261,27574eb5-d76b-4147-882e-38f3edc014b3
Jaelen House,210,6.563,24.76,50.43,50.96,1.244,e14de0fe-50fa-4322-a5a2-55cb2137e6f2
Phillip Wheeler,209,4.860,22.01,48.23,48.08,1.175,3d20e735-543b-415b-835b-fa80295fa157
Zach Freemantle,209,4.447,31.10,49.47,49.57,1.177,aaa72835-bf87-4903-8432-953c82e91876
Josh Christopher,208,6.303,26.92,50.73,51.43,1.232,207daaca-464a-4e71-8c77-cae31615c0e3
Sean McNeil,207,4.705,28.50,51.99,52.48,1.173,4f71e857-f644-4dfc-9ae8-65416c90df71
Cameron Hildreth,206,5.722,26.21,52.88,53.59,1.241,2c4cbc5a-83fe-4562-afdd-859499b77aa5
Chase Hunter,204,4.636,33.33,52.12,52.13,1.340,50fd1b80-b17c-4168-9cd8-b67adeef9040
Steve Settle III,203,4.614,20.20,44.18,44.18,1.094,f52af8fd-29ee-4aa7-9c70-e211a5d73a12
Antonio Reeves,202,6.121,13.86,49.54,50.28,1.205,19004e0e-7982-4513-bdba-24e11e49d49d
RJ Felton,200,5.128,19.00,53.64,53.92,1.147,a593fa2b-cb79-4f8a-8139-bba7a2133f2c
Paul Zilinskas,200,5.263,16.00,47.32,47.73,1.173,fb3799f7-55e6-46cd-8dba-16e86ee83d37
Cormac Ryan,200,6.897,21.50,45.92,45.88,1.086,f3f41cea-955b-4ff5-b6fc-69991789d721
Zyon Pullin,199,9.476,21.11,49.01,48.84,1.247,21f03dac-c84d-48c5-80ce-a54781f63914
Dennis Smith Jr.,199,6.419,26.63,49.33,48.97,1.072,4a0f330a-e571-48c4-a685-f82c9436c964
Killian Hayes,199,6.862,28.14,49.34,49.74,1.185,9a826fec-5df7-4a14-8637-3364dc9433c2
Alex Schumacher,198,5.500,20.20,50.82,51.17,1.154,74b58589-0ca1-4a71-ac83-93c57a2e8b83
Koby Brea,197,5.794,22.34,49.29,49.45,1.376,e2c4bc9d-2cb8-49d6-962a-07bed124b6c8
Kevin Knox II,197,5.184,22.34,51.81,52.52,1.141,868bf1ee-0aa9-4762-a685-b32801d25e6a
Isaac Jones,196,5.158,25.00,46.08,46.45,1.105,a35d4b94-e6ff-4f4a-8f40-d64d70dd4c3a
Jahmir Young,196,6.759,19.90,47.67,47.57,1.184,dc80c41d-ab1d-4aa4-be9f-8830d7e0dd62
Alize Johnson,195,5.909,14.87,47.70,48.26,1.209,c97ec77d-b190-477c-8f04-2d8be4554830
Jalen Slawson,193,5.514,23.83,48.82,49.08,1.081,ee32b868-f2aa-47fd-bc12-e2df467173a0
Harrison Ingram,193,5.079,20.73,46.83,46.98,1.176,289b86f4-5aea-4603-a5e7-54793e5eb584
Au'Diese Toney,192,6.400,21.35,52.16,53.11,1.357,a127ee52-bbec-46b6-990c-93a2c3d57b87
LJ Figueroa,192,4.267,39.06,50.35,50.58,1.271,629382e8-fcc6-4974-b0a3-99fd67940f2d
Riley Minix,191,5.788,35.60,50.56,50.66,1.220,d4332b50-b7fb-4429-9525-e10587f584d9
Caleb Houstan,190,5.588,28.42,49.25,48.66,1.144,0ac0ed6b-ebe7-4dcb-b924-c14e31262efc
Christian Shumate,190,4.872,25.26,48.91,48.95,1.149,40ebb929-1947-4008-9cdc-046aa3a4bd87
KJ Jones II,190,5.278,20.00,47.87,47.77,1.311,b34e01c3-fde9-402e-a381-1abc45ea21fb
Luke Goode,190,4.634,18.95,48.60,48.57,1.232,4144db18-4210-42b8-af58-fd1dd83e87c6
Eric Dixon,189,4.395,20.11,46.08,45.80,1.190,11ec3e54-7b96-4e1f-856e-8933eb8de9c3
Trevor Keels,188,4.947,24.47,47.35,47.36,1.079,58189b84-2563-4034-984b-e61021022c4c
Olivier Sarr,188,4.178,28.72,51.18,51.45,1.063,584a880d-84b9-40fd-876e-852044392606
Jarkel Joiner,187,3.896,24.06,47.88,47.88,1.305,994212e5-17be-4696-bd46-0efcd68787bc
Nate Santos,187,4.561,20.32,43.29,43.68,1.091,5d98e4d9-9d4c-416e-896e-662ef6de036b
Johnny Davis,187,7.192,22.99,41.38,42.32,1.029,bd507dbb-cb87-4e45-ad2e-1990df07ac20
Mark Armstrong,185,4.022,22.16,49.78,49.27,1.254,3bc6f704-0fda-4f85-a681-a41d1178948b
Brice Williams,185,4.744,30.27,51.18,51.36,1.292,bc4eee96-6dec-4e4c-ac60-d467785926cb
Wade Taylor IV,184,3.755,29.35,52.92,53.08,1.279,d809ed56-e0c4-48ab-9cb2-e6e94a8c0842
Tosan Evbuomwan,184,6.571,19.02,45.33,45.35,1.000,3836af33-7171-4f6b-b4e3-7dc129d8efa6
Chris Livingston,183,6.100,29.51,46.86,47.81,1.301,f79d533e-f423-4752-a088-6d507d795bdb
Nick Jourdain,183,4.159,19.13,44.21,44.61,1.017,1faa4121-7c60-4b48-91c7-217d64555324
Nate Williams,181,5.171,27.62,48.13,48.17,1.101,3ab12c09-2aae-4bc0-a45e-0132e6751116
Leaky Black,181,5.028,30.94,49.36,49.66,1.254,baf1b89d-5bf9-44d8-ae08-43b643b89914
Kobe Bufkin,180,7.500,26.67,48.54,49.08,1.326,9e453254-b85d-43ba-a615-8bf683d94834
Kobe Stewart,179,4.163,20.11,45.21,45.20,1.090,9c8748fc-6d1c-4911-99a0-94e1cf486b48
Caleb Grill,179,4.711,21.23,44.86,45.03,1.054,bbae8544-616e-4d08-9a98-a20e5d47e694
Jaden Springer,177,5.710,26.55,50.70,50.94,1.155,8a1c8d1a-13c8-487e-b85e-6b10ecc1d39f
Blake Hinson,175,5.469,30.86,49.87,49.95,1.387,64b12646-2555-4dd0-98eb-cb169b3ee58a
Donte Ingram,175,4.167,15.43,48.03,47.97,1.256,1034b6f9-7fc5-4f5f-94fa-2ab920658dd3
Arthur Kaluma,174,4.462,20.11,46.45,47.35,1.055,c7a03fd4-8ba5-4f9e-b62d-db9492da6f1c
Wendell Moore Jr.,174,5.273,29.89,48.75,49.09,1.146,96f746dd-7dfb-4ea4-a98c-39ed5d2a0fd5
Jaylen Martin,174,4.579,22.41,50.86,51.00,1.263,70021baf-68ca-4b04-a865-fe10b1450b62
Alondes Williams,174,5.613,27.59,47.80,47.84,1.173,e555cb48-990b-4ef7-8464-59adc6adf34d
Alex Reese,172,4.195,32.56,45.09,45.64,1.244,1f6ef8b2-5d7a-4ca6-a9f2-cc8c06c032b8
Jaylin Williams,171,3.977,22.22,46.96,47.63,1.200,db384374-d594-45b6-a3de-9aa8a66dc226
Patrick Baldwin Jr.,171,5.344,19.30,45.80,45.96,1.069,45b328c0-b3b8-4a36-a0c1-28e39227ca85
DaQuan Jeffries,170,4.857,14.71,43.71,43.85,1.081,b969f906-aab2-4845-b038-70ec8482bed4
Javonte Cooke,169,7.042,33.73,45.23,45.72,1.262,0c8af3e4-85bf-4c62-921b-d5cc21594198
DeAndre Williams,169,3.674,33.73,49.02,49.15,1.119,d240c74d-0376-4b1e-998d-190b778ced1b
Trevon Scott,169,4.024,23.67,49.81,50.80,1.344,fc067294-4b2b-42aa-bea6-88cda36ce6d2
Kendall Munson,167,4.395,29.34,47.45,47.40,1.058,11a2c3b6-617d-4889-ac4c-dc3821c6375a
TyTy Washington Jr.,167,6.680,31.14,50.83,50.71,1.151,0b1c2f8c-380e-4f07-85b0-3b5ff4650d00
Malik Williams,167,3.711,29.94,50.68,50.93,1.140,91d9d39e-7ed1-4320-80fc-4d487e79b1fa
Marcus Burk,167,3.976,25.75,49.80,50.41,1.275,017ced69-5d96-4160-b064-3a051a5c9efe
Rocco Zikarsky,167,3.976,29.34,47.22,47.66,1.106,7a36a328-5e4b-42b6-a21b-39e9f97e0188
Giorgi Bezhanishvili,166,3.458,9.04,47.44,47.78,1.139,4d0b25c0-eb2c-423a-875e-ba9f74999bdf
Andersson Garcia,166,4.368,34.94,49.66,50.19,1.101,9b93509f-b8d1-4066-ba4c-6338fed2a84f
Augustas Marciulionis,165,5.690,21.21,48.68,49.19,1.245,89ff2dfc-818b-4d2a-beba-efe0422f6d4c
Tyler Smith,164,5.290,29.88,48.26,47.98,1.123,b701694c-6da2-49de-b9a7-ae092466ce67
MJ Walker,164,4.824,20.73,51.02,50.77,1.250,2733a0f6-5816-47e9-9972-a4f253f15038
Deivon Smith,163,5.821,16.56,48.07,47.99,1.181,9ffb6f28-8fa0-4650-bd30-47f8aa7235a2
Dereon Seabron,163,6.792,18.40,50.25,49.98,1.167,9cd83bc4-5c2c-4f4d-ba20-8fc69a4cfa8a
Evan Gilyard,162,4.050,25.93,50.72,50.89,1.224,0f656aa8-c62c-4fad-ad9f-3442cdc15e50
Jacksen Moni,161,4.237,18.63,47.12,47.27,0.994,b16076ab-b7f1-4f61-b1ce-87471a1be027
Donovan Williams,161,5.194,16.15,43.85,43.81,1.182,12136b74-23d8-49b4-b4de-98a320969c76
Miller Kopp,160,5.517,22.50,45.01,45.08,1.324,817c559a-6812-42ce-8373-1e8132f3b917
Matt Cross,159,4.676,23.90,48.65,49.13,1.171,8b71b1ce-93f8-4cf0-9099-64c91af44202
Jeremiah Robinson-Earl,159,5.889,23.27,50.99,51.03,1.164,1a9ac6bd-8b02-4fe8-8096-c435a2a90100
DeJon Jarreau,159,5.129,8.18,44.89,45.33,1.059,3cd02b89-3d2f-46ff-b392-29215f6825b4
Manny Obaseki,159,4.543,22.64,49.82,50.17,1.250,e4cdd91f-718d-4c35-95d1-b3aa28ef79b5
Javan Johnson,159,5.483,23.27,50.06,50.54,1.219,5bf3dc6a-f0bf-4146-9233-0714a95538e5
Kadary Richmond,158,4.647,41.77,55.24,55.26,1.389,5f0c2302-aaca-4ac1-b70f-f25abbe14186
Taelon Peter,157,8.263,24.84,52.21,52.89,1.250,c870f7e6-686b-40b6-859c-ced3b397cbd8
AJ Hoggard,156,3.805,33.33,52.03,51.67,1.228,91fbbfa3-eabc-4c5d-b0d0-b2fc674c84bb
RJ Melendez,156,3.545,25.64,50.13,50.31,1.126,090cc6af-edb2-4cf8-a374-9b90193c330d
Kameron Warrens,154,3.850,22.73,50.27,50.75,1.243,14a1175f-1e82-4a12-9edf-f9445dc58270
Chaney Johnson,154,4.278,24.03,44.96,45.39,1.261,4007e9ee-5f46-4b39-9d77-0001aa54f1f4
M.J. Iraldi,154,4.053,22.08,50.29,50.83,1.320,bc70e8c9-c8ff-44fc-b539-10f863d5efec
Keyontae Johnson,154,4.529,20.78,47.27,46.95,1.081,d5348336-15a5-416f-8312-bd7030a6277b
Brooks Barnhizer,154,7.333,18.18,45.59,46.21,1.178,6b9ff8ac-a24a-46b2-8a4a-4f4015c6b353
Tyson Etienne,153,5.464,22.88,46.68,47.06,1.209,316deed2-3f6a-4c1c-9508-2dd0c937cd4c
Jaxson Robinson,153,3.643,26.80,47.90,47.72,1.147,e7e970a3-7025-4ccc-b0f7-271f94238ee5
Gabe McGlothan,153,4.371,28.10,50.59,51.67,1.270,32f54c28-47c6-4d3c-8364-c3956aef7190
DaJuan Gordon,153,4.781,25.49,50.12,50.87,1.301,b7cd24eb-bd7e-4dcc-99a2-7236606d1541
Matthew Cleveland,153,4.636,27.45,51.44,51.79,1.196,45913c55-0376-4b4f-9935-00471ffb3033
Trey McGowens,151,4.194,17.88,47.85,48.12,1.140,a17cb8d2-4fe7-49a1-b4b9-e56f6316d694
Basheer Jihad,151,3.356,25.83,51.75,51.53,1.364,bd9b1fa0-957f-4365-8af3-a545d525965b
Trey Galloway,150,5.000,25.33,50.37,50.40,1.091,8303a10f-1748-43ee-9c4c-59abdffdaf87
Teddy Allen,150,4.054,25.33,46.77,47.59,1.169,03318058-7f1e-4d54-a8b4-cbaf7e836a78
Jonathan Mogbo,150,5.769,36.00,48.50,48.69,1.126,12f2cb53-d3a1-4a42-b6ed-9238a8eab4f7
Terrence Hargrove Jr.,150,3.333,18.00,46.07,46.74,1.268,06c40ea5-9150-470e-8f6a-7cde4a102ef6
Payton Sandfort,149,6.208,24.83,45.51,46.01,1.029,54f7a3fd-6e94-4630-9ca3-e05af980008d
DaRon Holmes II,148,6.727,27.03,47.35,47.59,1.171,33ee598f-dbec-467d-982c-9722af3b3261
Isaiah Roby,148,4.485,20.95,45.47,46.31,1.266,19602b62-cfbe-4d35-81f5-bc244327960e
Chris Youngblood,146,6.348,16.44,46.47,46.63,1.145,35206de4-a3c1-415a-b596-126c0ab7b44a
Dariq Whitehead,145,4.394,34.48,48.14,48.60,1.197,9f8b2ee3-8cc5-4a92-aeb9-c8c52d6e37a2
Kyle Guy,144,7.200,13.89,50.00,50.34,1.224,9eed3d99-6049-4cd0-96bb-4fabb8ad8ddd
DJ Rodman,144,3.892,18.75,44.24,44.18,1.276,18ec54f9-3c06-457d-a0c8-04f2aa513754
Elfrid Payton,143,4.931,18.18,46.91,47.11,1.169,ff4126dc-89ef-11e6-a96d-a45e60e298d3
David Roddy,142,4.057,33.80,49.06,49.00,1.065,ab0a4d97-fd7b-40d9-a72f-b2a862039584
Stephen Mitchell,142,6.174,15.49,49.94,50.28,1.311,1d1c157c-d6cd-492c-8ac1-aca3b6d6c04f
Terry Roberts,141,5.036,20.57,46.05,46.46,1.178,6b0963ac-b00e-46cd-94e8-e60dc3238718
Liam McNeeley,141,7.421,21.99,49.37,49.80,1.052,ba22d012-f7ce-4a1a-873e-d6c3ccf7ae5a
Ja'Vier Francis,141,3.133,24.82,50.67,51.16,1.263,426de6ba-834c-455a-8c94-9656ad089275
Norchad Omier,140,3.784,30.71,51.06,51.66,1.288,15c34e0c-e636-4bd1-a7db-6435d201f8c6
Victor Oladipo,140,5.600,21.43,44.32,44.05,1.023,ff415fa8-89ef-11e6-bc85-a45e60e298d3
KJ Simpson,139,7.722,23.74,50.28,50.66,1.135,1287087b-e6ba-41f9-b2b5-a3d2d1c8d682
Pacome Dadiet,139,7.316,31.65,44.58,45.17,1.181,810fd8fe-5999-4962-9441-004f4a25fea2
Nate Hinton,138,4.313,28.26,50.79,51.39,1.225,2827a99a-9a36-4b8d-8ca8-e77e9771b69c
Gabe Levin,138,3.943,18.84,44.77,45.52,1.138,154a9e91-a046-4e1d-bd25-0fdf6dc87f45
Hunter Dickinson,137,3.114,30.66,45.40,45.82,1.192,00c80505-49a6-4ed4-ae3d-decf5a59b3a2
Hason Ward,136,3.091,25.74,46.46,46.29,1.320,99828648-af70-4757-ac4f-8f3e6c8364f5
JaQuori McLaughlin,136,5.667,20.59,49.89,50.35,1.362,a05930e9-6846-4c42-b5d6-f859b92d97fd
Ben Saraf,136,6.476,29.41,47.86,48.73,1.270,f92bdf23-732f-412f-9b84-9c088cd9474b
Desmond Cambridge,135,4.091,28.89,48.62,49.18,1.240,5f4ae0bb-b9a5-4c83-8441-1e627500c265
Felipe Haase,135,3.293,40.00,50.98,51.20,1.215,a03683d7-864f-4a20-ba32-5a8d3263c1fa
Pierre Crockrell II,134,6.381,20.15,50.34,50.53,1.088,1a254905-e1db-43b8-9f5c-b1bf4e663150
Paul Watson,133,5.115,22.56,49.63,49.65,1.313,1aae577a-f08a-437b-81ed-160d66e586b9
Caleb McConnell,132,5.077,32.58,52.52,52.28,1.264,9ea29be6-8741-4b28-9a3f-b73d1919c900
Aaron Scott,132,3.300,16.67,46.37,46.27,1.392,800b6f8d-e4b2-40c8-9891-40fa3f84efc3
Tevian Jones,131,3.541,23.66,46.45,47.25,1.106,1d44afa0-7106-441c-b8ed-cc5e216e866b
Steven Ashworth,131,7.278,18.32,52.81,52.88,1.103,63e0883f-eae7-4a6c-ad8f-c7670247241e
Jarron Cumberland,131,3.047,18.32,47.95,47.79,1.227,46d86ca8-8056-40c4-8024-2ba83293aa17
Akoldah Gak,130,3.023,30.00,53.97,53.88,1.138,e6e552fd-83e6-4bb7-b80a-9b0bae80ad1c
Tyler Polley,130,3.095,16.15,46.33,46.66,1.089,e48e99e8-0b78-493c-9d6f-15b65e7869c6
Jameer Nelson Jr.,130,5.652,22.31,46.99,47.44,1.205,55218f5a-96d0-455d-953e-1af096389bc1
Franco Miller, Jr.,129,4.778,15.50,48.30,48.02,1.164,d681a7cd-c0ad-4497-975c-f750b762a74e
Alex Antetokounmpo,129,2.932,37.21,50.98,51.76,1.131,34a56ad4-cc65-4406-9566-ff884e10c7af
Kevin McCullar Jr.,129,9.214,24.81,48.73,49.46,1.092,1ebb0958-b242-4b10-a0cb-cc3182f35814
Chucky Hepburn,128,7.111,23.44,47.16,47.34,1.043,4ac4a0ab-ea85-4870-8bd5-9670073a3df4
Igor Milicic, Jr.,128,2.977,19.53,48.35,48.87,1.208,96e51137-1852-4b4b-8809-7d07d81b22a8
Ben Coupet Jr.,128,4.414,25.00,51.19,51.18,1.205,8c1d8070-eb6a-44ee-bc37-0a07ad5267fb
Jordan Hall,127,5.080,27.56,50.09,50.23,1.130,4b98be48-a61f-4372-8f5d-25f914555a83
Johni Broome,127,4.885,22.05,44.52,44.59,1.202,12c34cc3-1005-4454-bcfa-a5332744fd4c
Nojel Eastern,126,3.706,19.84,46.95,47.60,1.195,b2251f82-7770-4e0b-994d-c33ff4a1b39d
Zack Austin,125,6.250,23.20,44.08,45.07,1.061,cdb9a6bd-2259-43bc-9209-03da5b72234b
Quincy Olivari,125,5.000,24.80,47.62,47.69,0.965,cbbbce73-763b-4e1d-820b-1b8f62857eaa
Bobi Klintman,124,4.769,37.90,49.39,49.23,1.141,61c18542-cf37-49c7-b486-337bb809d326
Zhuric Phelps,123,5.857,17.07,49.49,49.68,1.241,cbddda95-fa69-4ae6-b6b0-247f5c669b7f
Josiah Allick,123,3.154,16.26,45.91,46.06,1.113,46de8a99-497a-49cd-a9ec-347e787439e3
Warith Alatishe,122,2.905,18.85,45.36,46.07,1.143,ef3f7448-40b8-4701-8feb-456aaa4d1c6e
Jamarion Sharp,122,3.389,25.41,45.72,45.97,1.086,02b5523f-9555-42f2-b2a7-3ba79ce5e959
David Jones Garcia,122,7.625,35.25,45.39,45.54,1.145,8207e744-783c-4fac-8d78-52acb829f00c
Max Klesmit,121,3.903,19.01,50.28,50.49,1.265,ce1fc58a-6a2f-40f5-a83b-c0acdcdf2e01
Tomas Chapero,121,2.469,21.49,49.50,49.85,1.140,5909ae5b-81cc-4f42-adb1-912f0c19edfc
Bronny James,121,6.368,28.93,47.70,48.28,1.089,ec9d7a06-798b-45e0-8eae-a5bfdd92f0ba
Buddy Boeheim,120,7.059,25.00,49.97,50.48,1.202,b19737e4-2806-4548-b14b-2062175fb05e
Symir Torrence,120,5.714,27.50,44.99,45.03,0.957,6779419d-662d-4a38-b2ea-cb8e012eed8f
Martez Brown,120,2.927,28.33,46.94,47.51,1.137,15a40435-a0cb-41f5-8680-120339364fa1
Adama Bal,120,4.286,15.00,43.82,44.38,1.167,3559f9a3-9132-409e-a701-a4c5757cb325
Cameron Parker,120,3.158,25.83,52.88,53.14,1.248,15e3cffa-aed2-4d74-a8e0-ec06dfea63c6
Dain Dainja,119,2.479,31.93,50.13,50.14,1.209,3d560bd7-c964-492e-97b7-12c4feda4079
Dajuan Harris,118,4.370,21.19,47.72,46.98,1.268,51b4a0a5-880c-48d7-a342-2b25ec6cc206
Alex Fudge,117,2.925,26.50,42.34,42.57,1.158,1f5a0d41-0c51-4353-9d7a-503196852e33
Kyle Rose,117,4.333,18.80,48.22,48.73,1.125,c7fe17cb-17b0-4fe5-bfde-60cdce624f03
Lawson Lovering,116,4.000,18.97,47.54,47.59,1.261,ee296dd9-8d26-420c-9aa1-271f6b6a2222
Cam Carter,115,3.485,21.74,42.31,42.03,1.187,a183c842-9603-4691-9abd-612235152ad2
Nick Smith Jr.,114,6.706,17.54,50.69,52.27,1.130,b2d1fbf7-72be-4469-b0c2-db6677a145bd
Erik Reynolds II,114,3.677,12.28,50.96,50.82,1.286,f3572151-dba9-4dc4-a48a-792e17a3180b
Hank Morgan,113,3.531,19.47,51.29,51.57,1.108,29d938d7-ce0a-4aba-9b2e-b17b2e8d8ee5
Julian Reese,113,2.756,29.20,52.28,52.35,1.266,9f1b6ada-6f2a-4683-9f79-e98b06d24f06
Ron Harper Jr.,112,6.222,24.11,48.12,47.68,1.000,0fc9db0f-ca5e-49e9-a003-973fa4fd8839
Reynan dos Santos,112,5.895,18.75,46.50,46.68,1.271,e3cdc093-14ad-4686-ade9-7fc70c5a5a88
Tidjane Salaun,111,7.929,24.32,50.82,50.31,1.123,abc5b21b-f2eb-40cb-a9e6-6eb5abeafe60
Kylor Kelley,110,3.548,20.00,45.32,45.34,1.056,08d8e7a7-6e98-43fb-808a-803728ffe738
Brian Taylor,110,4.400,16.36,43.91,44.49,1.262,ef62751a-0816-46fa-9160-054ef9ec64e4
Adam Flagler,110,7.333,12.73,50.86,51.41,1.178,60b1ff6f-7e65-4d93-8b0b-fe76747cb0db
Quincy Guerrier,109,4.192,30.28,49.83,50.05,1.086,e7a09800-4dd6-4745-8dc3-2bb848800f9e
Derek Ogbeide,109,2.271,25.69,52.10,52.13,1.184,4f5b0cc7-0740-4ebb-8b37-c464b1f421f3
Kaleb Johnson,109,2.725,21.10,52.15,51.79,1.299,51e2e08f-d07e-4dbd-a05f-bba8e5c69f96
Hunter Cattoor,109,3.633,24.77,50.58,50.62,1.412,3b01bc5d-08ef-4a1a-afff-52c5c9f81849
Patrick McCaw,109,4.739,40.37,46.74,46.57,1.228,ff42a38f-89ef-11e6-bb23-a45e60e298d3
Jason Preston,108,6.750,28.70,51.60,51.25,1.078,b609ade3-6177-4d12-8f4d-e717beb97f97
Moses Brown,108,2.769,26.85,52.14,52.26,1.301,81ca845d-dae4-46b5-89e6-86d619acb3c8
Jahmai Mashack,108,7.200,20.37,52.70,53.38,1.290,f851dd8e-83fb-42a9-8b76-cc5afe5350fa
Drew Cisse,106,2.944,19.81,48.19,48.99,1.165,4943e7dd-a830-4c29-bd39-a8b168bf00b9
PJ Hall,106,3.419,22.64,48.51,49.05,1.069,4af59bef-250a-46aa-a5d3-e448a55f61ad
Steven Crowl,105,2.838,24.76,47.49,47.52,1.087,ee193c16-33d6-4aac-9688-7dde65cf6671
Trentyn Flowers,104,7.429,31.73,49.37,49.29,1.127,c917a1b8-8537-4dbe-91bb-c8e376d71ee4
CJ Huntley,102,2.429,14.71,53.39,53.93,1.290,a93dac29-3dee-4328-8787-673c2c4d207c
Marques Bolden,101,2.463,21.78,44.39,44.01,1.194,95b6d616-e911-4060-869d-7f633e7ec049
Damari Monsanto,100,2.326,39.00,51.04,51.49,1.031,63a42b38-d8f6-4214-aa03-cb4263b02a9a
Ethan Thompson,100,6.250,20.00,50.45,50.65,1.330,e303b1cc-a268-4f85-8063-e447c757ede6
Stefan Todorovic,100,2.632,26.00,53.07,52.96,1.358,a0dbe31a-75c6-4777-a920-d506c5633bdf
Jabri Abdur-Rahim,99,4.304,15.15,45.34,45.32,1.239,5ba18e46-b710-44bf-8369-1185adf0ce77
Nolan Traore,97,6.929,19.59,48.52,48.83,1.309,4b2dd1ee-169e-4af4-9877-1e600ccc1ac5
Keyshawn Bryant,95,4.750,21.05,48.75,49.22,1.222,8bfb0e3f-2c04-4dd5-ab0d-c7bf453b1ed5
James Banks III,95,2.111,25.26,42.18,42.41,1.146,f4a998d1-4507-43b9-91e3-832dde032d54
Abou Ousmane,94,2.089,20.21,46.27,47.27,1.176,585d08a6-4aa1-45ad-81f0-76cb2c579ab1
Elijah Harkless,94,5.875,25.53,48.86,49.36,1.174,629588b6-9560-45b9-ae52-ff90c299fc4d
David Muoka,94,2.350,22.34,45.24,45.97,1.228,c5a7468d-b9c2-4814-a823-b9bf4a58358f
Cameron Brown,93,6.200,22.58,44.14,44.31,1.169,c2df5312-12de-4f83-9d1a-3f3c2ab6148f
Asa Newell,93,6.643,24.73,49.26,49.77,1.315,eb38ea24-c68c-4f72-9a55-2e397b4f0124
LJ Cryer,92,5.111,25.00,46.40,46.88,1.297,51c89cc1-c192-4e07-878a-436ad5c2c70a
Tolu Smith,92,3.538,28.26,47.69,47.59,1.056,dea8af5c-b86c-4445-b191-20c7806e6a4e
Yuri Collins,91,5.688,31.87,47.73,47.29,0.964,7a58adf5-73d4-4f5e-b042-6ab0d8862313
E.J. Liddell,91,3.792,21.98,46.91,46.81,1.024,f76c835b-10f6-42aa-aafe-3c87b5be8866
Isaiah Crawford,91,4.550,14.29,48.14,48.49,1.084,cc5a020f-5862-494b-a997-26288b4f4f12
Vladislav Goldin,91,3.138,19.78,44.92,45.00,0.989,0d1efd50-8b55-402c-af4a-3400a0ecf19e
Drew Timme,89,4.450,22.47,50.39,50.83,1.094,30998b89-18c0-4086-ae61-1830056bb1b7
Samson Johnson,88,2.588,22.73,48.87,49.23,1.096,68596e1c-c815-41b9-ae9b-a8179fee1f36
William Baker,87,2.175,26.44,52.64,52.30,1.188,dc9d21e3-68f0-4270-a358-8e68da5bbafc
Isaih Moore,87,2.231,27.59,53.60,53.78,1.494,ea2cbcac-0b28-454f-a3f7-a30bb1d6fbb1
Nikola Djurisic,87,4.143,14.94,50.89,51.22,1.388,0e381936-04ed-49fd-87b0-400686b3e145
Micah Potter,86,6.615,15.12,43.50,43.24,0.975,1e89c60d-b20e-4499-aba4-b13dba295a52
Lachlan Olbrich,85,4.722,24.71,47.78,47.92,1.247,684950fe-3bcb-47f2-8bfa-a9941e216b28
Kellen Tynes,85,4.250,15.29,49.75,50.01,1.133,83a05254-611e-4587-a927-613bde48b6ba
AJ Johnson,85,6.538,15.29,49.14,49.84,1.282,2b0ac9c2-0fa5-4ee6-9881-03b737e11dc3
Jonathan Pierre,84,2.625,34.52,50.49,50.28,1.026,94306db4-8243-44b3-9f3e-eb1dd9e258b7
Viktor Lakhin,84,2.800,42.86,48.94,49.86,1.175,386162d7-b5e6-4aca-9174-cfba1382d491
Tyrese Samuel,84,2.049,26.19,48.45,48.39,1.256,f4159312-f59d-46f6-a72d-afb990d1e80a
Luke Travers,84,5.600,23.81,49.18,49.37,1.120,ef24e628-6674-47d2-8fea-a8ceb61e0fb6
Oscar Tshiebwe,80,3.636,27.50,49.19,49.34,1.276,9234048a-d7a7-4f77-8d48-3b95b6365ae0
Orlando Robinson,79,4.158,13.92,48.04,47.71,1.263,e58d10b8-dbfa-46bc-9b80-d078501bcce7
Keon Johnson,78,5.200,29.49,50.62,50.73,1.338,7cfacef2-8c7b-41e7-9df3-4a570a6de468
Tamar Bates,77,5.923,20.78,46.46,47.08,1.319,4e132a3e-20b7-4058-9b69-c71ed0bfd654
Amari Williams,77,2.750,25.97,50.38,50.46,0.973,7f8f2047-20da-4fde-b1c4-e046ef5d94f1
Jordan Minor,77,2.333,32.47,52.49,52.43,0.959,ec389395-e86e-494f-ae34-b2b08a74437b
Yang Hansen,76,4.222,21.05,44.89,44.64,0.897,c6156c46-4275-4470-bed6-6c382811ef91
Trey Jemison III,76,2.533,11.84,42.47,42.95,0.973,48e06536-9d6f-4027-9d17-ec477a9ae3a2
Sharife Cooper,74,5.692,20.27,49.59,49.88,0.918,2d470912-d9ac-4456-916c-372fc4c84cdc
Grant Nelson,73,3.650,23.29,45.97,46.90,1.014,c4012fed-7c3d-4171-a8c7-3432c061c9d7
D'Andre Davis,73,2.212,12.33,50.03,50.34,1.145,93c1ccb9-a43d-42a7-a037-b8d2057acc02
Nikola Topic,73,6.083,23.29,49.02,49.41,1.271,deb86c8a-aaa2-472e-a66d-a1cbace2c797
Tre King,73,2.355,21.92,48.51,48.52,1.014,2928912b-dd61-4f60-aa20-a01d295e03d6
Liam Robbins,72,2.323,33.33,43.47,43.75,1.043,831eb28e-7713-4fbe-bf6b-dd0e1e20b1f5
Charles Bassey,72,3.600,16.67,46.45,46.69,1.029,089bae1f-5cd7-438c-8ebb-061918727a25
Jamal Mashburn, Jr.,72,5.143,15.28,46.39,46.73,1.478,e2dcfe4a-9e16-4ab8-8eee-e15ca0db6eb5
Cody Martin,72,5.143,27.78,44.96,45.32,1.119,0000b397-3cf4-4dd4-a910-000000000131
Tyrese Hunter,72,2.769,22.22,54.76,54.98,1.188,4f89702e-6e19-48ef-9be1-8da8a0837a2f
Rasheer Fleming,72,8.000,34.72,45.64,46.80,1.157,4639f41a-c88b-4cf0-91c2-c36d9d4c1e5c
Chaz Lanier,71,3.550,16.90,45.96,46.14,1.243,3ff2c55c-8857-4cde-85eb-a42b87da7dcd
Craig Randall II,71,5.071,29.58,50.97,50.66,1.176,57c94d1b-101e-4b0a-afc5-d9716233e92d
Trey Townsend,68,2.833,26.47,46.37,46.41,1.141,32735ab8-9eea-40c1-93be-395428840de8
Garrison Brooks,68,2.615,26.47,51.29,51.22,1.133,146c7c56-b7ad-4925-8a9e-93d2c5db55bc
Caleb Love,67,6.700,23.88,48.22,48.31,1.250,163d0a85-fc13-4c76-8e98-93aae28417d2
Cameron McGriff,67,2.310,32.84,49.46,50.02,1.215,55ec130c-b918-4d9b-9fe5-9b79a5f370f2
Johnell Davis,66,2.129,24.24,52.05,51.77,1.238,7ddd09bd-a98c-468f-ac39-239c33fe8d79
Chase Jeter,66,3.300,24.24,52.05,51.65,0.905,ea3ac175-ec80-45da-aa31-7c38b04c7657
Aminu Mohammed,66,1.886,16.67,49.08,49.59,1.281,6abaacf2-5a3c-4c72-b19c-2a645dd84022
Yuki Kawamura,66,6.000,15.15,53.22,52.69,1.403,3d921f8a-1119-4e42-be46-c22ae84d5f58
Jamal Bieniemy,65,3.611,18.46,48.25,47.48,1.109,5659992f-2487-47ce-83f7-baedce2a090e
Dylan Cardwell,64,4.000,23.44,41.39,41.94,1.065,fb79aa4f-8468-454c-80db-1768d95b4e42
Michael O'Connell,64,5.333,28.13,49.41,49.49,1.183,e4133038-cf2f-4227-a6d5-566eb968a245
Bryce Thompson,63,2.864,34.92,48.81,48.97,1.323,cc61028a-3c21-4917-a6fe-607bb4085636
Riley Grigsby,63,3.150,22.22,48.02,48.35,1.444,5b7fafbf-2163-4b93-a29d-fc83e9946914
Giddy Potts,62,4.429,22.58,50.25,50.18,1.419,7ac29d25-418d-4bf3-b302-cda0f4aa7cae
Jamal Cain,62,7.750,17.74,46.77,45.92,1.279,f42a8b63-1ab4-447f-b74f-be293fc58e99
Adou Thiero,62,6.200,35.48,45.57,47.45,0.983,9b945fc0-d3bb-405d-bf43-95c6e7d7e87b
Jeremiah Tilmon,61,2.103,16.39,39.86,40.37,1.218,285400dc-29c2-4d6a-83a0-5b87049c14f0
Osayi Osifo,61,2.346,19.67,51.97,52.74,1.140,c1f25993-dd81-43fd-a710-d7b67b6bd974
Joan Beringer,61,5.545,32.79,38.54,38.97,0.984,325d465a-ead8-4773-875c-a3fd83d18f23
JD Davison,61,8.714,42.62,48.55,48.81,1.143,833b573b-1366-463c-92ea-56e7718c0dc6
Ethan Taylor,60,3.158,41.67,51.27,51.28,1.298,b4569bbc-b31d-4504-a59a-fe40691d1d00
Isaiah Hawthorne,60,2.400,21.67,49.11,50.31,1.018,e186218b-ea58-4542-af85-ac121949c255
Matthew Moncrieffe,60,2.308,26.67,42.73,42.66,0.931,3d0d89b4-df1e-43a9-9870-4329d5e8161c
Rahsool Diggins,59,3.278,15.25,46.43,46.57,1.268,6404e275-f55f-42e5-8d36-cddd1661c335
Wooga Poplar,58,4.143,22.41,47.88,48.74,1.180,b3aaee9c-4272-479b-9fdc-7b99458903ea
Colin Castleton,58,2.900,10.34,45.31,44.83,1.411,cb160212-66c3-46cf-8728-c0d6612456f8
Pedro Bradshaw,58,3.222,34.48,53.78,53.92,1.123,881e8c41-f4cb-44fa-9caa-782d1e294daf
Moussa Cisse,57,4.071,26.32,50.66,50.52,1.053,b4769ff6-6ae9-446a-a262-0b849da72338
Colby Jones,57,5.182,17.54,49.35,49.44,1.345,80ea0675-30db-4ebf-b37f-eb50552e8d0e
Micah Parrish,56,2.000,28.57,44.74,44.66,1.113,a233b4d2-746c-48be-9d0d-ce655385c605
Justyn Hamilton,56,1.600,28.57,54.15,54.89,1.296,7be325aa-4951-4bc9-948d-d4177d4cbb1c
Dawson Garcia,56,3.733,21.43,50.23,49.89,0.846,4aa2ea37-df6a-43f3-9838-5bb4d2e13186
Jamir Watkins,55,6.875,23.64,43.84,43.77,1.278,84ba6ce6-9c37-4225-8f84-14a5cbacea65
CJ Fulton,55,2.500,34.55,48.38,48.03,1.250,e2d1008a-5cc8-4a4d-9f54-0bacfbd083be
Lacey James,54,3.176,11.11,41.60,42.47,1.058,04c6579b-6a42-4b88-944b-6cc896241e84
Steven Richardson,54,3.000,24.07,44.33,44.64,1.157,1baa93ad-ae20-4faf-b428-11c4aac33778
Mo Bamba,53,2.409,15.09,50.39,51.19,0.942,ee761e41-d0d2-4a56-84cf-353e2ae5a961
Ibrahima Diallo,53,1.656,30.19,49.67,50.54,1.137,505bb488-33f9-485b-9cce-e0533d462cf1
Garrett Denbow,52,4.000,36.54,51.88,52.42,1.298,13631116-cd60-4bc0-9a41-6fed5d44b41c
O'Mar Stanley,52,1.857,32.69,47.46,47.31,1.277,c35585ea-5c0e-4c72-bd00-07eceb71ee47
Sy Chatman,51,3.643,27.45,51.00,51.35,1.400,ea9cdbe0-fa96-437f-99d0-f1c67185f3e7
Kalib Boone,51,1.700,11.76,44.93,45.24,1.163,57657681-6e1c-4701-8298-93f30846effc
Jamaree Bouyea,50,8.333,26.00,52.48,53.63,1.000,e35aa016-05af-4a0b-92b3-b0d987d11892
Seth Maxwell,50,1.724,26.00,42.39,43.54,1.468,12d95e3f-d714-4300-978c-245c9d0f302c
Derrin Boyd,49,6.125,16.33,37.92,38.07,0.933,6dfc6fb5-d921-403b-b590-c1c4c3e900a9
Ace Baldwin,49,1.815,26.53,53.13,52.96,1.022,6ab19369-4aa1-4aa6-8274-b595ac8902be
Emoni Bates,49,5.444,28.57,50.39,50.81,1.267,9f1d3f5e-1bf4-4a41-81f4-516081353643
GG Jackson,47,5.875,19.15,50.30,51.63,1.350,de22ebf7-4f76-48b4-805b-b5f87858922f
Brandon Slater,47,2.238,23.40,43.29,42.59,1.000,eb81af0f-e8c9-4a55-a018-bb56cbc130ff
Keshad Johnson,47,5.875,19.15,41.35,42.39,1.000,c5cb7e86-5c88-4bd2-bf14-22a65e7bd094
Antoine Davis,47,2.350,23.40,51.70,52.34,1.318,cc05d44b-5260-48a3-b9b6-61ce282a67c0
Jaykwon Walton,46,2.556,34.78,49.55,49.86,1.214,59731b4a-481f-4699-a3fe-f39676cc079b
Pete Nance,46,4.182,19.57,40.63,41.29,1.227,a9d51846-7123-4773-be70-de509c877a08
Justin Jackson,45,1.957,31.11,57.58,58.64,1.350,0867f70d-4848-4664-82fb-db397233e78f
Yanic Konan Niederhauser,45,5.000,26.67,50.10,51.40,1.227,c4c0b9a3-5f7e-4611-977b-e0d73c08a29c
Cam Young,45,3.750,28.89,50.26,49.87,1.190,f61521e8-e7f3-4526-a0fa-efedc3c820ca
Ibou Badji,44,1.571,25.00,52.62,52.49,1.114,9e3a3a92-a664-48f7-97d2-0f8f27735dbd
Justin Edwards,44,8.800,40.91,52.20,53.23,1.146,c2b8cc6a-c87c-4dc5-bfea-c4630c2b6f3e
Zach Hicks,44,2.933,22.73,48.87,48.96,1.184,8e62f792-31da-4509-a4a8-d0bd4144b94a
Jahlil White,43,3.583,16.28,47.83,48.82,1.128,e21b31ea-a8e5-41ad-89b1-72a56bdf59e1
Lance Terry,43,4.778,23.26,49.96,50.37,0.897,2c5a45b8-029d-4556-9186-221becde7ae7
Jazian Gortman,42,6.000,26.19,42.90,42.77,1.293,dd6ea48a-5adc-4411-bead-f2cf2861a9ce
Kaden Anderson,42,2.333,30.95,40.21,41.38,0.976,d3403310-4ad2-4ea2-9072-623f9adefc8d
Charles Bediako,41,2.563,12.20,45.27,45.45,1.000,40e03646-000c-4ccf-a366-50f9477583e5
Marcus Bagley,41,4.556,21.95,50.46,51.45,1.400,a39bf7f9-11fd-434e-9673-4a184061ad7d
Devin Carter,41,8.200,26.83,47.03,47.42,1.351,8a8e683b-3939-4208-b55c-bc9cefe13a54
Kam Jones,41,5.857,17.07,45.61,47.78,1.162,93ff04cb-5390-4709-a521-c7ce58713f31
Makhi Mitchell,41,1.414,21.95,44.41,44.59,1.325,fec781d1-53e1-4e5e-baf1-7937603be356
Khaman Maluach,40,3.636,32.50,45.38,45.77,0.974,d4dcccfe-9470-4fef-bac2-e9f6aa1cfd32
Jonas Aidoo,40,1.429,22.50,45.57,45.32,1.128,18e9a256-6619-4a10-a5dd-2c89bb7cfb0a
Ebenezer Dowuona,39,2.053,25.64,49.03,48.64,1.026,d435507a-b78e-4251-8feb-ad8c5d01dcb1
Dakota Mathias,39,4.333,15.38,56.80,56.98,1.692,9f1f34c6-66d2-4093-9328-d2fffffb97d5
Tyler Kolek,38,9.500,13.16,48.81,49.33,1.162,40faa5df-7ced-449d-bd12-300a2938370a
Myron Gardner,38,4.222,36.84,49.89,49.64,1.212,8de6d5bf-730c-4c48-8f00-7f9da72e979e
Jay Scrubb,37,2.643,27.03,50.13,48.88,1.389,8488ec31-e9a6-4535-a007-3b6fb6c5f1bd
Jack Gohlke,36,4.500,25.00,45.07,44.29,1.371,20e6b7dc-2172-4ce5-a2c7-f61c3c89d703
Kevon Harris,36,4.500,25.00,50.84,51.42,1.314,8190d885-1fd0-4dad-99d7-2431cc018492
Noa Essengue,36,9.000,30.56,38.63,39.12,0.943,fe09888e-ef47-4152-a457-e6f4e04aee54
Kasparas Jakucionis,34,4.250,20.59,55.10,55.55,1.032,f4881a74-343b-4005-b701-3f53c512aba6
Daniel Batcho,33,1.138,3.03,44.44,44.83,1.207,72e13ad0-9840-41e7-b88f-ab295ef762fb
Terry Taylor,33,4.714,21.21,47.52,47.20,1.031,0852ab90-243b-4951-bfb0-c536f151cba5
Taylor Hendricks,33,4.714,36.36,54.56,55.07,1.067,91ee33ca-2f8a-421c-8a4d-b0f98d5bc54c
Caleb Stone-Carrawell,33,1.500,27.27,57.71,58.09,1.606,c0ac23b6-44cc-4fe7-8a81-560c7fc1003d
Devon Higgs,32,5.333,28.13,49.93,49.39,1.194,72b7a0bc-f1b6-4996-89e8-8c6535bd71c0
Eli John Ndiaye,32,3.556,18.75,52.97,52.91,1.094,541d7cbf-04ae-40eb-9401-fc9f1fffdcf2
Dalton Knecht,32,10.667,28.13,49.26,52.67,1.032,b8da7ce7-11b7-4a94-acd4-f309bf4b6333
Jean-Jacques Boissy,31,3.444,32.26,45.90,45.40,1.103,3cd15c37-c35d-4061-82f8-728bfefd34c9
Ryan Nembhard,31,5.167,35.48,43.08,42.81,0.862,f43050bf-10e7-4919-95a0-272b4c616687
Rayan Rupert,31,10.333,16.13,41.41,41.51,1.111,f99ade9a-ec49-4d41-b7f8-7e1b16c9ed79
Nathan Mariano,31,1.938,19.35,50.34,51.10,1.433,6e090c81-2a42-43d1-9e4e-bd5a04f09b10
Danny Wolf,30,4.286,20.00,44.93,45.56,0.966,0b1b2334-050a-4f4e-bae7-3865147c950f
Lahat Thioune,30,1.429,23.33,57.57,56.96,1.067,81875c9a-a727-4662-bd59-5ce020b80d6a
Malaki Branham,30,5.000,26.67,51.23,51.99,1.379,13030bd6-e3d6-4e2a-9685-88300bc4ec5f
Cameron Tyson,29,4.833,10.34,47.05,49.85,0.750,18ede5d3-f2de-4f9f-a9c3-ffe37ac43566
Esteban Ezequiel Roacho Amador,29,1.115,10.34,46.29,45.95,1.607,2d23e4fc-8b5f-4131-af0f-83b0ae3a2c69
Obadiah Noel,29,4.143,24.14,53.15,53.09,1.042,ae301693-1228-4496-9f09-3dede6e84191
Jackson Rowe,28,5.600,28.57,44.76,45.30,1.231,87777cd1-2099-4edd-8256-f29343fa0fd4
Issac McBride,28,7.000,25.00,42.64,43.69,0.846,e98d2d7d-61a8-42e6-9c79-f1c3d6667ec9
Markelle Fultz,28,4.667,32.14,49.16,49.22,1.346,1114f266-df53-4313-b425-0021dd87864b
Jermaine Couisnard,27,3.000,33.33,54.80,53.83,1.360,395250e2-3fc7-41ec-b3e5-be2b920a6458
Ricky Council IV,27,3.375,40.74,53.14,53.18,1.385,9027d4b5-4d3d-4ee2-98cd-3d105aa7044b
Drake Powell,27,5.400,22.22,50.28,49.97,1.148,ed72fbc9-1066-46d8-872e-9a437c4e536e
T.J. Warren,27,3.857,14.81,53.99,54.48,1.560,ff401666-89ef-11e6-b554-a45e60e298d3
Noah Penda,26,8.667,42.31,41.13,43.32,0.783,8257785f-b06f-4feb-a7c3-c58c4fbf99d7
Dalen Terry,26,8.667,7.69,48.70,48.46,1.080,8fc64d15-1d47-47e1-bb04-d03f75dccc5a
Ariel Hukporti,26,4.333,26.92,51.22,50.45,1.240,91a10e2e-9784-440d-b0a4-83a8db044c1d
Trae Hannibal,26,2.364,30.77,50.53,51.92,1.609,636fef85-a117-4abd-96b9-a45df0f16b53
Mason Madsen,26,4.333,19.23,51.25,50.81,1.652,d745163f-0ba1-4894-9467-cb7553e99081
Tommy Bruner,26,4.333,23.08,56.15,56.55,1.423,9819211d-c92e-4802-8be4-018f1efe7932
Geronimo Rubio De La Rosa,26,2.364,19.23,52.96,52.02,1.720,5bc79052-06fe-4165-bc0d-7121fc331302
Will Riley,25,6.250,12.00,45.31,45.84,1.042,3fb6c927-c443-46a9-aecb-1105dfb05233
Omer Yurtseven,25,8.333,16.00,40.38,41.29,0.773,6811ad75-3527-4bfc-b0bc-8fd46ec62535
Cody Williams,25,5.000,20.00,47.27,48.46,1.550,8b49e58d-df58-4e21-b984-2bda3ce246e6
Jacob Toppin,24,6.000,12.50,48.82,47.55,1.227,9e0abf37-2963-4f62-b8f7-104fefa58273
Omar El-Sheikh,23,1.278,13.04,42.15,40.41,0.818,bdfadf82-2b4c-44e8-ae46-a6e3c9957744
Cameron Martin,23,2.300,21.74,47.48,48.23,1.318,99e062a8-b28c-47b0-9682-92a5d2461cd1
Nathan Missia-Dio,23,1.353,13.04,39.85,39.94,0.900,ef69e667-2cb2-4590-bb9e-561480e2abeb
Javon Freeman-Liberty,22,4.400,45.45,54.40,54.73,1.429,a28cdf29-f659-4646-b964-87ec3c295ae4
Ray Harrison,21,2.333,57.14,56.20,55.82,1.250,57be9a58-9fec-4727-b978-d75c7e33e914
Vernon Carey Jr.,21,3.000,9.52,44.50,44.91,1.000,9dc84f16-116c-451e-a191-b54f210fecbe
Mohamed Diawara,19,6.333,21.05,52.47,51.46,1.111,cb172f69-5e77-4552-a43b-b2993cb7f689
Christian Koloko,19,3.800,21.05,43.06,44.43,1.111,efbab460-ac97-49e1-aa9f-6e7da27ab2df
Jared McCain,19,6.333,21.05,54.18,55.87,1.722,eb79ea6c-b337-448d-ac33-7e92219822ef
Onno Steger,18,1.800,11.11,50.01,50.38,1.556,f033b782-7e16-4a10-b000-aff290ea4400
Eric Ayala,18,1.385,16.67,56.93,57.51,1.467,0ed3aa02-c44c-4b25-a16c-d448d88b92ea
Kalil Thomas,18,4.500,11.11,56.57,54.24,0.882,1e30df52-91e3-4394-8265-d813a892b8c7
Olivier-Maxence Prosper,18,6.000,11.11,48.36,49.51,1.250,28df8a9e-306a-47ee-bb0e-55b9ea87d542
Tyrese Martin,18,6.000,22.22,47.05,46.39,1.118,1d3ff68e-d714-4f70-b952-02cf2252e990
Cam Reddish,17,2.429,23.53,49.67,47.47,1.353,5cef3c95-c7c7-4206-b70c-41f647f9498b
Kobe Brown,16,8.000,0.00,49.70,50.34,1.063,751e59b1-45ae-45f0-bc03-01f6c87520a5
Trayce Jackson-Davis,15,7.500,20.00,44.76,47.61,1.533,1991b894-8a5e-4744-a72d-9bd7cb7663c3
Josh Minott,15,5.000,33.33,39.07,39.52,1.154,3dafdc09-40d9-4934-b9c9-8be3bd3eb90a
Marquis Barnett,15,3.000,33.33,44.50,46.30,1.267,7edec21a-68b6-453a-b51f-2e3827a52d7d
Julian Phillips,14,7.000,14.29,49.04,50.00,0.769,76ada8a1-6ec8-4915-b57e-fa234b1f2788
Vance Jackson,14,1.077,28.57,49.03,47.83,1.200,2a70adf2-b7a5-4028-b567-a3b18585a709
Chandler Baker,13,1.857,30.77,68.59,68.04,1.846,db071247-1883-4852-b647-0b794ee7cdee
William Hickey,13,4.333,7.69,41.79,41.70,1.750,5673cf85-4703-43f8-b541-dd3923d4c42b
Cameron Smith,13,2.600,38.46,56.91,58.43,1.500,bd762247-fb20-496c-af57-0abcde142d02
Ray Williams, Jr.,13,2.600,38.46,37.50,37.29,0.909,5b0bdabe-6c41-4fef-bcc7-518987c7451a
Vinicius Da Silva,13,1.444,53.85,45.51,45.64,0.909,63049d09-0880-48ee-af08-c8f25b874237
Michael Caicedo,13,1.300,15.38,54.35,53.57,1.615,315d7d14-0a97-43d5-bbf8-4b59a0938e21
Kario Oquendo,13,1.857,15.38,46.49,45.99,1.077,1ea004d3-81c8-428e-920e-2fde02ccf379
Walter Clayton Jr.,12,6.000,16.67,44.59,46.31,0.778,ae81ff91-c142-4a68-b826-4ae75af6a94f
Jordan Bell,12,4.000,25.00,47.25,48.64,1.091,07a35d50-2dd1-4476-a9ac-b6e7154ce069
Elijah Pemberton,12,1.500,16.67,53.39,54.50,1.250,0fd95fbb-b175-40e4-a6c7-4864b5678d6f
Tylor Perry,12,1.500,8.33,45.62,45.57,1.500,0b9ca9bc-f567-4768-9cc5-5e42d6fc8dce
Trevon Duval,12,6.000,16.67,48.30,48.29,1.273,94ca1f88-1f26-4d28-aeba-c686a5dde5e2
Cam Christie,11,5.500,18.18,49.24,48.36,1.818,8a68ba44-d87b-41c9-94f3-c94e88cb37a0
T.J. Weeks,11,5.500,27.27,47.28,48.10,1.636,7d91ff01-e290-4fe8-955f-093a15c1d3b5
Jamiya Neal,11,2.200,18.18,47.63,47.13,1.556,bd101cdc-8e04-424a-8c61-034c93ff6be7
Philip Alston,11,1.222,0.00,42.32,43.85,1.182,f05622f9-9133-4b26-8fce-07c056dbcf6c
Fousseyni Drame,10,10.000,40.00,61.77,61.77,0.889,0870aa3a-22ad-4cf6-8f45-cbe6ca3f7e75
Elijah Cain,10,1.429,20.00,53.08,53.66,1.600,2ce0583b-9426-44be-820b-de29934964ee
Nique Clifford,10,10.000,0.00,41.36,39.38,0.625,329049aa-89c8-439b-a0c3-dc93d3609931
Davonte Gaines,9,4.500,22.22,54.13,53.93,1.375,6e74a308-26d0-4ebb-b5f2-5a0dbe334f86
Alex Toohey,9,4.500,66.67,52.08,53.42,1.778,ac601971-3fa2-4aff-940d-0f5fa3745d0c
Ileri Ayo-Faleye,8,2.000,50.00,45.29,46.16,1.571,8419ad0c-1d1b-41ad-a04b-4d8bd3aff0a0
James Reese,8,2.667,25.00,55.21,55.37,1.375,26f760b4-f286-403c-ae5b-8c4a2f2810ff
Quenton Jackson,8,4.000,25.00,59.23,60.37,0.750,2916816a-1e08-43ef-953d-a81bfe3503ee
Alejandro Vasquez,8,2.667,25.00,47.74,46.26,1.571,146e6f60-9f61-4669-902f-1f985d239c46
Feron Hunt,8,4.000,25.00,23.25,23.77,0.500,5210db69-14a3-4c9b-ad2a-62c349f4ac65
Marcus Sasser,8,8.000,37.50,46.51,46.89,1.125,5fc1833e-3993-49a8-8970-87ad09b61dff
Jase Richardson,8,4.000,25.00,53.85,52.39,1.429,1cc4e557-6ed1-4db5-8816-1c00724e5554
Javon Small,8,2.667,12.50,45.17,44.80,0.625,6b98a36d-b1bc-4b68-bd5b-0671580d44c4
Isaiah Todd,8,4.000,37.50,66.68,67.30,2.250,1dbb419d-3008-45c5-aade-fb964248499e
Carter Bryant,7,7.000,14.29,54.52,54.57,1.286,18dc7187-8fc5-47bf-9779-e7a7694c498c
Adem Bona,7,7.000,28.57,48.53,49.73,0.857,df125bae-eba5-488c-b948-9767e7090d40
Robert Woodard II,7,2.333,28.57,56.39,55.72,1.143,9bedc1b4-449c-42cb-b9a2-9b0cd3596329
Josh Cohen,7,0.583,0.00,45.56,48.14,1.429,e74d5547-334a-49c7-b5e5-a33913f3596c
Joey Calcaterra,7,3.500,28.57,58.02,56.67,0.857,f07958e4-943d-41bd-add3-e75692af9566
Cheikh Mbacke Diong,6,0.545,16.67,45.50,47.15,0.167,7efefdc5-c8ee-4221-ac12-a35549517aa2
Branden Carlson,6,2.000,33.33,58.92,59.64,1.333,c401774b-397d-4c15-93a0-592eb4752dac
Isaiah Moore,6,3.000,0.00,61.02,62.24,1.600,ffd1ae3a-bd10-436e-a214-71a0761663e4
Jaire Grayer,5,1.000,20.00,56.67,55.22,0.400,c641880b-c90c-465e-8564-f6a741fae84b
Jamison Battle,5,5.000,0.00,43.22,43.39,1.000,74f1f473-4fc6-4175-bf32-f1f99de73ef8
Dwayne Cohill,5,2.500,40.00,32.84,28.65,1.000,28c78fcb-5cfa-4d69-bf2f-416eef831e04
Jace Carter,5,1.250,0.00,36.61,31.48,1.000,d6029d99-f377-4558-8061-e383e37d162d
Leonard Miller,5,5.000,20.00,68.85,68.06,1.400,0eaefaeb-b40c-4fc7-9086-902dc1ab2254
Jae'Sean Tate,5,5.000,0.00,37.76,38.75,1.200,80383c81-b671-4a11-b003-ae08fba34eb8
JP Pegues,5,5.000,40.00,60.86,56.81,1.000,dbabc9d0-e8c8-4399-92a9-047c7ffb580f
Blaise Threatt,5,0.625,20.00,34.38,35.49,1.200,7bf581f6-845d-4d34-9460-f09f129eb841
Jaden Seymour,5,0.556,80.00,72.67,70.47,0.600,667eabca-780b-45aa-8d74-a3418e732e81
Parker Van Dyke,5,5.000,20.00,56.71,59.77,1.200,b25395ca-26fc-4977-bf67-3b99e73e1048
Ray Spalding,4,1.000,25.00,47.78,46.47,1.000,ef25a4fc-8a16-4dd9-a1fa-e236cd842a32
Tyrese Proctor,4,4.000,50.00,46.13,45.38,2.000,27207fcd-251c-4d7b-8d11-48823d8dab1b
P.J. Hayes,3,3.000,0.00,43.37,43.37,1.333,659ecb80-2665-4645-b890-ef69b738b5e3
Matt Becht,3,1.500,0.00,40.39,40.76,1.667,37e8858f-5f40-4a44-8f60-2f6e2316aae8
Terrence Shannon Jr.,3,1.500,0.00,58.40,60.63,0.667,94d35dd4-a4fe-47ae-a856-cd0d5b1193a9
Tony Carr,3,1.000,0.00,44.60,46.15,0.667,4eb5e112-86bc-45b5-a081-deb3f3aa0b67
N'Faly Dante,3,1.000,66.67,78.23,77.51,0.667,d6eaf02a-27a0-4e40-8641-632e8d39f965
Maxime Raynaud,2,2.000,0.00,55.25,55.52,0.000,31a1e47b-7784-4021-b7f2-31e4ef972892
Noah Starkey,2,1.000,50.00,56.84,56.84,2.000,f5063d15-52b4-45d8-9151-24339b9db9b3
Kenan Blackshear,2,2.000,0.00,42.66,40.91,1.000,31c6650d-c76d-497a-a605-e6ab1a822212
Bryce Wills,2,1.000,50.00,18.67,22.86,1.000,1743e5fa-bc43-42e4-92c1-fa57e57d6312
Josue Erazo,2,1.000,50.00,60.10,58.71,1.000,68813475-aec9-4124-948e-507895e853c7
Nana Appiah,1,0.500,100.00,N/A,N/A,0.000,7ad88c05-18d7-492e-9c41-30b2f77e3266
Keylan Boone,1,1.000,100.00,91.07,88.97,2.000,57039dfd-7492-49c5-b3c3-30c8422fda2d
Jaden Bediako,1,0.111,100.00,95.23,96.42,2.000,d22cb3b8-91ce-4a2a-bae7-a358a426a9af
Jordan Forbes,1,0.500,0.00,46.03,45.17,3.000,d03f53e6-1f95-47b7-a843-dab2a10456f0