Closest Defender,Shots Attempted,eFG%,qSQ,% Heavily Contested,Points Per Possession,SSI Player ID
Giorgi Bezhanishvili,148,53.04,53.92,58.11,1.206,4d0b25c0-eb2c-423a-875e-ba9f74999bdf
Malik Williams,132,54.55,52.32,63.64,1.481,91d9d39e-7ed1-4320-80fc-4d487e79b1fa
Curtis Jones,117,51.71,50.77,56.41,1.307,69489a71-b1eb-4fde-b687-6385e03c1e49
Olivier Sarr,116,55.60,52.73,63.79,1.389,584a880d-84b9-40fd-876e-852044392606
Gabe Madsen,114,57.02,50.52,73.68,1.454,7e84815b-7663-437b-8751-28d60ef2c65b
Coleman Hawkins,113,62.83,52.00,69.91,1.509,769be316-e69b-4438-a859-7fbbad08accf
PJ Hall,111,44.14,49.99,65.77,1.142,4af59bef-250a-46aa-a5d3-e448a55f61ad
Stanley Umude,110,50.91,49.18,67.27,1.255,73712bb9-3143-4176-8eb3-cef6d45e9f92
Hunter Dickinson,109,57.34,50.67,62.39,1.255,00c80505-49a6-4ed4-ae3d-decf5a59b3a2
Moses Brown,107,54.21,45.29,67.29,1.505,81ca845d-dae4-46b5-89e6-86d619acb3c8
Mouhamadou Gueye,106,67.92,54.55,57.55,1.509,cc3ddd0b-2be3-4043-a3e9-7ae15f6e1ab0
Basheer Jihad,101,72.77,57.51,57.43,1.794,bd9b1fa0-957f-4365-8af3-a545d525965b
Skal Labissiere,99,53.54,54.98,61.62,1.293,0943dbc8-178e-4cab-97d6-3f31747698ab
Jalen Slawson,95,54.74,50.67,58.95,1.463,ee32b868-f2aa-47fd-bc12-e2df467173a0
Zach Freemantle,92,53.80,53.91,60.87,1.359,aaa72835-bf87-4903-8432-953c82e91876
Trey Alexander,88,64.20,54.39,36.36,1.330,eae5a4b1-2701-4843-b7ed-ac8677e6446b
Dane Goodwin,88,58.52,55.66,50.00,1.395,83cf7787-d441-4c3a-b5de-a2b2a623350b
Norchad Omier,87,64.37,53.50,49.43,1.465,15c34e0c-e636-4bd1-a7db-6435d201f8c6
Johni Broome,87,58.62,52.69,59.77,1.287,12c34cc3-1005-4454-bcfa-a5332744fd4c
Jaylen Sims,86,57.56,53.04,39.53,1.372,4e475993-d453-43ef-a5dc-52e715e3e5db
Gabe McGlothan,85,52.94,52.36,63.53,1.440,32f54c28-47c6-4d3c-8364-c3956aef7190
John Butler Jr.,84,52.98,44.55,72.62,1.434,16110c22-e5e0-4925-94a9-959285132aeb
Dink Pate,83,66.27,54.64,40.96,1.470,dc8f2d40-88ec-44ef-b6ef-09404a5d49cd
Keion Brooks Jr.,83,46.39,53.36,51.81,1.185,088649fd-bea2-4353-a931-850c918b0337
Kylor Kelley,82,57.93,50.76,68.29,1.325,08d8e7a7-6e98-43fb-808a-803728ffe738
Terrell Brown Jr.,81,53.09,51.63,44.44,1.313,0784aa6d-2f58-4e8f-8fd0-d3cb2fd08ff8
Harrison Ingram,81,53.09,46.91,65.43,1.462,289b86f4-5aea-4603-a5e7-54793e5eb584
Marques Bolden,80,58.13,53.24,52.50,1.380,95b6d616-e911-4060-869d-7f633e7ec049
Tristen Newton,80,52.50,52.91,48.75,1.338,ea2c60f4-30d3-4154-b99e-b907b24658bf
Jules Bernard,80,52.50,49.88,51.25,1.253,7c2fd9b6-9749-4ca1-8d58-b773ff9223dd
James Banks III,79,53.16,50.00,59.49,1.154,f4a998d1-4507-43b9-91e3-832dde032d54
Kessler Edwards,79,46.84,49.72,55.70,1.256,0dbaa8bb-491d-40b7-ad09-f4605dda699c
Alex Morales,79,55.06,54.63,56.96,1.418,21a9c7c7-f211-4710-9932-3ecfa2fd4256
Andrew Carr,79,59.49,56.24,69.62,1.364,d2f39898-17d1-4d74-bfca-1719672b051a
Kyle Mangas,79,44.30,50.33,58.23,1.231,509e10a3-69e7-41cc-a0b5-44de8eb4659f
Steven Crowl,78,50.00,52.43,69.23,1.205,ee193c16-33d6-4aac-9688-7dde65cf6671
Isaac Jones,78,52.56,48.94,75.64,1.197,a35d4b94-e6ff-4f4a-8f40-d64d70dd4c3a
Jahmyl Telfort,77,66.23,56.14,53.25,1.684,f7cdd34f-d626-4902-b05a-e39f9ae32dd4
Trevon Scott,77,62.34,51.70,59.74,1.539,fc067294-4b2b-42aa-bea6-88cda36ce6d2
Marcus Garrett,74,52.03,51.19,58.11,1.284,723b0c0c-ac5b-4b0c-b84c-01da7be6c705
Rocco Zikarsky,74,45.95,44.91,68.92,1.169,7a36a328-5e4b-42b6-a21b-39e9f97e0188
Isaiah Roby,73,64.38,50.00,68.49,1.534,19602b62-cfbe-4d35-81f5-bc244327960e
R.J. Davis,72,61.11,51.43,41.67,1.465,af3e4f66-d651-4875-9291-4ee32c6a65dd
Anton Watson,72,58.33,50.78,66.67,1.406,8cb4b74b-84e9-40e3-9a3a-a7dd7be9767b
Dain Dainja,71,52.82,47.29,53.52,1.343,3d560bd7-c964-492e-97b7-12c4feda4079
David Roddy,71,56.34,54.38,60.56,1.324,ab0a4d97-fd7b-40d9-a72f-b2a862039584
Steve Settle III,70,52.86,53.18,67.14,1.229,f52af8fd-29ee-4aa7-9c70-e211a5d73a12
Josh Oduro,69,54.35,50.06,65.22,1.250,8356850f-e674-4868-8a3b-7cf5b6193dce
Hason Ward,69,53.62,48.10,75.36,1.159,99828648-af70-4757-ac4f-8f3e6c8364f5
RayJ Dennis,69,68.12,54.92,44.93,1.588,5c2a5944-cadb-4619-8b0d-04338c63a470
Donovan Williams,69,55.07,54.09,66.67,1.403,12136b74-23d8-49b4-b4de-98a320969c76
Jack Clark,69,50.00,52.97,68.12,1.362,baad4031-1f9b-4e88-9ac6-9c40ed79d7f3
Boo Buie III,68,58.09,54.20,60.29,1.456,2327ad6b-a87c-4b5c-8dbb-c64690426e98
Johnny O'Neil,68,58.09,52.31,57.35,1.379,266b9ca1-6596-4d2a-947a-0f602c0af725
James Bouknight,68,62.50,53.10,52.94,1.559,a4bca3d5-c8c6-408f-a4bf-22453062b4b9
Leaky Black,68,54.41,56.72,60.29,1.194,baf1b89d-5bf9-44d8-ae08-43b643b89914
Jalen Crutcher,67,57.46,56.53,53.73,1.364,938ea26e-95ff-4f3b-a385-a965af8195b4
Julian Reese,67,57.46,56.98,67.16,1.349,9f1b6ada-6f2a-4683-9f79-e98b06d24f06
Max Shulga,67,50.75,53.57,52.24,1.258,be819393-353e-4c46-b682-d2ee0d11e736
Tyler Burton,67,67.16,53.11,56.72,1.561,382afece-e02d-4ce2-92ac-92b1d2333d2c
Trevor Keels,65,72.31,54.76,50.77,1.600,58189b84-2563-4034-984b-e61021022c4c
Drew Peterson,65,69.23,54.87,50.77,1.476,b385f90c-bbc7-4346-8507-4d626e2c0c61
Justin Minaya,65,66.15,52.74,66.15,1.631,8a534421-7dd1-49c4-a304-7b5a2341f904
Amari Williams,65,44.62,49.31,64.62,1.226,7f8f2047-20da-4fde-b1c4-e046ef5d94f1
Darius Brown,65,60.00,54.13,35.38,1.385,b7ae8764-a482-4551-82ac-7a91c8292e4b
Dillon Jones,64,62.50,53.17,48.44,1.365,7c13f8c0-55bf-46b9-a41e-cbaeea35c13b
Ja'Vier Francis,64,57.81,53.89,57.81,1.297,426de6ba-834c-455a-8c94-9656ad089275
John Poulakidas,64,67.97,55.25,48.44,1.609,12bf97f3-6476-4443-af11-5228771faf66
Sean East II,64,67.97,59.05,45.31,1.578,673bd14c-085f-4173-9211-d62ae307b0e3
Jamarion Sharp,64,40.63,45.89,65.63,0.984,02b5523f-9555-42f2-b2a7-3ba79ce5e959
Tomas Chapero,63,65.87,53.76,68.25,1.500,5909ae5b-81cc-4f42-adb1-912f0c19edfc
Mac McClung,63,54.76,48.21,49.21,1.254,d9671fc0-754d-4cd1-b61d-2f6526c31497
DaRon Holmes II,62,41.13,47.36,69.35,1.065,33ee598f-dbec-467d-982c-9722af3b3261
Bez Mbeng,61,38.52,47.97,62.30,1.000,117522bd-3f51-4ef9-99ae-8cf060df132b
Jayden Nunn,61,61.48,50.19,57.38,1.279,174b4cc1-dd31-428b-97ad-093422ffe324
Lucas Williamson,61,59.02,57.47,42.62,1.483,f0ae386a-6794-4f37-b447-84822aa60c4b
Christian Shumate,61,62.30,53.57,65.57,1.448,40ebb929-1947-4008-9cdc-046aa3a4bd87
Romeo Weems,61,45.08,45.31,73.77,1.333,9920a386-699e-42ad-90ac-8fb89d78d1f9
Andersson Garcia,61,68.85,52.67,59.02,1.705,9b93509f-b8d1-4066-ba4c-6338fed2a84f
Enrique Freeman,60,59.17,52.19,65.00,1.322,f838df3f-72c5-4cf1-a555-7182e3dccd13
Hayden Gray,60,56.67,53.25,56.67,1.288,e901ec95-f7cf-40c9-af32-8dabb981b3cd
Efe Abogidi,60,56.67,54.65,55.00,1.183,2a962d8e-05d1-4d9c-ae45-e128f2ae9c81
Alondes Williams,60,71.67,53.01,61.67,1.550,e555cb48-990b-4ef7-8464-59adc6adf34d
Nate Williams,59,72.88,58.95,50.85,1.576,3ab12c09-2aae-4bc0-a45e-0132e6751116
Cameron Matthews,59,45.76,47.05,55.93,1.186,2b3321e5-dc2b-4c37-9ee5-36336690c3ec
Jalen Bridges,59,41.53,52.97,52.54,1.071,1c7e1fdd-3a9d-4509-b079-a329c993e9d4
Kevin Knox II,59,52.54,54.22,54.24,1.276,868bf1ee-0aa9-4762-a685-b32801d25e6a
Gabe Levin,59,51.69,51.25,59.32,1.309,154a9e91-a046-4e1d-bd25-0fdf6dc87f45
Kendall Brown,58,52.59,51.60,70.69,1.193,84863ea4-7e22-4827-9c1e-091a16291b37
Au'Diese Toney,58,68.97,52.81,50.00,1.571,a127ee52-bbec-46b6-990c-93a2c3d57b87
Nick Jourdain,58,53.45,46.81,68.97,1.397,1faa4121-7c60-4b48-91c7-217d64555324
Jonathan Mogbo,58,62.93,50.57,51.72,1.625,12f2cb53-d3a1-4a42-b6ed-9238a8eab4f7
Charlie Brown Jr.,57,50.88,51.65,54.39,1.255,dfa6209b-514d-438b-9c4c-bd6f1ff85613
John Ukomadu,57,51.75,47.68,75.44,1.179,b4f22d30-f720-4880-9fc3-a7a1f5679086
Jaylin Williams,57,48.25,51.60,71.93,1.140,db384374-d594-45b6-a3de-9aa8a66dc226
Malcolm Hill,57,45.61,50.09,56.14,1.035,99f046d4-e2fe-495e-92e9-472b6f6a9c22
Malevy Leons,57,42.98,51.61,49.12,1.035,a6b91d1a-7a93-4bda-8562-d762d1f5ad47
Caleb Houstan,56,50.89,52.04,67.86,1.339,0ac0ed6b-ebe7-4dcb-b924-c14e31262efc
Taevion Kinsey,56,57.14,54.40,50.00,1.250,b17e9b18-8167-47ec-b96c-1a1c88208376
Jon Elmore,56,66.07,55.65,39.29,1.509,65bebd10-aa65-48ec-845f-2efcb122287a
James Akinjo,56,56.25,49.29,44.64,1.339,889010b1-1e41-4488-97c5-030be0d70083
MarJon Beauchamp,56,65.18,53.62,57.14,1.509,a17b838f-efcd-4d85-adab-39e05d579e13
Tristan Enaruna,56,52.68,52.87,66.07,1.232,998f2322-7dab-4353-99d7-b23e57eeb3ed
Daeqwon Plowden,56,50.89,51.82,58.93,1.218,daca4b6a-526f-49e8-a02e-ba59acb77846
Mark Sears,56,64.29,53.35,41.07,1.571,6af77143-6aac-4199-ac80-bfa704e2ca51
Josiah Allick,55,39.09,45.27,67.27,1.000,46de8a99-497a-49cd-a9ec-347e787439e3
Sheldon Edwards,55,61.82,59.61,54.55,1.519,8d385c74-6c2b-4704-ad41-8e5519b11012
Derek Ogbeide,55,50.91,49.67,50.91,1.204,4f5b0cc7-0740-4ebb-8b37-c464b1f421f3
Dwight Murray, Jr.,55,51.82,55.93,50.91,1.315,7880b823-77c5-4925-a287-1af2424a923b
Emanuel Miller,55,54.55,48.49,67.27,1.236,9333d369-df08-4c59-9073-3164d584f481
Alize Johnson,54,68.52,56.28,62.96,1.630,c97ec77d-b190-477c-8f04-2d8be4554830
Stephen Thompson,54,54.63,56.28,38.89,1.296,41e105ed-f146-4aef-a65b-262abde1841e
Ibou Badji,53,56.60,45.68,60.38,1.385,9e3a3a92-a664-48f7-97d2-0f8f27735dbd
Zhaire Smith,53,53.77,46.51,69.81,1.321,bf29165e-4d8e-4760-a070-5502dd6c2176
Javante McCoy,53,69.81,55.95,60.38,1.566,fac10e71-d936-4a9b-b017-2e3b743f9833
Jaden Akins,53,54.72,55.40,58.49,1.170,e6acbf72-2032-4b3f-9672-62f8052c1873
Tyson Degenhart,53,58.49,48.19,69.81,1.538,7ce310e3-5034-435f-85fd-9db70356ed75
Max Abmas,53,63.21,57.56,41.51,1.423,23961594-cb8d-4560-b709-2ace5a6b16a4
Trey Jemison III,53,48.11,46.73,58.49,1.288,48e06536-9d6f-4027-9d17-ec477a9ae3a2
Daishen Nix,53,59.43,57.85,39.62,1.392,06212573-e2e8-4bfa-98cd-4484063dead1
Alijah Martin,53,59.43,52.47,52.83,1.528,c1035422-a088-42e6-8ad3-db400bb52aa1
Jeremiah Robinson-Earl,52,56.73,51.73,55.77,1.308,1a9ac6bd-8b02-4fe8-8096-c435a2a90100
Justin Harmon,52,61.54,56.61,51.92,1.449,4c8abee4-0270-4d98-b4ab-cff9969857fc
Jordan Hall,52,54.81,55.42,46.15,1.510,4b98be48-a61f-4372-8f5d-25f914555a83
Chris Manon,52,38.46,46.79,53.85,1.118,5dde0a80-753d-41a6-9ffa-6193317a3a17
Matt Cross,51,50.00,46.73,66.67,1.280,8b71b1ce-93f8-4cf0-9099-64c91af44202
Akoldah Gak,51,40.20,51.52,70.59,1.143,e6e552fd-83e6-4bb7-b80a-9b0bae80ad1c
Alex Reese,51,52.94,51.22,70.59,1.120,1f6ef8b2-5d7a-4ca6-a9f2-cc8c06c032b8
Terrence Hargrove Jr.,51,55.88,50.69,68.63,1.420,06c40ea5-9150-470e-8f6a-7cde4a102ef6
Matt Allocco,50,71.00,52.69,50.00,1.540,1542fce4-02f8-434c-8e0b-c655313fea33
D.J. Carton,50,51.00,54.63,52.00,1.306,b902fc9f-4b1a-417f-8af7-bfa5c66c95a3
John Tonje,50,57.00,54.86,48.00,1.429,5bfe6dcb-3da9-45f9-95c0-ed690168c7ba
Caleb Grill,49,56.12,54.54,61.22,1.388,bbae8544-616e-4d08-9a98-a20e5d47e694
Tosan Evbuomwan,49,48.98,52.03,48.98,1.234,3836af33-7171-4f6b-b4e3-7dc129d8efa6
Josh Christopher,49,66.33,50.06,63.27,1.510,207daaca-464a-4e71-8c77-cae31615c0e3
Eric Dixon,49,60.20,50.36,67.35,1.388,11ec3e54-7b96-4e1f-856e-8933eb8de9c3
Matthew Murrell,49,61.22,52.16,36.73,1.489,42aff9d8-9839-4949-ac9d-97663c8eae23
Antonio Reeves,48,56.25,50.33,56.25,1.298,19004e0e-7982-4513-bdba-24e11e49d49d
Kobe Bufkin,48,61.46,51.01,58.33,1.521,9e453254-b85d-43ba-a615-8bf683d94834
David Muoka,48,47.92,48.61,64.58,1.170,c5a7468d-b9c2-4814-a823-b9bf4a58358f
Sean Pedulla,48,58.33,50.40,52.08,1.229,6068f2de-9744-432d-b3f4-f73da0894927
Taylor Funk,47,52.13,54.26,65.96,1.340,951413b1-0a17-4edf-841a-5ca7b9a2c275
Arthur Kaluma,47,55.32,51.40,59.57,1.191,c7a03fd4-8ba5-4f9e-b62d-db9492da6f1c
DeAndre Williams,47,59.57,54.60,53.19,1.457,d240c74d-0376-4b1e-998d-190b778ced1b
Keshon Gilbert,46,45.65,52.88,32.61,1.156,10762d58-0a4c-416e-8e01-0af744c29286
Warith Alatishe,46,70.65,48.49,60.87,1.826,ef3f7448-40b8-4701-8feb-456aaa4d1c6e
Wendell Moore Jr.,46,43.48,52.67,69.57,1.065,96f746dd-7dfb-4ea4-a98c-39ed5d2a0fd5
Mo Bamba,46,59.78,55.88,50.00,1.283,ee761e41-d0d2-4a56-84cf-353e2ae5a961
Payton Sandfort,46,57.61,52.30,65.22,1.386,54f7a3fd-6e94-4630-9ca3-e05af980008d
Vladislav Goldin,46,38.04,44.05,67.39,1.044,0d1efd50-8b55-402c-af4a-3400a0ecf19e
Riley Minix,46,47.83,51.83,63.04,1.311,d4332b50-b7fb-4429-9525-e10587f584d9
M.J. Iraldi,46,58.70,52.80,54.35,1.283,bc70e8c9-c8ff-44fc-b539-10f863d5efec
Sean McDermott,46,60.87,57.39,39.13,1.261,b5d46463-618d-4328-a3ac-31239ed7af7e
Zyon Pullin,45,66.67,55.22,42.22,1.511,21f03dac-c84d-48c5-80ce-a54781f63914
Alex Fudge,45,51.11,42.95,86.67,1.182,1f5a0d41-0c51-4353-9d7a-503196852e33
Trey Townsend,45,41.11,49.61,60.00,1.205,32735ab8-9eea-40c1-93be-395428840de8
Jaden Shackelford,45,63.33,58.53,37.78,1.422,dfffb2fc-160c-41a4-9a75-af0a21d2ba76
Dalano Banton,45,58.89,53.35,48.89,1.400,ccd8ec3b-3e5b-4f39-9b41-91882f179a73
Reece Beekman,45,72.22,55.23,55.56,1.614,a419b920-f119-41d8-af53-47d3b49ea811
Jaden Springer,44,67.05,51.44,79.55,1.773,8a1c8d1a-13c8-487e-b85e-6b10ecc1d39f
Lawson Lovering,44,47.73,46.17,77.27,1.205,ee296dd9-8d26-420c-9aa1-271f6b6a2222
Orlando Robinson,44,45.45,45.18,72.73,1.405,e58d10b8-dbfa-46bc-9b80-d078501bcce7
Trhae Mitchell,44,32.95,45.08,63.64,0.977,d98ecec8-9937-426e-ba9a-e019ec88d94f
MJ Walker,44,64.77,53.19,59.09,1.581,2733a0f6-5816-47e9-9972-a4f253f15038
John Knight III,44,72.73,55.64,43.18,1.568,534e334e-2adb-4b8c-9614-8552f0dc5f6d
Kobe Johnson,43,60.47,50.40,51.16,1.405,9f123592-d747-4a41-b903-ad6bcb6ac751
Anthony Pritchard,43,54.65,51.07,58.14,1.209,58d7789a-e4bc-46cd-91d5-01526491d417
Kira Lewis Jr.,43,62.79,56.61,46.51,1.628,ce287780-67de-44fa-86c2-d87dec5a1e28
Blake Hinson,43,47.67,52.27,53.49,1.186,64b12646-2555-4dd0-98eb-cb169b3ee58a
Damion Baugh,43,53.49,55.44,39.53,1.262,bcde43ef-a7dd-4d4d-9d7e-a0585052e0b9
Tyreke Key,42,40.48,56.46,57.14,0.905,a9ab59d3-2f04-49b0-b4fd-a265d98af568
Kalib Boone,42,60.71,57.68,52.38,1.366,57657681-6e1c-4701-8298-93f30846effc
Cormac Ryan,42,41.67,46.51,52.38,1.000,f3f41cea-955b-4ff5-b6fc-69991789d721
Matthew Cleveland,42,55.95,53.77,57.14,1.317,45913c55-0376-4b4f-9935-00471ffb3033
CJ Huntley,42,57.14,58.46,54.76,1.286,a93dac29-3dee-4328-8787-673c2c4d207c
DaQuan Jeffries,41,39.02,46.91,73.17,0.925,b969f906-aab2-4845-b038-70ec8482bed4
Sean McNeil,41,56.10,53.10,51.22,1.415,4f71e857-f644-4dfc-9ae8-65416c90df71
Jahmir Young,41,58.54,53.35,51.22,1.415,dc80c41d-ab1d-4aa4-be9f-8830d7e0dd62
Felipe Haase,41,59.76,60.43,53.66,1.415,a03683d7-864f-4a20-ba32-5a8d3263c1fa
Patrick Baldwin Jr.,41,50.00,52.18,48.78,1.049,45b328c0-b3b8-4a36-a0c1-28e39227ca85
Isaih Moore,41,52.44,53.56,63.41,1.308,ea2cbcac-0b28-454f-a3f7-a30bb1d6fbb1
Kennedy Chandler,41,68.29,52.20,43.90,1.585,90cef14e-ebcc-4a00-94e1-b06d8ca04701
Ahmad Caver,41,31.71,53.53,51.22,0.829,b37bbd3b-102d-42c2-9bfe-7874d64e9068
KJ Simpson,40,57.50,63.73,35.00,1.450,1287087b-e6ba-41f9-b2b5-a3d2d1c8d682
Lachlan Olbrich,40,75.00,50.06,52.50,1.692,684950fe-3bcb-47f2-8bfa-a9941e216b28
Chris Livingston,40,61.25,47.85,67.50,1.513,f79d533e-f423-4752-a088-6d507d795bdb
Toby Okani,40,56.25,41.46,80.00,1.487,a6c4645d-9238-44cf-92aa-fd318ebb8ebf
Koby Brea,40,65.00,56.04,50.00,1.641,e2c4bc9d-2cb8-49d6-962a-07bed124b6c8
Javan Johnson,40,53.75,53.19,67.50,1.500,5bf3dc6a-f0bf-4146-9233-0714a95538e5
Jonas Aidoo,39,48.72,53.87,56.41,1.053,18e9a256-6619-4a10-a5dd-2c89bb7cfb0a
Luke Travers,39,60.26,54.03,66.67,1.447,ef24e628-6674-47d2-8fea-a8ceb61e0fb6
Ryan Woolridge,39,69.23,60.87,33.33,1.605,a4f5f591-7988-4761-b96d-5efb627bd420
LJ Figueroa,39,51.28,52.35,56.41,1.658,629382e8-fcc6-4974-b0a3-99fd67940f2d
Dexter Dennis,39,60.26,52.87,66.67,1.342,b9d78738-9b74-4fdb-9c3f-bce9cb72377a
Jabri Abdur-Rahim,39,71.79,60.20,58.97,1.784,5ba18e46-b710-44bf-8369-1185adf0ce77
Jarron Cumberland,39,44.87,53.74,51.28,1.256,46d86ca8-8056-40c4-8024-2ba83293aa17
Osayi Osifo,38,59.21,51.54,63.16,1.395,c1f25993-dd81-43fd-a710-d7b67b6bd974
Charles Bassey,38,51.32,53.98,63.16,1.079,089bae1f-5cd7-438c-8ebb-061918727a25
Deivon Smith,38,57.89,54.15,52.63,1.368,9ffb6f28-8fa0-4650-bd30-47f8aa7235a2
Luke Goode,38,61.84,47.01,60.53,1.526,4144db18-4210-42b8-af58-fd1dd83e87c6
AJ Hoggard,38,56.58,51.28,39.47,1.316,91fbbfa3-eabc-4c5d-b0d0-b2fc674c84bb
A.J. Lawson,38,52.63,52.07,39.47,1.316,ed39e2d6-ce65-43e5-9ea9-d579d0526a1f
Viktor Lakhin,38,65.79,53.17,63.16,1.526,386162d7-b5e6-4aca-9174-cfba1382d491
Lester Quinones,38,67.11,62.41,39.47,1.568,e4c6a53d-37a8-4278-9230-5a9d9ccc6d02
Alex Antetokounmpo,38,52.63,53.25,55.26,1.378,34a56ad4-cc65-4406-9566-ff884e10c7af
William Baker,37,48.65,53.37,62.16,1.167,dc9d21e3-68f0-4270-a358-8e68da5bbafc
Ibrahima Diallo,37,62.16,48.42,48.65,1.333,505bb488-33f9-485b-9cce-e0533d462cf1
Chaney Johnson,37,35.14,45.12,81.08,0.865,4007e9ee-5f46-4b39-9d77-0001aa54f1f4
Nate Santos,37,47.30,56.15,62.16,1.257,5d98e4d9-9d4c-416e-896e-662ef6de036b
Dennis Smith Jr.,37,54.05,44.75,72.97,1.194,4a0f330a-e571-48c4-a685-f82c9436c964
Kevin McCullar Jr.,37,45.95,46.90,48.65,1.135,1ebb0958-b242-4b10-a0cb-cc3182f35814
TyTy Washington Jr.,36,62.50,57.64,50.00,1.417,0b1c2f8c-380e-4f07-85b0-3b5ff4650d00
RJ Melendez,36,65.28,48.46,55.56,1.472,090cc6af-edb2-4cf8-a374-9b90193c330d
Tre King,36,50.00,49.28,61.11,1.083,2928912b-dd61-4f60-aa20-a01d295e03d6
Liam Robbins,35,55.71,48.29,85.71,1.429,831eb28e-7713-4fbe-bf6b-dd0e1e20b1f5
Hunter Sallis,35,58.57,59.73,37.14,1.400,6d6c60fb-827b-4b00-9033-8fb8a4fb0f32
Bryson Warren,35,82.86,54.55,42.86,2.000,de89d563-ec4f-4356-8cba-afd95b5a975a
Cam Carter,35,68.57,43.18,74.29,1.636,a183c842-9603-4691-9abd-612235152ad2
Kadary Richmond,35,74.29,57.69,40.00,1.618,5f0c2302-aaca-4ac1-b70f-f25abbe14186
Brooks Barnhizer,35,80.00,52.77,48.57,1.829,6b9ff8ac-a24a-46b2-8a4a-4f4015c6b353
Tamar Bates,34,66.18,52.91,52.94,1.500,4e132a3e-20b7-4058-9b69-c71ed0bfd654
Kendall Munson,34,73.53,55.04,67.65,1.647,11a2c3b6-617d-4889-ac4c-dc3821c6375a
Paul Watson,34,69.12,52.10,50.00,1.824,1aae577a-f08a-437b-81ed-160d66e586b9
Tyler Polley,34,69.12,54.40,79.41,1.559,e48e99e8-0b78-493c-9d6f-15b65e7869c6
Tevian Jones,34,58.82,50.96,44.12,1.618,1d44afa0-7106-441c-b8ed-cc5e216e866b
Ruben Nembhard Jr.,34,58.82,49.15,58.82,1.412,27574eb5-d76b-4147-882e-38f3edc014b3
Brice Williams,34,61.76,63.51,41.18,1.500,bc4eee96-6dec-4e4c-ac60-d467785926cb
RJ Felton,34,45.59,48.14,76.47,1.176,a593fa2b-cb79-4f8a-8139-bba7a2133f2c
Stefan Todorovic,34,57.35,56.00,76.47,1.294,a0dbe31a-75c6-4777-a920-d506c5633bdf
Jayson Kent,33,45.45,48.42,51.52,1.094,dc854637-bbf4-4710-94b5-8c953db3ce27
Chase Hunter,33,56.06,52.90,54.55,1.516,50fd1b80-b17c-4168-9cd8-b67adeef9040
Jacksen Moni,33,77.27,62.48,48.48,1.625,b16076ab-b7f1-4f61-b1ce-87471a1be027
Chance McMillian,33,42.42,52.69,54.55,0.939,d40fdb50-4ea9-488f-85e3-aa57164f9d0a
Malachi Smith,32,59.38,56.54,43.75,1.406,cf11631f-67ad-4f08-9466-e66859baa68e
Abou Ousmane,32,82.81,57.64,53.13,1.903,585d08a6-4aa1-45ad-81f0-76cb2c579ab1
Tyler Smith,32,46.88,58.94,62.50,1.250,b701694c-6da2-49de-b9a7-ae092466ce67
Nolan Hickman,32,46.88,58.65,46.88,1.290,b8b01afe-00df-407e-b0ee-229eacce163c
Kyle Guy,32,37.50,56.22,34.38,1.188,9eed3d99-6049-4cd0-96bb-4fabb8ad8ddd
Zack Austin,32,45.31,51.06,78.13,1.065,cdb9a6bd-2259-43bc-9209-03da5b72234b
Keyontae Johnson,32,62.50,55.93,37.50,1.516,d5348336-15a5-416f-8312-bd7030a6277b
Drew Cisse,31,45.16,46.75,87.10,1.000,4943e7dd-a830-4c29-bd39-a8b168bf00b9
Victor Oladipo,31,50.00,52.22,61.29,1.194,ff415fa8-89ef-11e6-bc85-a45e60e298d3
Javonte Smart,31,41.94,53.35,51.61,1.226,a340ee6f-51b2-400d-8c06-295617b4c779
Tidjane Salaun,31,37.10,51.78,45.16,1.129,abc5b21b-f2eb-40cb-a9e6-6eb5abeafe60
Tolu Smith,31,61.29,50.53,48.39,1.548,dea8af5c-b86c-4445-b191-20c7806e6a4e
Jahmai Mashack,30,61.67,59.63,66.67,1.367,f851dd8e-83fb-42a9-8b76-cc5afe5350fa
Jarkel Joiner,30,53.33,53.18,40.00,1.200,994212e5-17be-4696-bd46-0efcd68787bc
D'Andre Davis,30,58.33,47.95,60.00,1.200,93c1ccb9-a43d-42a7-a037-b8d2057acc02
E.J. Liddell,30,66.67,48.97,76.67,1.621,f76c835b-10f6-42aa-aafe-3c87b5be8866
Jaelen House,30,58.33,60.24,50.00,1.300,e14de0fe-50fa-4322-a5a2-55cb2137e6f2
DaJuan Gordon,30,60.00,56.62,43.33,1.533,b7cd24eb-bd7e-4dcc-99a2-7236606d1541
Mitchell Mascari,30,50.00,56.62,43.33,1.207,fdc935b9-0c73-4ca7-ba6b-f3b5aa1f2205
DJ Rodman,30,66.67,54.66,60.00,1.433,18ec54f9-3c06-457d-a0c8-04f2aa513754
Taelon Peter,30,41.67,55.15,53.33,1.185,c870f7e6-686b-40b6-859c-ced3b397cbd8
Aaron Scott,30,55.00,57.14,53.33,1.233,800b6f8d-e4b2-40c8-9891-40fa3f84efc3
Evan Gilyard,30,43.33,53.00,60.00,1.379,0f656aa8-c62c-4fad-ad9f-3442cdc15e50
Miller Kopp,29,62.07,47.38,75.86,1.500,817c559a-6812-42ce-8373-1e8132f3b917
Saint Thomas,29,60.34,40.85,79.31,1.379,9ac60fc8-a677-4c67-8b1a-92c61ac71eec
O'Mar Stanley,29,68.97,46.93,75.86,1.552,c35585ea-5c0e-4c72-bd00-07eceb71ee47
Oscar Tshiebwe,29,68.97,56.22,55.17,1.552,9234048a-d7a7-4f77-8d48-3b95b6365ae0
Dereon Seabron,29,55.17,55.92,55.17,1.276,9cd83bc4-5c2c-4f4d-ba20-8fc69a4cfa8a
Isaiah Stevens,29,62.07,58.57,34.48,1.414,27b14c86-8f8d-4cd8-a8ec-bb051cd871bc
Makhi Mitchell,29,51.72,51.55,65.52,1.286,fec781d1-53e1-4e5e-baf1-7937603be356
Liam McNeeley,28,57.14,53.76,53.57,1.185,ba22d012-f7ce-4a1a-873e-d6c3ccf7ae5a
Elfrid Payton,28,60.71,45.38,57.14,1.630,ff4126dc-89ef-11e6-a96d-a45e60e298d3
Justyn Hamilton,28,50.00,50.57,67.86,1.071,7be325aa-4951-4bc9-948d-d4177d4cbb1c
Pacome Dadiet,28,53.57,49.12,60.71,1.143,810fd8fe-5999-4962-9441-004f4a25fea2
Nate Hinton,27,51.85,52.76,40.74,1.296,2827a99a-9a36-4b8d-8ca8-e77e9771b69c
Igor Milicic, Jr.,27,70.37,45.40,70.37,1.556,96e51137-1852-4b4b-8809-7d07d81b22a8
D'Moi Hodge,27,70.37,51.42,55.56,1.630,4fca8d39-a522-46f0-b222-226b8180e35a
Jaxson Robinson,27,46.30,57.48,48.15,1.280,e7e970a3-7025-4ccc-b0f7-271f94238ee5
AJ Johnson,27,53.70,51.50,51.85,1.074,2b0ac9c2-0fa5-4ee6-9881-03b737e11dc3
Dylan Cardwell,27,48.15,43.34,55.56,1.037,fb79aa4f-8468-454c-80db-1768d95b4e42
Donte Ingram,27,44.44,47.30,66.67,1.185,1034b6f9-7fc5-4f5f-94fa-2ab920658dd3
Kameron Warrens,26,59.62,53.36,61.54,1.654,14a1175f-1e82-4a12-9edf-f9445dc58270
Ethan Thompson,26,51.92,57.15,38.46,1.423,e303b1cc-a268-4f85-8063-e447c757ede6
Jaylen Martin,26,55.77,58.75,53.85,1.308,70021baf-68ca-4b04-a865-fe10b1450b62
David Jones Garcia,26,55.77,49.68,69.23,1.269,8207e744-783c-4fac-8d78-52acb829f00c
Nikola Djurisic,26,53.85,52.51,53.85,1.731,0e381936-04ed-49fd-87b0-400686b3e145
Pete Nance,26,46.15,46.79,69.23,1.080,a9d51846-7123-4773-be70-de509c877a08
Trey Galloway,25,50.00,63.69,48.00,1.500,8303a10f-1748-43ee-9c4c-59abdffdaf87
Grant Nelson,25,58.00,48.96,64.00,1.280,c4012fed-7c3d-4171-a8c7-3432c061c9d7
Phillip Wheeler,25,60.00,62.77,64.00,1.360,3d20e735-543b-415b-835b-fa80295fa157
Micah Potter,25,54.00,54.88,68.00,1.520,1e89c60d-b20e-4499-aba4-b13dba295a52
Caleb McConnell,25,48.00,50.91,72.00,1.040,9ea29be6-8741-4b28-9a3f-b73d1919c900
Charles Bediako,25,48.00,51.09,64.00,1.250,40e03646-000c-4ccf-a366-50f9477583e5
Keyshawn Bryant,25,62.00,51.48,60.00,1.542,8bfb0e3f-2c04-4dd5-ab0d-c7bf453b1ed5
Cody Martin,25,70.00,49.97,76.00,1.520,0000b397-3cf4-4dd4-a910-000000000131
Quincy Guerrier,25,46.00,50.35,52.00,1.250,e7a09800-4dd6-4745-8dc3-2bb848800f9e
Noa Essengue,25,54.00,52.40,64.00,1.480,fe09888e-ef47-4152-a457-e6f4e04aee54
Drew Timme,25,72.00,55.90,52.00,1.640,30998b89-18c0-4086-ae61-1830056bb1b7
Ben Saraf,25,60.00,56.29,52.00,1.440,f92bdf23-732f-412f-9b84-9c088cd9474b
Garrison Brooks,25,44.00,50.38,60.00,1.280,146c7c56-b7ad-4925-8a9e-93d2c5db55bc
Kobe Stewart,25,42.00,45.38,60.00,1.042,9c8748fc-6d1c-4911-99a0-94e1cf486b48
Zeke Mayo,24,52.08,51.45,62.50,1.500,2aa9c687-ca9d-4478-a2c7-8f2797b308b2
Chase Jeter,24,56.25,58.66,79.17,1.500,ea3ac175-ec80-45da-aa31-7c38b04c7657
DeJon Jarreau,24,35.42,55.71,33.33,0.917,3cd02b89-3d2f-46ff-b392-29215f6825b4
Wade Taylor IV,24,62.50,49.17,58.33,1.417,d809ed56-e0c4-48ab-9cb2-e6e94a8c0842
Colin Castleton,24,43.75,44.64,66.67,1.500,cb160212-66c3-46cf-8728-c0d6612456f8
Mark Armstrong,24,50.00,53.22,58.33,1.136,3bc6f704-0fda-4f85-a681-a41d1178948b
Kaleb Johnson,24,56.25,58.39,62.50,1.348,51e2e08f-d07e-4dbd-a05f-bba8e5c69f96
Dajuan Harris,24,47.92,44.53,54.17,1.042,51b4a0a5-880c-48d7-a342-2b25ec6cc206
Miles Kelly,24,52.08,52.36,62.50,1.591,8e41f240-6f89-4f54-bcc5-534112efd3c2
Symir Torrence,24,52.08,58.18,50.00,1.167,6779419d-662d-4a38-b2ea-cb8e012eed8f
Marcus Burk,24,64.58,60.52,41.67,1.667,017ced69-5d96-4160-b064-3a051a5c9efe
Chucky Hepburn,23,54.35,51.84,56.52,1.304,4ac4a0ab-ea85-4870-8bd5-9670073a3df4
Ron Harper Jr.,23,41.30,52.69,78.26,0.955,0fc9db0f-ca5e-49e9-a003-973fa4fd8839
Desmond Cambridge,23,32.61,50.74,52.17,1.000,5f4ae0bb-b9a5-4c83-8441-1e627500c265
Jeremiah Tilmon,23,58.70,49.76,78.26,1.174,285400dc-29c2-4d6a-83a0-5b87049c14f0
Ben Coupet Jr.,23,67.39,56.60,47.83,1.435,8c1d8070-eb6a-44ee-bc37-0a07ad5267fb
Nojel Eastern,23,58.70,56.75,43.48,1.478,b2251f82-7770-4e0b-994d-c33ff4a1b39d
Chris Mantis,23,84.78,64.34,43.48,1.826,d2d320cb-de1d-4f2f-b238-9697f02b41ff
Yang Hansen,22,56.82,48.47,54.55,1.364,c6156c46-4275-4470-bed6-6c382811ef91
Jay Scrubb,22,54.55,43.38,72.73,1.381,8488ec31-e9a6-4535-a007-3b6fb6c5f1bd
Adam Flagler,22,47.73,52.66,54.55,1.455,60b1ff6f-7e65-4d93-8b0b-fe76747cb0db
Martez Brown,22,54.55,49.76,68.18,1.227,15a40435-a0cb-41f5-8680-120339364fa1
Jordan Minor,22,70.45,62.48,31.82,1.591,ec389395-e86e-494f-ae34-b2b08a74437b
Erik Reynolds II,22,63.64,57.25,72.73,1.273,f3572151-dba9-4dc4-a48a-792e17a3180b
Justin Jackson,22,43.18,59.29,54.55,1.190,0867f70d-4848-4664-82fb-db397233e78f
KJ Jones II,22,40.91,51.41,40.91,1.000,b34e01c3-fde9-402e-a381-1abc45ea21fb
Obadiah Noel,22,29.55,59.06,59.09,0.714,ae301693-1228-4496-9f09-3dede6e84191
Samson Johnson,22,70.45,53.36,50.00,1.455,68596e1c-c815-41b9-ae9b-a8179fee1f36
Asa Newell,22,40.91,48.45,72.73,1.091,eb38ea24-c68c-4f72-9a55-2e397b4f0124
Javonte Cooke,21,61.90,61.86,61.90,1.400,0c8af3e4-85bf-4c62-921b-d5cc21594198
Khaman Maluach,21,66.67,53.24,52.38,1.762,d4dcccfe-9470-4fef-bac2-e9f6aa1cfd32
Nolan Traore,21,50.00,56.77,66.67,1.143,4b2dd1ee-169e-4af4-9877-1e600ccc1ac5
Keon Johnson,21,66.67,57.69,57.14,1.524,7cfacef2-8c7b-41e7-9df3-4a570a6de468
Quincy Olivari,21,64.29,53.05,38.10,1.550,cbbbce73-763b-4e1d-820b-1b8f62857eaa
Isaiah Crawford,21,64.29,51.48,57.14,1.400,cc5a020f-5862-494b-a997-26288b4f4f12
Zhuric Phelps,21,78.57,57.48,38.10,1.810,cbddda95-fa69-4ae6-b6b0-247f5c669b7f
Cameron McGriff,21,59.52,59.15,61.90,1.429,55ec130c-b918-4d9b-9fe5-9b79a5f370f2
Killian Hayes,21,33.33,49.63,57.14,0.900,9a826fec-5df7-4a14-8637-3364dc9433c2
Kyle Rose,21,57.14,51.64,61.90,1.524,c7fe17cb-17b0-4fe5-bfde-60cdce624f03
Seth Maxwell,21,57.14,54.75,66.67,1.333,12d95e3f-d714-4300-978c-245c9d0f302c
Moussa Cisse,20,67.50,52.67,55.00,1.474,b4769ff6-6ae9-446a-a262-0b849da72338
Jacob Toppin,20,65.00,57.42,25.00,1.700,9e0abf37-2963-4f62-b8f7-104fefa58273
Trey McGowens,20,80.00,52.94,70.00,1.600,a17cb8d2-4fe7-49a1-b4b9-e56f6316d694
Matthew Moncrieffe,20,67.50,51.66,70.00,1.600,3d0d89b4-df1e-43a9-9870-4329d5e8161c
Tyrese Samuel,20,77.50,51.17,55.00,1.650,f4159312-f59d-46f6-a72d-afb990d1e80a
Dariq Whitehead,20,45.00,53.61,60.00,1.200,9f8b2ee3-8cc5-4a92-aeb9-c8c52d6e37a2
LJ Cryer,20,42.50,60.46,60.00,1.000,51c89cc1-c192-4e07-878a-436ad5c2c70a
Steven Ashworth,20,67.50,51.44,70.00,1.550,63e0883f-eae7-4a6c-ad8f-c7670247241e
Yuri Collins,19,47.37,55.32,36.84,1.368,7a58adf5-73d4-4f5e-b042-6ab0d8862313
Bronny James,19,52.63,48.72,57.89,1.579,ec9d7a06-798b-45e0-8eae-a5bfdd92f0ba
Buddy Boeheim,19,78.95,50.54,84.21,1.944,b19737e4-2806-4548-b14b-2062175fb05e
Daniel Batcho,19,63.16,52.50,63.16,1.579,72e13ad0-9840-41e7-b88f-ab295ef762fb
Brandon Slater,19,86.84,47.69,47.37,1.737,eb81af0f-e8c9-4a55-a018-bb56cbc130ff
Paul Zilinskas,19,55.26,56.43,52.63,1.316,fb3799f7-55e6-46cd-8dba-16e86ee83d37
Franco Miller, Jr.,19,65.79,59.58,42.11,1.579,d681a7cd-c0ad-4497-975c-f750b762a74e
Chris Youngblood,19,63.16,52.20,68.42,1.263,35206de4-a3c1-415a-b596-126c0ab7b44a
Micah Parrish,18,58.33,49.33,66.67,1.278,a233b4d2-746c-48be-9d0d-ce655385c605
Terry Roberts,18,66.67,52.57,38.89,1.778,6b0963ac-b00e-46cd-94e8-e60dc3238718
Tyson Etienne,18,44.44,59.18,44.44,1.412,316deed2-3f6a-4c1c-9508-2dd0c937cd4c
Danny Wolf,18,55.56,45.24,55.56,1.111,0b1b2334-050a-4f4e-bae7-3865147c950f
Cameron Hildreth,18,61.11,45.32,44.44,1.389,2c4cbc5a-83fe-4562-afdd-859499b77aa5
Myron Gardner,18,55.56,54.68,38.89,1.176,8de6d5bf-730c-4c48-8f00-7f9da72e979e
Cameron Parker,18,77.78,51.18,55.56,1.611,15e3cffa-aed2-4d74-a8e0-ec06dfea63c6
Augustas Marciulionis,18,52.78,47.05,33.33,1.222,89ff2dfc-818b-4d2a-beba-efe0422f6d4c
Manny Obaseki,17,91.18,57.72,70.59,2.059,e4cdd91f-718d-4c35-95d1-b3aa28ef79b5
Max Klesmit,17,67.65,48.53,58.82,1.471,ce1fc58a-6a2f-40f5-a83b-c0acdcdf2e01
Johnell Davis,17,76.47,58.15,47.06,1.800,7ddd09bd-a98c-468f-ac39-239c33fe8d79
Elijah Harkless,17,88.24,58.51,47.06,1.765,629588b6-9560-45b9-ae52-ff90c299fc4d
Patrick McCaw,17,97.06,54.69,58.82,2.118,ff42a38f-89ef-11e6-bb23-a45e60e298d3
Yuki Kawamura,17,50.00,63.29,47.06,1.353,3d921f8a-1119-4e42-be46-c22ae84d5f58
Bryce Thompson,17,61.76,54.60,41.18,1.235,cc61028a-3c21-4917-a6fe-607bb4085636
Johnny Davis,17,61.76,50.95,52.94,1.688,bd507dbb-cb87-4e45-ad2e-1990df07ac20
Giddy Potts,16,68.75,60.21,31.25,1.500,7ac29d25-418d-4bf3-b302-cda0f4aa7cae
Hank Morgan,16,68.75,47.02,56.25,1.375,29d938d7-ce0a-4aba-9b2e-b17b2e8d8ee5
Eli John Ndiaye,16,78.13,56.39,50.00,1.750,541d7cbf-04ae-40eb-9401-fc9f1fffdcf2
Keshad Johnson,16,75.00,46.39,62.50,2.063,c5cb7e86-5c88-4bd2-bf14-22a65e7bd094
Lahat Thioune,16,56.25,53.23,43.75,1.250,81875c9a-a727-4662-bd59-5ce020b80d6a
Jamal Bieniemy,16,68.75,49.73,68.75,1.688,5659992f-2487-47ce-83f7-baedce2a090e
Jamal Cain,16,75.00,57.55,56.25,1.625,f42a8b63-1ab4-447f-b74f-be293fc58e99
Jameer Nelson Jr.,16,78.13,58.95,56.25,1.625,55218f5a-96d0-455d-953e-1af096389bc1
Sharife Cooper,16,46.88,54.15,31.25,1.188,2d470912-d9ac-4456-916c-372fc4c84cdc
Ebenezer Dowuona,15,50.00,44.31,93.33,1.000,d435507a-b78e-4251-8feb-ad8c5d01dcb1
Nick Smith Jr.,15,66.67,54.24,33.33,1.800,b2d1fbf7-72be-4469-b0c2-db6677a145bd
Brian Taylor,15,46.67,49.65,73.33,1.308,ef62751a-0816-46fa-9160-054ef9ec64e4
Wooga Poplar,15,73.33,56.77,53.33,1.533,b3aaee9c-4272-479b-9fdc-7b99458903ea
Hunter Cattoor,15,60.00,50.04,53.33,1.267,3b01bc5d-08ef-4a1a-afff-52c5c9f81849
Adou Thiero,15,70.00,51.12,60.00,1.600,9b945fc0-d3bb-405d-bf43-95c6e7d7e87b
Jonathan Pierre,14,21.43,53.42,42.86,0.615,94306db4-8243-44b3-9f3e-eb1dd9e258b7
Steven Richardson,14,39.29,56.42,64.29,1.071,1baa93ad-ae20-4faf-b428-11c4aac33778
Kevon Harris,14,42.86,46.31,35.71,1.143,8190d885-1fd0-4dad-99d7-2431cc018492
Cameron Brown,14,57.14,54.01,71.43,1.357,c2df5312-12de-4f83-9d1a-3f3c2ab6148f
Adama Bal,14,53.57,49.77,42.86,1.250,3559f9a3-9132-409e-a701-a4c5757cb325
Colby Jones,14,42.86,51.63,57.14,1.000,80ea0675-30db-4ebf-b37f-eb50552e8d0e
Lacey James,13,53.85,45.32,84.62,1.615,04c6579b-6a42-4b88-944b-6cc896241e84
Jason Preston,13,84.62,51.61,38.46,1.846,b609ade3-6177-4d12-8f4d-e717beb97f97
Pierre Crockrell II,13,61.54,64.20,30.77,1.231,1a254905-e1db-43b8-9f5c-b1bf4e663150
Bobi Klintman,13,69.23,68.14,30.77,1.615,61c18542-cf37-49c7-b486-337bb809d326
Sy Chatman,13,30.77,57.47,84.62,1.583,ea9cdbe0-fa96-437f-99d0-f1c67185f3e7
Teddy Allen,13,53.85,64.03,38.46,1.231,03318058-7f1e-4d54-a8b4-cbaf7e836a78
Rasheer Fleming,13,69.23,50.45,69.23,1.692,4639f41a-c88b-4cf0-91c2-c36d9d4c1e5c
Nikola Topic,13,50.00,46.97,76.92,1.308,deb86c8a-aaa2-472e-a66d-a1cbace2c797
GG Jackson,13,76.92,58.11,53.85,1.917,de22ebf7-4f76-48b4-805b-b5f87858922f
Trentyn Flowers,13,80.77,43.42,61.54,1.846,c917a1b8-8537-4dbe-91bb-c8e376d71ee4
JD Davison,13,46.15,55.27,61.54,1.308,833b573b-1366-463c-92ea-56e7718c0dc6
Stephen Mitchell,13,73.08,69.80,46.15,1.538,1d1c157c-d6cd-492c-8ac1-aca3b6d6c04f
Dawson Garcia,12,58.33,50.51,41.67,1.500,4aa2ea37-df6a-43f3-9838-5bb4d2e13186
Damari Monsanto,12,75.00,53.40,33.33,1.667,63a42b38-d8f6-4214-aa03-cb4263b02a9a
Jamir Watkins,12,91.67,57.47,50.00,2.083,84ba6ce6-9c37-4225-8f84-14a5cbacea65
Yanic Konan Niederhauser,12,66.67,53.28,41.67,1.417,c4c0b9a3-5f7e-4611-977b-e0d73c08a29c
Riley Grigsby,12,87.50,65.78,41.67,1.750,5b7fafbf-2163-4b93-a29d-fc83e9946914
Derrin Boyd,11,45.45,47.76,81.82,0.909,6dfc6fb5-d921-403b-b590-c1c4c3e900a9
Joan Beringer,11,27.27,46.94,81.82,0.727,325d465a-ead8-4773-875c-a3fd83d18f23
Rahsool Diggins,11,86.36,60.46,45.45,1.909,6404e275-f55f-42e5-8d36-cddd1661c335
Ricky Council IV,11,90.91,66.11,36.36,2.091,9027d4b5-4d3d-4ee2-98cd-3d105aa7044b
Reynan dos Santos,11,13.64,45.43,63.64,0.727,e3cdc093-14ad-4686-ade9-7fc70c5a5a88
Vernon Carey Jr.,11,81.82,46.75,63.64,1.636,9dc84f16-116c-451e-a191-b54f210fecbe
Jordan Bell,11,54.55,58.03,45.45,1.273,07a35d50-2dd1-4476-a9ac-b6e7154ce069
Chaz Lanier,11,50.00,63.20,27.27,1.500,3ff2c55c-8857-4cde-85eb-a42b87da7dcd
Jahlil White,10,60.00,66.68,50.00,1.333,e21b31ea-a8e5-41ad-89b1-72a56bdf59e1
JaQuori McLaughlin,10,65.00,58.17,50.00,1.300,a05930e9-6846-4c42-b5d6-f859b92d97fd
Zach Hicks,10,45.00,49.71,60.00,1.000,8e62f792-31da-4509-a4a8-d0bd4144b94a
Terry Taylor,10,50.00,60.08,70.00,1.300,0852ab90-243b-4951-bfb0-c536f151cba5
Kasparas Jakucionis,10,65.00,68.39,40.00,1.500,f4881a74-343b-4005-b701-3f53c512aba6
Maxime Raynaud,10,50.00,51.73,70.00,1.444,31a1e47b-7784-4021-b7f2-31e4ef972892
Pedro Bradshaw,10,30.00,42.28,80.00,0.900,881e8c41-f4cb-44fa-9caa-782d1e294daf
Ethan Taylor,9,77.78,56.60,66.67,1.889,b4569bbc-b31d-4504-a59a-fe40691d1d00
Isaiah Hawthorne,9,94.44,65.91,55.56,1.889,e186218b-ea58-4542-af85-ac121949c255
Devin Carter,9,61.11,53.40,55.56,1.222,8a8e683b-3939-4208-b55c-bc9cefe13a54
Taylor Hendricks,9,88.89,46.75,77.78,1.889,91ee33ca-2f8a-421c-8a4d-b0f98d5bc54c
Alex Schumacher,9,61.11,55.68,55.56,1.667,74b58589-0ca1-4a71-ac83-93c57a2e8b83
Adem Bona,9,77.78,57.42,44.44,1.556,df125bae-eba5-488c-b948-9767e7090d40
Vance Jackson,9,88.89,63.22,33.33,2.000,2a70adf2-b7a5-4028-b567-a3b18585a709
Cam Young,9,72.22,47.83,66.67,1.444,f61521e8-e7f3-4526-a0fa-efedc3c820ca
Michael O'Connell,9,61.11,52.73,44.44,1.556,e4133038-cf2f-4227-a6d5-566eb968a245
Branden Carlson,8,37.50,50.98,75.00,0.750,c401774b-397d-4c15-93a0-592eb4752dac
Jazian Gortman,8,81.25,61.34,62.50,2.143,dd6ea48a-5adc-4411-bead-f2cf2861a9ce
Ariel Hukporti,8,62.50,58.92,75.00,1.714,91a10e2e-9784-440d-b0a4-83a8db044c1d
Philip Alston,8,12.50,51.05,100.00,1.125,f05622f9-9133-4b26-8fce-07c056dbcf6c
Leonard Miller,8,87.50,64.09,37.50,2.000,0eaefaeb-b40c-4fc7-9086-902dc1ab2254
Tommy Bruner,8,87.50,52.29,62.50,1.750,9819211d-c92e-4802-8be4-018f1efe7932
Cameron Martin,7,42.86,52.67,57.14,0.857,99e062a8-b28c-47b0-9682-92a5d2461cd1
N'Faly Dante,7,35.71,49.82,42.86,0.714,d6eaf02a-27a0-4e40-8641-632e8d39f965
Aminu Mohammed,7,57.14,45.11,28.57,1.429,6abaacf2-5a3c-4c72-b19c-2a645dd84022
Vinicius Da Silva,7,57.14,63.92,42.86,1.143,63049d09-0880-48ee-af08-c8f25b874237
Markelle Fultz,7,64.29,46.16,42.86,2.000,1114f266-df53-4313-b425-0021dd87864b
Trae Hannibal,7,57.14,56.69,28.57,1.429,636fef85-a117-4abd-96b9-a45df0f16b53
Lance Terry,7,57.14,49.18,28.57,1.429,2c5a45b8-029d-4556-9186-221becde7ae7
CJ Fulton,7,35.71,44.64,28.57,0.714,e2d1008a-5cc8-4a4d-9f54-0bacfbd083be
Jackson Rowe,6,58.33,38.11,66.67,2.167,87777cd1-2099-4edd-8256-f29343fa0fd4
T.J. Warren,6,66.67,61.91,16.67,1.333,ff401666-89ef-11e6-b554-a45e60e298d3
Carter Bryant,6,66.67,46.49,50.00,1.333,18dc7187-8fc5-47bf-9779-e7a7694c498c
Garrett Denbow,6,50.00,48.44,50.00,1.167,13631116-cd60-4bc0-9a41-6fed5d44b41c
Tyler Kolek,6,66.67,43.99,83.33,1.333,40faa5df-7ced-449d-bd12-300a2938370a
Justin Edwards,6,50.00,51.11,33.33,1.000,c2b8cc6a-c87c-4dc5-bfea-c4630c2b6f3e
Dalton Knecht,6,108.33,76.51,16.67,2.167,b8da7ce7-11b7-4a94-acd4-f309bf4b6333
Tyrese Hunter,6,100.00,59.78,50.00,2.000,4f89702e-6e19-48ef-9be1-8da8a0837a2f
Cody Williams,6,66.67,50.37,83.33,1.333,8b49e58d-df58-4e21-b984-2bda3ce246e6
Antoine Davis,6,75.00,50.83,66.67,1.833,cc05d44b-5260-48a3-b9b6-61ce282a67c0
Kam Jones,6,16.67,47.40,83.33,0.333,93ff04cb-5390-4709-a521-c7ce58713f31
Omar El-Sheikh,5,70.00,55.20,60.00,1.400,bdfadf82-2b4c-44e8-ae46-a6e3c9957744
Kobe Brown,5,50.00,49.56,40.00,1.000,751e59b1-45ae-45f0-bc03-01f6c87520a5
Elijah Cain,5,40.00,59.44,0.00,0.800,2ce0583b-9426-44be-820b-de29934964ee
Kaden Anderson,5,60.00,63.30,40.00,1.800,d3403310-4ad2-4ea2-9072-623f9adefc8d
Dakota Mathias,5,60.00,68.85,20.00,1.600,9f1f34c6-66d2-4093-9328-d2fffffb97d5
Jaykwon Walton,5,110.00,56.43,40.00,2.200,59731b4a-481f-4699-a3fe-f39676cc079b
Ace Baldwin,5,70.00,69.04,60.00,1.400,6ab19369-4aa1-4aa6-8274-b595ac8902be
Kalil Thomas,5,60.00,60.41,60.00,1.400,1e30df52-91e3-4394-8265-d813a892b8c7
Jack Gohlke,4,112.50,59.52,50.00,2.250,20e6b7dc-2172-4ce5-a2c7-f61c3c89d703
Josh Minott,4,75.00,62.44,75.00,1.500,3dafdc09-40d9-4934-b9c9-8be3bd3eb90a
Jamaree Bouyea,4,75.00,70.36,0.00,1.500,e35aa016-05af-4a0b-92b3-b0d987d11892
Jean-Jacques Boissy,4,25.00,48.08,100.00,1.750,3cd15c37-c35d-4061-82f8-728bfefd34c9
Javon Freeman-Liberty,4,25.00,68.03,50.00,1.250,a28cdf29-f659-4646-b964-87ec3c295ae4
Esteban Ezequiel Roacho Amador,4,25.00,35.40,75.00,0.500,2d23e4fc-8b5f-4131-af0f-83b0ae3a2c69
Kellen Tynes,4,100.00,64.21,50.00,2.750,83a05254-611e-4587-a927-613bde48b6ba
Caleb Love,4,75.00,61.96,25.00,2.000,163d0a85-fc13-4c76-8e98-93aae28417d2
Omer Yurtseven,4,62.50,54.90,75.00,1.500,6811ad75-3527-4bfc-b0bc-8fd46ec62535
Nathan Missia-Dio,4,75.00,59.08,100.00,2.250,ef69e667-2cb2-4590-bb9e-561480e2abeb
Tylor Perry,4,62.50,49.64,75.00,1.750,0b9ca9bc-f567-4768-9cc5-5e42d6fc8dce
Geronimo Rubio De La Rosa,4,100.00,53.43,50.00,2.000,5bc79052-06fe-4165-bc0d-7121fc331302
Craig Randall II,4,50.00,58.06,75.00,1.000,57c94d1b-101e-4b0a-afc5-d9716233e92d
Mohamed Diawara,3,100.00,54.98,33.33,2.000,cb172f69-5e77-4552-a43b-b2993cb7f689
Cameron Smith,3,0.00,49.95,0.00,0.667,bd762247-fb20-496c-af57-0abcde142d02
Javon Small,3,50.00,51.96,100.00,1.000,6b98a36d-b1bc-4b68-bd5b-0671580d44c4
Jamison Battle,3,33.33,44.48,33.33,2.000,74f1f473-4fc6-4175-bf32-f1f99de73ef8
Noah Penda,3,83.33,57.24,100.00,1.667,8257785f-b06f-4feb-a7c3-c58c4fbf99d7
Dalen Terry,3,83.33,71.86,66.67,2.333,8fc64d15-1d47-47e1-bb04-d03f75dccc5a
Alejandro Vasquez,3,116.67,61.34,33.33,2.667,146e6f60-9f61-4669-902f-1f985d239c46
Emoni Bates,3,83.33,74.89,33.33,1.667,9f1d3f5e-1bf4-4a41-81f4-516081353643
Quenton Jackson,3,0.00,55.89,33.33,0.000,2916816a-1e08-43ef-953d-a81bfe3503ee
Eric Ayala,3,100.00,51.73,33.33,2.000,0ed3aa02-c44c-4b25-a16c-d448d88b92ea
Marcus Bagley,3,83.33,45.47,66.67,1.667,a39bf7f9-11fd-434e-9673-4a184061ad7d
Jermaine Couisnard,2,75.00,56.07,50.00,1.500,395250e2-3fc7-41ec-b3e5-be2b920a6458
Ileri Ayo-Faleye,2,50.00,62.19,50.00,1.000,8419ad0c-1d1b-41ad-a04b-4d8bd3aff0a0
Walter Clayton Jr.,2,100.00,94.75,0.00,2.000,ae81ff91-c142-4a68-b826-4ae75af6a94f
Chandler Baker,2,125.00,68.33,50.00,2.500,db071247-1883-4852-b647-0b794ee7cdee
Devon Higgs,2,50.00,41.46,100.00,1.000,72b7a0bc-f1b6-4996-89e8-8c6535bd71c0
Cam Reddish,2,125.00,58.68,0.00,2.500,5cef3c95-c7c7-4206-b70c-41f647f9498b
Jamal Mashburn, Jr.,2,50.00,76.20,0.00,2.000,e2dcfe4a-9e16-4ab8-8eee-e15ca0db6eb5
Cameron Tyson,2,50.00,75.36,0.00,2.000,18ede5d3-f2de-4f9f-a9c3-ffe37ac43566
Onno Steger,2,75.00,61.80,0.00,1.500,f033b782-7e16-4a10-b000-aff290ea4400
Marquis Barnett,2,0.00,46.27,50.00,0.000,7edec21a-68b6-453a-b51f-2e3827a52d7d
Robert Woodard II,2,0.00,52.01,100.00,0.000,9bedc1b4-449c-42cb-b9a2-9b0cd3596329
Malaki Branham,2,100.00,60.92,50.00,2.000,13030bd6-e3d6-4e2a-9685-88300bc4ec5f
Ryan Nembhard,2,0.00,53.20,50.00,0.000,f43050bf-10e7-4919-95a0-272b4c616687
Christian Koloko,2,0.00,41.06,100.00,0.000,efbab460-ac97-49e1-aa9f-6e7da27ab2df
Alex Toohey,2,50.00,68.52,100.00,2.000,ac601971-3fa2-4aff-940d-0f5fa3745d0c
Blaise Threatt,2,125.00,43.56,50.00,2.500,7bf581f6-845d-4d34-9460-f09f129eb841
Ray Spalding,2,100.00,90.01,0.00,2.000,ef25a4fc-8a16-4dd9-a1fa-e236cd842a32
Ray Williams, Jr.,2,125.00,70.92,50.00,2.500,5b0bdabe-6c41-4fef-bcc7-518987c7451a
Jared McCain,2,50.00,40.76,50.00,1.000,eb79ea6c-b337-448d-ac33-7e92219822ef
Mason Madsen,2,75.00,54.21,100.00,1.500,d745163f-0ba1-4894-9467-cb7553e99081
Caleb Stone-Carrawell,2,0.00,55.49,50.00,0.000,c0ac23b6-44cc-4fe7-8a81-560c7fc1003d
Joey Calcaterra,2,0.00,50.07,100.00,0.000,f07958e4-943d-41bd-add3-e75692af9566
Nique Clifford,2,150.00,54.67,50.00,3.000,329049aa-89c8-439b-a0c3-dc93d3609931
Cam Christie,1,0.00,48.18,100.00,0.000,8a68ba44-d87b-41c9-94f3-c94e88cb37a0
Trayce Jackson-Davis,1,150.00,44.61,100.00,3.000,1991b894-8a5e-4744-a72d-9bd7cb7663c3
Josh Cohen,1,100.00,42.87,100.00,2.000,e74d5547-334a-49c7-b5e5-a33913f3596c
Jace Carter,1,0.00,53.48,0.00,0.000,d6029d99-f377-4558-8061-e383e37d162d
Jaire Grayer,1,100.00,63.52,0.00,2.000,c641880b-c90c-465e-8564-f6a741fae84b
Cheikh Mbacke Diong,1,150.00,57.03,0.00,4.000,7efefdc5-c8ee-4221-ac12-a35549517aa2
Keylan Boone,1,0.00,55.37,100.00,0.000,57039dfd-7492-49c5-b3c3-30c8422fda2d
JP Pegues,1,0.00,59.63,0.00,0.000,dbabc9d0-e8c8-4399-92a9-047c7ffb580f
Feron Hunt,1,0.00,63.35,0.00,0.000,5210db69-14a3-4c9b-ad2a-62c349f4ac65
James Reese,1,0.00,49.76,0.00,0.000,26f760b4-f286-403c-ae5b-8c4a2f2810ff
Jamiya Neal,1,100.00,87.39,100.00,2.000,bd101cdc-8e04-424a-8c61-034c93ff6be7
Rayan Rupert,1,0.00,36.72,100.00,0.000,f99ade9a-ec49-4d41-b7f8-7e1b16c9ed79
Nathan Mariano,1,100.00,66.99,100.00,2.000,6e090c81-2a42-43d1-9e4e-bd5a04f09b10
Elijah Pemberton,1,0.00,40.16,100.00,0.000,0fd95fbb-b175-40e4-a6c7-4864b5678d6f
Parker Van Dyke,1,100.00,70.83,100.00,2.000,b25395ca-26fc-4977-bf67-3b99e73e1048
Trevon Duval,1,0.00,30.36,100.00,2.000,94ca1f88-1f26-4d28-aeba-c686a5dde5e2